K_cap,sigma,NMI_max,NMI_min,NMI_avg,NMI_med,,,,,,,,,,,
140,3,0.636022500893,0.636022500893,0.636022500893,0.636022500893,,,,,,,,,,,
140,3,0.636022500893,0.636022500893,0.636022500893,0.636022500893,,,,,,,,,,,
150,3,0.635924830814,0.635924830814,0.635924830814,0.635924830814,,,,,,,,,,,
150,3,0.635924830814,0.635924830814,0.635924830814,0.635924830814,,,,,,,,,,,
160,1.5,0.635426684035,0.635426684035,0.635426684035,0.635426684035,,,,,,,,,,,
160,1.5,0.635426684035,0.634011811567,0.635143709541,0.635426684035,,,,,,,,,,,
120,2.5,0.633758239454,0.633758239454,0.633758239454,0.633758239454,,,,,,,,,,,/
120,2.5,0.632785850019,0.632231611376,0.632342459105,0.632231611376,,,,,,,,,,,
600,1.5,0.632268859116,0.631785173962,0.631881910992,0.631785173962,,,,,,,,,,,
600,1.5,0.631785173962,0.631785173962,0.631785173962,0.631785173962,,,,,,,,,,,
160,3,0.631295386074,0.630056244133,0.631047557686,0.631295386074,,,,,,,,,,,
130,3,0.631127426493,0.631127426493,0.631127426493,0.631127426493,,,,,,,,,,,
130,3,0.631127426493,0.631127426493,0.631127426493,0.631127426493,,,,,,,,,,,
160,3,0.629433973753,0.629433973753,0.629433973753,0.629433973753,,,,,,,,,,,
150,1.5,0.629303435307,0.629303435307,0.629303435307,0.629303435307,,,,,,,,,,,
560,1.5,0.629293370558,0.628559126779,0.629146521802,0.629293370558,,,,,,,,,,,
360,1.5,0.628758290372,0.628519354058,0.628710503109,0.628758290372,,,,,,,,,,,
150,1.5,0.628722342367,0.628722342367,0.628722342367,0.628722342367,,,,,,,,,,,
140,3.5,0.628686958182,0.628447886112,0.628639143768,0.628686958182,,,,,,,,,,,
140,3.5,0.628447886112,0.628447886112,0.628447886112,0.628447886112,,,,,,,,,,,
560,1.5,0.629669718024,0.628395442606,0.62865029769,0.628395442606,,,,,,,,,,,
360,1.5,0.628519354058,0.628325973559,0.628364649658,0.628325973559,,,,,,,,,,,
600,1.1,0.628587929942,0.628173492404,0.628256379912,0.628173492404,,,,,,,,,,,
600,1.1,0.628173492404,0.628173492404,0.628173492404,0.628173492404,,,,,,,,,,,
600,1.1,0.628173492404,0.62789035329,0.628116864581,0.628173492404,,,,,,,,,,,
160,3.5,0.628018667774,0.628018667774,0.628018667774,0.628018667774,,,,,,,,,,,
160,3.5,0.628018667774,0.628018667774,0.628018667774,0.628018667774,,,,,,,,,,,
520,1.5,0.62752089687,0.627291603161,0.627475038128,0.62752089687,,,,,,,,,,,
520,1.5,0.626924755255,0.626924755255,0.626924755255,0.626924755255,,,,,,,,,,,
380,1.5,0.625680132401,0.623957249721,0.625335555865,0.625680132401,,,,,,,,,,,
140,4,0.625501174674,0.625501174674,0.625501174674,0.625501174674,,,,,,,,,,,
140,4,0.625501174674,0.625501174674,0.625501174674,0.625501174674,,,,,,,,,,,
500,1.1,0.625423647172,0.624458969778,0.625230711693,0.625423647172,,,,,,,,,,,
500,1.1,0.625423647172,0.625423647172,0.625423647172,0.625423647172,,,,,,,,,,,
120,3,0.624873955895,0.624873955895,0.624873955895,0.624873955895,,,,,,,,,,,
120,3,0.624873955895,0.624873955895,0.624873955895,0.624873955895,,,,,,,,,,,
500,1.5,0.624839064429,0.624839064429,0.624839064429,0.624839064429,,,,,,,,,,,
500,1.5,0.624839064429,0.624434734548,0.624758198453,0.624839064429,,,,,,,,,,,
500,1.1,0.624458969778,0.624458969778,0.624458969778,0.624458969778,,,,,,,,,,,
520,1.1,0.624023309284,0.624023309284,0.624023309284,0.624023309284,,,,,,,,,,,
380,1.5,0.623885623548,0.623639289898,0.623836356818,0.623885623548,,,,,,,,,,,
400,1.1,0.62377318584,0.621884323619,0.623395413396,0.62377318584,,,,,,,,,,,
400,1.1,0.62377318584,0.622987763864,0.623616101445,0.62377318584,,,,,,,,,,,
520,1.1,0.624023309284,0.623450838309,0.623565332504,0.623450838309,,,,,,,,,,,
520,1.1,0.623450838309,0.623450838309,0.623450838309,0.623450838309,,,,,,,,,,,
560,1.1,0.623395628165,0.62192861319,0.62310222517,0.623395628165,,,,,,,,,,,
120,3.5,0.623272656141,0.623272656141,0.623272656141,0.623272656141,,,,,,,,,,,
120,3.5,0.623272656141,0.623272656141,0.623272656141,0.623272656141,,,,,,,,,,,
440,1.5,0.623188542737,0.623188542737,0.623188542737,0.623188542737,,,,,,,,,,,
440,1.5,0.622993797738,0.622993797738,0.622993797738,0.622993797738,,,,,,,,,,,
200,2,0.622838615072,0.620192709891,0.622309434036,0.622838615072,,,,,,,,,,,
480,1.5,0.623927479895,0.622752419358,0.622987431465,0.622752419358,,,,,,,,,,,
150,3.5,0.62307750098,0.62264446801,0.622731074604,0.62264446801,,,,,,,,,,,
110,3,0.62250849385,0.62250849385,0.62250849385,0.62250849385,,,,,,,,,,,
110,3,0.62250849385,0.62250849385,0.62250849385,0.62250849385,,,,,,,,,,,
440,1.1,0.622391386876,0.620048229226,0.621922755346,0.622391386876,,,,,,,,,,,
150,3.5,0.62264446801,0.622261309227,0.622337940984,0.622261309227,,,,,,,,,,,
440,1.1,0.623484920352,0.622116363577,0.622390074932,0.622116363577,,,,,,,,,,,
480,1.5,0.623927479895,0.622080156263,0.622449620989,0.622080156263,,,,,,,,,,,
360,1.1,0.621957325553,0.621957325553,0.621957325553,0.621957325553,,,,,,,,,,,
360,1.1,0.621957325553,0.621957325553,0.621957325553,0.621957325553,,,,,,,,,,,
560,1.1,0.62192861319,0.62192861319,0.62192861319,0.62192861319,,,,,,,,,,,
560,1.1,0.62192861319,0.62192861319,0.62192861319,0.62192861319,,,,,,,,,,,
110,2.5,0.621790625651,0.621790625651,0.621790625651,0.621790625651,,,,,,,,,,,
110,2.5,0.621790625651,0.621790625651,0.621790625651,0.621790625651,,,,,,,,,,,
200,2,0.623106091801,0.621719037467,0.621996448334,0.621719037467,,,,,,,,,,,
480,1.1,0.622159093975,0.621577688181,0.62169396934,0.621577688181,,,,,,,,,,,
480,1.1,0.621577688181,0.621577688181,0.621577688181,0.621577688181,,,,,,,,,,,
480,1.1,0.621577688181,0.621577688181,0.621577688181,0.621577688181,,,,,,,,,,,
130,3.5,0.621557842555,0.620274202044,0.621301114453,0.621557842555,,,,,,,,,,,
400,1.1,0.622293883179,0.621516713738,0.621672147626,0.621516713738,,,,,,,,,,,
100,3,0.62117905169,0.62117905169,0.62117905169,0.62117905169,,,,,,,,,,,
100,3,0.62117905169,0.62117905169,0.62117905169,0.62117905169,,,,,,,,,,,
140,1.5,0.620974064585,0.620974064585,0.620974064585,0.620974064585,,,,,,,,,,,
140,1.5,0.620974064585,0.620974064585,0.620974064585,0.620974064585,,,,,,,,,,,
100,2.5,0.620936793325,0.620936793325,0.620936793325,0.620936793325,,,,,,,,,,,
100,2.5,0.620936793325,0.620273393205,0.620804113301,0.620936793325,,,,,,,,,,,
340,1.1,0.620928740452,0.619663339991,0.62067566036,0.620928740452,,,,,,,,,,,
340,1.1,0.620736031676,0.620041634559,0.620597152253,0.620736031676,,,,,,,,,,,
400,1.5,0.621815039839,0.620732267328,0.620948821831,0.620732267328,,,,,,,,,,,
400,1.5,0.620732267328,0.620732267328,0.620732267328,0.620732267328,,,,,,,,,,,
130,3.5,0.620274202044,0.620274202044,0.620274202044,0.620274202044,,,,,,,,,,,
340,1.1,0.619663339991,0.619626647771,0.619656001547,0.619663339991,,,,,,,,,,,
120,4,0.619603632384,0.619603632384,0.619603632384,0.619603632384,,,,,,,,,,,
120,4,0.619603632384,0.619603632384,0.619603632384,0.619603632384,,,,,,,,,,,
300,1.1,0.618974767754,0.618166772918,0.618813168787,0.618974767754,,,,,,,,,,,
160,1.1,0.618729800003,0.617957573979,0.618575354798,0.618729800003,,,,,,,,,,,
160,1.1,0.618729800003,0.618729800003,0.618729800003,0.618729800003,,,,,,,,,,,
380,1.1,0.618652486695,0.618185349155,0.618559059187,0.618652486695,,,,,,,,,,,
380,1.1,0.618652486695,0.618652486695,0.618652486695,0.618652486695,,,,,,,,,,,
140,4.2,0.618961984742,0.618468894625,0.618567512649,0.618468894625,,,,,,,,,,,
300,1.1,0.618193303787,0.61753238353,0.618061119736,0.618193303787,,,,,,,,,,,
150,1.1,0.618156213837,0.618156213837,0.618156213837,0.618156213837,,,,,,,,,,,
150,1.1,0.618156213837,0.618156213837,0.618156213837,0.618156213837,,,,,,,,,,,
140,4.4,0.61802249141,0.617339203397,0.617885833807,0.61802249141,,,,,,,,,,,
160,1.1,0.617957573979,0.616937855258,0.617753630235,0.617957573979,,,,,,,,,,,
380,1.1,0.618652486695,0.617849500201,0.6180100975,0.617849500201,,,,,,,,,,,
150,1.1,0.618156213837,0.617702870445,0.617793539123,0.617702870445,,,,,,,,,,,
250,2,0.617626575278,0.617626575278,0.617626575278,0.617626575278,,,,,,,,,,,
250,2,0.617626575278,0.617626575278,0.617626575278,0.617626575278,,,,,,,,,,,
140,4.5,0.617531414479,0.617531414479,0.617531414479,0.617531414479,,,,,,,,,,,
180,3,0.61753071674,0.617504912653,0.61751007347,0.617504912653,,,,,,,,,,,
100,2,0.61749127482,0.61749127482,0.61749127482,0.61749127482,,,,,,,,,,,
100,2,0.61749127482,0.61749127482,0.61749127482,0.61749127482,,,,,,,,,,,
160,4,0.617218149288,0.617218149288,0.617218149288,0.617218149288,,,,,,,,,,,
160,4,0.617218149288,0.617218149288,0.617218149288,0.617218149288,,,,,,,,,,,
180,3,0.61753071674,0.616931466681,0.617051316693,0.616931466681,,,,,,,,,,,
130,4,0.616886781608,0.616886781608,0.616886781608,0.616886781608,,,,,,,,,,,
130,4,0.616886781608,0.616886781608,0.616886781608,0.616886781608,,,,,,,,,,,
110,3.5,0.616746165832,0.616746165832,0.616746165832,0.616746165832,,,,,,,,,,,
110,3.5,0.616746165832,0.616746165832,0.616746165832,0.616746165832,,,,,,,,,,,
130,1.1,0.616684915963,0.616684915963,0.616684915963,0.616684915963,,,,,,,,,,,
130,1.1,0.616684915963,0.616684915963,0.616684915963,0.616684915963,,,,,,,,,,,
130,1.1,0.616684915963,0.616684915963,0.616684915963,0.616684915963,,,,,,,,,,,
250,1.5,0.616655087335,0.615970445012,0.61651815887,0.616655087335,,,,,,,,,,,
250,1.5,0.616655087335,0.615970445012,0.61651815887,0.616655087335,,,,,,,,,,,
140,1.1,0.616592725948,0.615582525139,0.616390685786,0.616592725948,,,,,,,,,,,
130,1.5,0.616416307491,0.616416307491,0.616416307491,0.616416307491,,,,,,,,,,,
130,1.5,0.616416307491,0.616416307491,0.616416307491,0.616416307491,,,,,,,,,,,
90,2.5,0.61602674605,0.615738763046,0.615969149449,0.61602674605,,,,,,,,,,,
90,3,0.615859881884,0.615859881884,0.615859881884,0.615859881884,,,,,,,,,,,
90,3,0.615859881884,0.615859881884,0.615859881884,0.615859881884,,,,,,,,,,,
110,4.2,0.615657525776,0.615657525776,0.615657525776,0.615657525776,,,,,,,,,,,
140,1.1,0.616963527091,0.615582525139,0.615858725529,0.615582525139,,,,,,,,,,,
140,1.1,0.615582525139,0.615582525139,0.615582525139,0.615582525139,,,,,,,,,,,
150,4,0.615573828124,0.615573828124,0.615573828124,0.615573828124,,,,,,,,,,,
150,4,0.615573828124,0.615573828124,0.615573828124,0.615573828124,,,,,,,,,,,
110,4,0.615537834023,0.615537834023,0.615537834023,0.615537834023,,,,,,,,,,,
140,4.6,0.615515762167,0.615515762167,0.615515762167,0.615515762167,,,,,,,,,,,
90,2,0.615418295879,0.615418295879,0.615418295879,0.615418295879,,,,,,,,,,,
90,2,0.615418295879,0.615418295879,0.615418295879,0.615418295879,,,,,,,,,,,
120,1.5,0.615114326575,0.615114326575,0.615114326575,0.615114326575,,,,,,,,,,,
120,1.5,0.615114326575,0.615114326575,0.615114326575,0.615114326575,,,,,,,,,,,
90,2.5,0.615017526241,0.615017526241,0.615017526241,0.615017526241,,,,,,,,,,,
70,2.5,0.614696646148,0.614696646148,0.614696646148,0.614696646148,,,,,,,,,,,
70,2.5,0.614696646148,0.614696646148,0.614696646148,0.614696646148,,,,,,,,,,,
110,4.4,0.61466850814,0.61466850814,0.61466850814,0.61466850814,,,,,,,,,,,
120,4.6,0.614604993767,0.614604993767,0.614604993767,0.614604993767,,,,,,,,,,,
70,3,0.614491529259,0.614491529259,0.614491529259,0.614491529259,,,,,,,,,,,
70,3,0.614491529259,0.614491529259,0.614491529259,0.614491529259,,,,,,,,,,,
140,4.7,0.614418404437,0.614418404437,0.614418404437,0.614418404437,,,,,,,,,,,
120,4.4,0.614400832726,0.614400832726,0.614400832726,0.614400832726,,,,,,,,,,,
120,4.5,0.614400832726,0.614400832726,0.614400832726,0.614400832726,,,,,,,,,,,
120,1.1,0.613803485464,0.613803485464,0.613803485464,0.613803485464,,,,,,,,,,,
120,1.1,0.613803485464,0.613803485464,0.613803485464,0.613803485464,,,,,,,,,,,
300,1.1,0.617505899376,0.613777649838,0.614523299746,0.613777649838,,,,,,,,,,,
100,4,0.613718838065,0.613718838065,0.613718838065,0.613718838065,,,,,,,,,,,
100,4,0.613718838065,0.613718838065,0.613718838065,0.613718838065,,,,,,,,,,,
130,4.2,0.613368624371,0.613368624371,0.613368624371,0.613368624371,,,,,,,,,,,
100,3.5,0.613290687606,0.613290687606,0.613290687606,0.613290687606,,,,,,,,,,,
100,3.5,0.613290687606,0.613290687606,0.613290687606,0.613290687606,,,,,,,,,,,
110,4.5,0.61325933843,0.61325933843,0.61325933843,0.61325933843,,,,,,,,,,,
120,4.8,0.613228182414,0.613228182414,0.613228182414,0.613228182414,,,,,,,,,,,
140,4.8,0.613203773194,0.613203773194,0.613203773194,0.613203773194,,,,,,,,,,,
140,4.9,0.613202677929,0.613202677929,0.613202677929,0.613202677929,,,,,,,,,,,
110,4.7,0.613173489808,0.613173489808,0.613173489808,0.613173489808,,,,,,,,,,,
120,4.7,0.613141913543,0.613141913543,0.613141913543,0.613141913543,,,,,,,,,,,
110,4.6,0.613060294585,0.613060294585,0.613060294585,0.613060294585,,,,,,,,,,,
90,3.5,0.612968273673,0.611655203147,0.612705659568,0.612968273673,,,,,,,,,,,
70,4.4,0.612671443114,0.612671443114,0.612671443114,0.612671443114,,,,,,,,,,,
100,4.2,0.612607813415,0.612607813415,0.612607813415,0.612607813415,,,,,,,,,,,
150,4.2,0.612459310435,0.612459310435,0.612459310435,0.612459310435,,,,,,,,,,,
110,5.5,0.61240343186,0.61240343186,0.61240343186,0.61240343186,,,,,,,,,,,
110,4.8,0.612336145498,0.612336145498,0.612336145498,0.612336145498,,,,,,,,,,,
120,5,0.61224199571,0.61224199571,0.61224199571,0.61224199571,,,,,,,,,,,
110,5.6,0.612204830693,0.612204830693,0.612204830693,0.612204830693,,,,,,,,,,,
110,5.7,0.612204830693,0.612204830693,0.612204830693,0.612204830693,,,,,,,,,,,
110,5.9,0.612204830693,0.612204830693,0.612204830693,0.612204830693,,,,,,,,,,,
110,5.4,0.612640228105,0.612181249731,0.612273045406,0.612181249731,,,,,,,,,,,
110,5,0.612181249731,0.612181249731,0.612181249731,0.612181249731,,,,,,,,,,,
110,5.1,0.612181249731,0.612181249731,0.612181249731,0.612181249731,,,,,,,,,,,
110,5.2,0.612181249731,0.612181249731,0.612181249731,0.612181249731,,,,,,,,,,,
110,5.3,0.612181249731,0.612181249731,0.612181249731,0.612181249731,,,,,,,,,,,
120,4.9,0.612035571628,0.612035571628,0.612035571628,0.612035571628,,,,,,,,,,,
200,1.5,0.611960875112,0.611430830995,0.611854866288,0.611960875112,,,,,,,,,,,
130,4.4,0.611834171641,0.611834171641,0.611834171641,0.611834171641,,,,,,,,,,,
130,4.5,0.611834171641,0.611834171641,0.611834171641,0.611834171641,,,,,,,,,,,
200,1.1,0.611625422124,0.611625422124,0.611625422124,0.611625422124,,,,,,,,,,,
200,1.1,0.611625422124,0.611625422124,0.611625422124,0.611625422124,,,,,,,,,,,
140,5,0.612124075597,0.611614035931,0.611716043864,0.611614035931,,,,,,,,,,,
200,1.5,0.611430830995,0.610540268709,0.611252718537,0.611430830995,,,,,,,,,,,
110,1.5,0.611357808096,0.611357808096,0.611357808096,0.611357808096,,,,,,,,,,,
110,1.5,0.611357808096,0.611357808096,0.611357808096,0.611357808096,,,,,,,,,,,
250,1.1,0.611282719364,0.611282719364,0.611282719364,0.611282719364,,,,,,,,,,,
250,1.1,0.611282719364,0.611282719364,0.611282719364,0.611282719364,,,,,,,,,,,
140,5.2,0.611178342143,0.611178342143,0.611178342143,0.611178342143,,,,,,,,,,,
110,4.9,0.611059910196,0.611059910196,0.611059910196,0.611059910196,,,,,,,,,,,
140,5.1,0.611024384942,0.611024384942,0.611024384942,0.611024384942,,,,,,,,,,,
180,1.1,0.61092774927,0.61092774927,0.61092774927,0.61092774927,,,,,,,,,,,
180,1.1,0.61092774927,0.61092774927,0.61092774927,0.61092774927,,,,,,,,,,,
180,1.1,0.61092774927,0.61092774927,0.61092774927,0.61092774927,,,,,,,,,,,
70,4.5,0.610890483322,0.610890483322,0.610890483322,0.610890483322,,,,,,,,,,,
160,4.4,0.610853250515,0.610853250515,0.610853250515,0.610853250515,,,,,,,,,,,
130,4.7,0.610736002628,0.610736002628,0.610736002628,0.610736002628,,,,,,,,,,,
90,4,0.610646542702,0.610646542702,0.610646542702,0.610646542702,,,,,,,,,,,
90,4,0.610646542702,0.610646542702,0.610646542702,0.610646542702,,,,,,,,,,,
130,4.6,0.610517607454,0.610517607454,0.610517607454,0.610517607454,,,,,,,,,,,
90,4.4,0.610417033003,0.610417033003,0.610417033003,0.610417033003,,,,,,,,,,,
180,1.5,0.610392532545,0.610392532545,0.610392532545,0.610392532545,,,,,,,,,,,
180,1.5,0.610392532545,0.610392532545,0.610392532545,0.610392532545,,,,,,,,,,,
340,1.5,0.610264627075,0.608840171341,0.609979735928,0.610264627075,,,,,,,,,,,
140,5.3,0.610064394177,0.610064394177,0.610064394177,0.610064394177,,,,,,,,,,,
140,5.4,0.610064394177,0.610064394177,0.610064394177,0.610064394177,,,,,,,,,,,
140,5.5,0.610064394177,0.610064394177,0.610064394177,0.610064394177,,,,,,,,,,,
300,1.5,0.61001614474,0.607989225808,0.609610760954,0.61001614474,,,,,,,,,,,
300,1.5,0.61001614474,0.609643689415,0.609941653675,0.61001614474,,,,,,,,,,,
90,4.2,0.610009069329,0.610009069329,0.610009069329,0.610009069329,,,,,,,,,,,
100,1.5,0.609941541253,0.609245327385,0.609802298479,0.609941541253,,,,,,,,,,,
160,4.5,0.609931275661,0.60952012288,0.609849045105,0.609931275661,,,,,,,,,,,
150,4.4,0.609868071855,0.609868071855,0.609868071855,0.609868071855,,,,,,,,,,,
150,2,0.609848945155,0.609848945155,0.609848945155,0.609848945155,,,,,,,,,,,
150,2,0.609848945155,0.609848945155,0.609848945155,0.609848945155,,,,,,,,,,,
110,1.1,0.609731563182,0.609731563182,0.609731563182,0.609731563182,,,,,,,,,,,
110,1.1,0.609731563182,0.609731563182,0.609731563182,0.609731563182,,,,,,,,,,,
100,4.8,0.609726717262,0.609726717262,0.609726717262,0.609726717262,,,,,,,,,,,
100,4.9,0.609726717262,0.609726717262,0.609726717262,0.609726717262,,,,,,,,,,,
100,5,0.609726717262,0.609726717262,0.609726717262,0.609726717262,,,,,,,,,,,
70,2,0.609477558554,0.609477558554,0.609477558554,0.609477558554,,,,,,,,,,,
70,2,0.609477558554,0.609477558554,0.609477558554,0.609477558554,,,,,,,,,,,
130,4.8,0.60934990749,0.60934990749,0.60934990749,0.60934990749,,,,,,,,,,,
130,4.9,0.60934990749,0.60934990749,0.60934990749,0.60934990749,,,,,,,,,,,
130,5,0.60934990749,0.60934990749,0.60934990749,0.60934990749,,,,,,,,,,,
130,5.1,0.60934990749,0.60934990749,0.60934990749,0.60934990749,,,,,,,,,,,
90,4.5,0.609346937235,0.609346937235,0.609346937235,0.609346937235,,,,,,,,,,,
90,4.6,0.609346937235,0.609346937235,0.609346937235,0.609346937235,,,,,,,,,,,
90,5.1,0.609346937235,0.609346937235,0.609346937235,0.609346937235,,,,,,,,,,,
140,5.6,0.609305123679,0.609305123679,0.609305123679,0.609305123679,,,,,,,,,,,
140,5.7,0.609305123679,0.609305123679,0.609305123679,0.609305123679,,,,,,,,,,,
100,5.7,0.610266603328,0.609262091276,0.609462993687,0.609262091276,,,,,,,,,,,
100,5.9,0.610266603328,0.609262091276,0.609462993687,0.609262091276,,,,,,,,,,,
100,5.5,0.609262091276,0.609262091276,0.609262091276,0.609262091276,,,,,,,,,,,
100,5.6,0.609262091276,0.609262091276,0.609262091276,0.609262091276,,,,,,,,,,,
100,1.5,0.609245327385,0.609245327385,0.609245327385,0.609245327385,,,,,,,,,,,
100,4.7,0.609144193303,0.609144193303,0.609144193303,0.609144193303,,,,,,,,,,,
110,7,0.609134866202,0.609134866202,0.609134866202,0.609134866202,,,,,,,,,,,
90,1.5,0.609117845648,0.609117845648,0.609117845648,0.609117845648,,,,,,,,,,,
90,1.5,0.609117845648,0.609117845648,0.609117845648,0.609117845648,,,,,,,,,,,
90,4.7,0.609014405516,0.609014405516,0.609014405516,0.609014405516,,,,,,,,,,,
90,4.8,0.609014405516,0.609014405516,0.609014405516,0.609014405516,,,,,,,,,,,
90,4.9,0.609014405516,0.609014405516,0.609014405516,0.609014405516,,,,,,,,,,,
90,5,0.609014405516,0.609014405516,0.609014405516,0.609014405516,,,,,,,,,,,
100,4.5,0.608964989203,0.608964989203,0.608964989203,0.608964989203,,,,,,,,,,,
100,4.6,0.608964989203,0.608964989203,0.608964989203,0.608964989203,,,,,,,,,,,
100,5.1,0.609659973956,0.608855052538,0.609016036821,0.608855052538,,,,,,,,,,,
100,5.2,0.608855052538,0.608855052538,0.608855052538,0.608855052538,,,,,,,,,,,
100,5.3,0.608855052538,0.608855052538,0.608855052538,0.608855052538,,,,,,,,,,,
100,5.4,0.608855052538,0.608855052538,0.608855052538,0.608855052538,,,,,,,,,,,
100,4.4,0.608752975938,0.608752975938,0.608752975938,0.608752975938,,,,,,,,,,,
150,4.6,0.608628663552,0.608215798733,0.608546090588,0.608628663552,,,,,,,,,,,
90,5.2,0.608540494685,0.608540494685,0.608540494685,0.608540494685,,,,,,,,,,,
180,3.5,0.608518243409,0.608518243409,0.608518243409,0.608518243409,,,,,,,,,,,
180,3.5,0.608518243409,0.608518243409,0.608518243409,0.608518243409,,,,,,,,,,,
120,5.4,0.608353616349,0.608353616349,0.608353616349,0.608353616349,,,,,,,,,,,
150,4.5,0.608271733747,0.608271733747,0.608271733747,0.608271733747,,,,,,,,,,,
100,7,0.608245982741,0.608245982741,0.608245982741,0.608245982741,,,,,,,,,,,
180,2,0.60823766631,0.607721263187,0.608134385685,0.60823766631,,,,,,,,,,,
90,5.3,0.608208290297,0.608208290297,0.608208290297,0.608208290297,,,,,,,,,,,
90,5.4,0.608208290297,0.608208290297,0.608208290297,0.608208290297,,,,,,,,,,,
90,5.5,0.608208290297,0.608208290297,0.608208290297,0.608208290297,,,,,,,,,,,
160,4.6,0.608144191878,0.608144191878,0.608144191878,0.608144191878,,,,,,,,,,,
70,4.6,0.60813804954,0.60813804954,0.60813804954,0.60813804954,,,,,,,,,,,
120,5.1,0.608107285776,0.608107285776,0.608107285776,0.608107285776,,,,,,,,,,,
160,2,0.60799961137,0.60799961137,0.60799961137,0.60799961137,,,,,,,,,,,
120,5.5,0.607966006598,0.607966006598,0.607966006598,0.607966006598,,,,,,,,,,,
120,5.6,0.607966006598,0.607966006598,0.607966006598,0.607966006598,,,,,,,,,,,
120,5.7,0.607966006598,0.607966006598,0.607966006598,0.607966006598,,,,,,,,,,,
340,1.5,0.609888342879,0.607821233002,0.608234654977,0.607821233002,,,,,,,,,,,
100,1.1,0.607793990185,0.607793990185,0.607793990185,0.607793990185,,,,,,,,,,,
100,1.1,0.607793990185,0.607793990185,0.607793990185,0.607793990185,,,,,,,,,,,
70,4.7,0.607776036738,0.607776036738,0.607776036738,0.607776036738,,,,,,,,,,,
150,4.7,0.607756244519,0.607756244519,0.607756244519,0.607756244519,,,,,,,,,,,
180,2,0.608951942777,0.607721263187,0.607967399105,0.607721263187,,,,,,,,,,,
100,7.4,0.607557871897,0.607557871897,0.607557871897,0.607557871897,,,,,,,,,,,
100,7.5,0.607557871897,0.607557871897,0.607557871897,0.607557871897,,,,,,,,,,,
100,7.6,0.607557871897,0.607557871897,0.607557871897,0.607557871897,,,,,,,,,,,
90,5.6,0.60740389546,0.60740389546,0.60740389546,0.60740389546,,,,,,,,,,,
90,5.7,0.60740389546,0.60740389546,0.60740389546,0.60740389546,,,,,,,,,,,
90,5.9,0.60740389546,0.60740389546,0.60740389546,0.60740389546,,,,,,,,,,,
70,4.8,0.607328955565,0.607328955565,0.607328955565,0.607328955565,,,,,,,,,,,
140,5.9,0.607311113963,0.607045891333,0.607258069437,0.607311113963,,,,,,,,,,,
130,5.3,0.607618157087,0.607144120703,0.60723892798,0.607144120703,,,,,,,,,,,
130,5.4,0.6070957435,0.6070957435,0.6070957435,0.6070957435,,,,,,,,,,,
120,5.2,0.607007394513,0.607007394513,0.607007394513,0.607007394513,,,,,,,,,,,
140,7,0.606982482656,0.606982482656,0.606982482656,0.606982482656,,,,,,,,,,,
70,4.9,0.606931884327,0.606931884327,0.606931884327,0.606931884327,,,,,,,,,,,
70,5,0.606931884327,0.606931884327,0.606931884327,0.606931884327,,,,,,,,,,,
70,5.1,0.606931884327,0.606931884327,0.606931884327,0.606931884327,,,,,,,,,,,
70,5.2,0.606931884327,0.606931884327,0.606931884327,0.606931884327,,,,,,,,,,,
70,5.3,0.606931884327,0.606931884327,0.606931884327,0.606931884327,,,,,,,,,,,
70,5.4,0.606931884327,0.606931884327,0.606931884327,0.606931884327,,,,,,,,,,,
70,5.5,0.606931884327,0.606931884327,0.606931884327,0.606931884327,,,,,,,,,,,
150,5,0.606871148493,0.606871148493,0.606871148493,0.606871148493,,,,,,,,,,,
140,2,0.606582821752,0.606582821752,0.606582821752,0.606582821752,,,,,,,,,,,
140,2,0.606582821752,0.605983377227,0.606462932847,0.606582821752,,,,,,,,,,,
150,4.9,0.60655653401,0.60655653401,0.60655653401,0.60655653401,,,,,,,,,,,
150,4.8,0.606497419401,0.606497419401,0.606497419401,0.606497419401,,,,,,,,,,,
130,5.5,0.606491546656,0.606491546656,0.606491546656,0.606491546656,,,,,,,,,,,
100,7.8,0.6062431888,0.6062431888,0.6062431888,0.6062431888,,,,,,,,,,,
110,7.4,0.606176035644,0.606176035644,0.606176035644,0.606176035644,,,,,,,,,,,
100,8,0.606102480372,0.606102480372,0.606102480372,0.606102480372,,,,,,,,,,,
100,8.5,0.606102480372,0.606102480372,0.606102480372,0.606102480372,,,,,,,,,,,
90,1.1,0.605677562145,0.605677562145,0.605677562145,0.605677562145,,,,,,,,,,,
90,1.1,0.605677562145,0.605677562145,0.605677562145,0.605677562145,,,,,,,,,,,
90,1.1,0.605677562145,0.605677562145,0.605677562145,0.605677562145,,,,,,,,,,,
160,4.7,0.605588840248,0.605588840248,0.605588840248,0.605588840248,,,,,,,,,,,
70,5.6,0.605556653888,0.605556653888,0.605556653888,0.605556653888,,,,,,,,,,,
140,7.5,0.605482217635,0.605482217635,0.605482217635,0.605482217635,,,,,,,,,,,
140,7.6,0.605482217635,0.605482217635,0.605482217635,0.605482217635,,,,,,,,,,,
150,5.5,0.604884928257,0.604884928257,0.604884928257,0.604884928257,,,,,,,,,,,
120,5.9,0.604874933518,0.604874933518,0.604874933518,0.604874933518,,,,,,,,,,,
150,5.4,0.60476214767,0.60476214767,0.60476214767,0.60476214767,,,,,,,,,,,
110,7.5,0.604729864921,0.604729864921,0.604729864921,0.604729864921,,,,,,,,,,,
110,7.6,0.604729864921,0.604729864921,0.604729864921,0.604729864921,,,,,,,,,,,
130,2,0.604533907513,0.604533907513,0.604533907513,0.604533907513,,,,,,,,,,,
130,2,0.604533907513,0.604533907513,0.604533907513,0.604533907513,,,,,,,,,,,
140,8.5,0.604505710642,0.604505710642,0.604505710642,0.604505710642,,,,,,,,,,,
140,7.8,0.604493751345,0.604493751345,0.604493751345,0.604493751345,,,,,,,,,,,
140,8,0.604493751345,0.604493751345,0.604493751345,0.604493751345,,,,,,,,,,,
150,5.2,0.604416449161,0.604416449161,0.604416449161,0.604416449161,,,,,,,,,,,
150,5.3,0.604416449161,0.604416449161,0.604416449161,0.604416449161,,,,,,,,,,,
70,5.9,0.604268570492,0.604268570492,0.604268570492,0.604268570492,,,,,,,,,,,
300,2,0.604176836258,0.603275186614,0.603996506329,0.604176836258,,,,,,,,,,,
150,5.1,0.604512054654,0.604147388985,0.604220322119,0.604147388985,,,,,,,,,,,
90,7,0.604119187561,0.604119187561,0.604119187561,0.604119187561,,,,,,,,,,,
90,7.4,0.604119187561,0.604119187561,0.604119187561,0.604119187561,,,,,,,,,,,
90,7.5,0.604119187561,0.604119187561,0.604119187561,0.604119187561,,,,,,,,,,,
90,7.6,0.604119187561,0.604119187561,0.604119187561,0.604119187561,,,,,,,,,,,
130,5.6,0.604085472914,0.604085472914,0.604085472914,0.604085472914,,,,,,,,,,,
160,4.8,0.604031726695,0.604031726695,0.604031726695,0.604031726695,,,,,,,,,,,
70,5.7,0.603873661813,0.603873661813,0.603873661813,0.603873661813,,,,,,,,,,,
180,4,0.603848740071,0.602176763701,0.603514344797,0.603848740071,,,,,,,,,,,
180,4,0.603848740071,0.603848740071,0.603848740071,0.603848740071,,,,,,,,,,,
70,7,0.603837161292,0.603837161292,0.603837161292,0.603837161292,,,,,,,,,,,
70,7.4,0.603837161292,0.603837161292,0.603837161292,0.603837161292,,,,,,,,,,,
70,7.5,0.603837161292,0.603837161292,0.603837161292,0.603837161292,,,,,,,,,,,
70,7.6,0.603837161292,0.603837161292,0.603837161292,0.603837161292,,,,,,,,,,,
130,5.7,0.603751811453,0.603751811453,0.603751811453,0.603751811453,,,,,,,,,,,
100,9,0.603738203912,0.603738203912,0.603738203912,0.603738203912,,,,,,,,,,,
150,5.6,0.603624208112,0.603624208112,0.603624208112,0.603624208112,,,,,,,,,,,
90,8,0.603462859552,0.603125795568,0.603395446755,0.603462859552,,,,,,,,,,,
160,4.9,0.603414452757,0.603414452757,0.603414452757,0.603414452757,,,,,,,,,,,
160,5,0.603414452757,0.603414452757,0.603414452757,0.603414452757,,,,,,,,,,,
160,5.1,0.603414452757,0.603414452757,0.603414452757,0.603414452757,,,,,,,,,,,
160,5.2,0.603414452757,0.603414452757,0.603414452757,0.603414452757,,,,,,,,,,,
150,5.7,0.60338376346,0.60338376346,0.60338376346,0.60338376346,,,,,,,,,,,
300,2,0.603711964127,0.603275186614,0.603362542117,0.603275186614,,,,,,,,,,,
160,5.5,0.603249810569,0.603249810569,0.603249810569,0.603249810569,,,,,,,,,,,
90,7.8,0.603125795568,0.603125795568,0.603125795568,0.603125795568,,,,,,,,,,,
110,7.8,0.602975662954,0.602975662954,0.602975662954,0.602975662954,,,,,,,,,,,
70,7.8,0.602959723816,0.602959723816,0.602959723816,0.602959723816,,,,,,,,,,,
70,8.5,0.602890965617,0.602890965617,0.602890965617,0.602890965617,,,,,,,,,,,
70,10,0.602890965617,0.602890965617,0.602890965617,0.602890965617,,,,,,,,,,,
160,5.3,0.602686044661,0.602686044661,0.602686044661,0.602686044661,,,,,,,,,,,
150,5.9,0.602308488002,0.602308488002,0.602308488002,0.602308488002,,,,,,,,,,,
70,1.5,0.602095398905,0.602095398905,0.602095398905,0.602095398905,,,,,,,,,,,
120,2,0.602078646188,0.602078646188,0.602078646188,0.602078646188,,,,,,,,,,,
120,2,0.602078646188,0.602078646188,0.602078646188,0.602078646188,,,,,,,,,,,
110,8,0.602017201145,0.602017201145,0.602017201145,0.602017201145,,,,,,,,,,,
70,1.5,0.602010089222,0.602010089222,0.602010089222,0.602010089222,,,,,,,,,,,
70,8,0.60190314027,0.60190314027,0.60190314027,0.60190314027,,,,,,,,,,,
130,5.9,0.601831633043,0.601831633043,0.601831633043,0.601831633043,,,,,,,,,,,
140,9,0.602265174134,0.601705334948,0.601817302785,0.601705334948,,,,,,,,,,,
90,8.5,0.601580420707,0.601580420707,0.601580420707,0.601580420707,,,,,,,,,,,
90,9,0.601580420707,0.601580420707,0.601580420707,0.601580420707,,,,,,,,,,,
160,5.4,0.601286477953,0.601286477953,0.601286477953,0.601286477953,,,,,,,,,,,
100,10,0.601118427213,0.601118427213,0.601118427213,0.601118427213,,,,,,,,,,,
90,10,0.601089625934,0.601089625934,0.601089625934,0.601089625934,,,,,,,,,,,
90,9.5,0.600748592964,0.600748592964,0.600748592964,0.600748592964,,,,,,,,,,,
110,9,0.600439613317,0.600439613317,0.600439613317,0.600439613317,,,,,,,,,,,
160,5.7,0.600402557103,0.600402557103,0.600402557103,0.600402557103,,,,,,,,,,,
110,9.5,0.600393590442,0.600393590442,0.600393590442,0.600393590442,,,,,,,,,,,
110,10,0.600393590442,0.600393590442,0.600393590442,0.600393590442,,,,,,,,,,,
110,8.5,0.600245224045,0.600245224045,0.600245224045,0.600245224045,,,,,,,,,,,
70,1.1,0.599808178397,0.599808178397,0.599808178397,0.599808178397,,,,,,,,,,,
70,1.1,0.599808178397,0.599808178397,0.599808178397,0.599808178397,,,,,,,,,,,
140,9.5,0.599224942484,0.599224942484,0.599224942484,0.599224942484,,,,,,,,,,,
140,10,0.599224942484,0.599224942484,0.599224942484,0.599224942484,,,,,,,,,,,
180,4.4,0.599127713944,0.599103217809,0.599122814717,0.599127713944,,,,,,,,,,,
180,4.5,0.599127713944,0.599103217809,0.599108117036,0.599103217809,,,,,,,,,,,
160,5.9,0.599018470564,0.599018470564,0.599018470564,0.599018470564,,,,,,,,,,,
150,8,0.598885858833,0.598885858833,0.598885858833,0.598885858833,,,,,,,,,,,
120,7.4,0.598706813055,0.59703754649,0.598372959742,0.598706813055,,,,,,,,,,,
110,2,0.598695760031,0.598695760031,0.598695760031,0.598695760031,,,,,,,,,,,
110,2,0.598695760031,0.598695760031,0.598695760031,0.598695760031,,,,,,,,,,,
150,7,0.598611420017,0.598199389168,0.598529013847,0.598611420017,,,,,,,,,,,
150,7.8,0.598377261825,0.598377261825,0.598377261825,0.598377261825,,,,,,,,,,,
180,4.8,0.598171313394,0.598146793605,0.598166409436,0.598171313394,,,,,,,,,,,
180,4.7,0.598146793605,0.598146793605,0.598146793605,0.598146793605,,,,,,,,,,,
120,7,0.598101520146,0.598101520146,0.598101520146,0.598101520146,,,,,,,,,,,
150,7.5,0.598052562302,0.59784737751,0.598011525343,0.598052562302,,,,,,,,,,,
180,4.6,0.59789401916,0.59789401916,0.59789401916,0.59789401916,,,,,,,,,,,
150,7.5,0.59784737751,0.597435711037,0.597765044215,0.59784737751,,,,,,,,,,,
150,7.6,0.59784737751,0.597379240399,0.597753750088,0.59784737751,,,,,,,,,,,
150,7.5,0.598052562302,0.597693537802,0.597765342702,0.597693537802,,,,,,,,,,,
150,7.4,0.597693537802,0.597693537802,0.597693537802,0.597693537802,,,,,,,,,,,
140,2.5,0.597055221814,0.597055221814,0.597055221814,0.597055221814,,,,,,,,,,,
140,2.5,0.597055221814,0.597055221814,0.597055221814,0.597055221814,,,,,,,,,,,
180,5,0.596855597723,0.596855597723,0.596855597723,0.596855597723,,,,,,,,,,,
150,8.5,0.596836661247,0.596836661247,0.596836661247,0.596836661247,,,,,,,,,,,
150,9,0.596836661247,0.596836661247,0.596836661247,0.596836661247,,,,,,,,,,,
150,9.5,0.596836661247,0.596836661247,0.596836661247,0.596836661247,,,,,,,,,,,
180,4.9,0.596610644043,0.595555107005,0.596399536636,0.596610644043,,,,,,,,,,,
150,10,0.596272968472,0.596272968472,0.596272968472,0.596272968472,,,,,,,,,,,
130,7.4,0.596013013073,0.596013013073,0.596013013073,0.596013013073,,,,,,,,,,,
130,8.5,0.595885187586,0.595885187586,0.595885187586,0.595885187586,,,,,,,,,,,
250,7.5,0.595686678888,0.595686678888,0.595686678888,0.595686678888,,,,,,,,,,,
120,8,0.595542247806,0.593879411672,0.59520968058,0.595542247806,,,,,,,,,,,
130,7,0.595468323334,0.595468323334,0.595468323334,0.595468323334,,,,,,,,,,,
130,7.5,0.595409673852,0.595409673852,0.595409673852,0.595409673852,,,,,,,,,,,
130,7.6,0.595409673852,0.595409673852,0.595409673852,0.595409673852,,,,,,,,,,,
130,7.8,0.595409673852,0.595409673852,0.595409673852,0.595409673852,,,,,,,,,,,
130,8,0.595409673852,0.595409673852,0.595409673852,0.595409673852,,,,,,,,,,,
120,7.5,0.596222148668,0.59536198729,0.595534019566,0.59536198729,,,,,,,,,,,
120,7.6,0.59536198729,0.595297631651,0.595310502779,0.595297631651,,,,,,,,,,,
130,9,0.595110292594,0.595110292594,0.595110292594,0.595110292594,,,,,,,,,,,
120,7.8,0.594989757114,0.594989757114,0.594989757114,0.594989757114,,,,,,,,,,,
130,9.5,0.594577004432,0.594577004432,0.594577004432,0.594577004432,,,,,,,,,,,
180,2.5,0.594528242706,0.594528242706,0.594528242706,0.594528242706,,,,,,,,,,,
160,7,0.594418564767,0.594418564767,0.594418564767,0.594418564767,,,,,,,,,,,
120,9,0.594375972299,0.59383771658,0.594268321155,0.594375972299,,,,,,,,,,,
70,4.2,0.594332060772,0.594332060772,0.594332060772,0.594332060772,,,,,,,,,,,
120,8.5,0.595542247806,0.594320372134,0.594564747268,0.594320372134,,,,,,,,,,,
130,10,0.593963838995,0.593963838995,0.593963838995,0.593963838995,,,,,,,,,,,
150,2.5,0.59394427376,0.59394427376,0.59394427376,0.59394427376,,,,,,,,,,,
150,2.5,0.59394427376,0.593536447687,0.593862708545,0.59394427376,,,,,,,,,,,
200,7.5,0.593333446245,0.593333446245,0.593333446245,0.593333446245,,,,,,,,,,,
180,5.1,0.593308516915,0.593308516915,0.593308516915,0.593308516915,,,,,,,,,,,
600,7.5,0.593125118275,0.593125118275,0.593125118275,0.593125118275,,,,,,,,,,,
160,7.4,0.593099763769,0.593099763769,0.593099763769,0.593099763769,,,,,,,,,,,
160,7.5,0.593099763769,0.593099763769,0.593099763769,0.593099763769,,,,,,,,,,,
120,9.5,0.592803677403,0.592766270926,0.592773752221,0.592766270926,,,,,,,,,,,
160,7.6,0.592695360795,0.592695360795,0.592695360795,0.592695360795,,,,,,,,,,,
160,7.8,0.592695360795,0.592695360795,0.592695360795,0.592695360795,,,,,,,,,,,
160,8,0.592695360795,0.592695360795,0.592695360795,0.592695360795,,,,,,,,,,,
130,2.5,0.592601710553,0.592601710553,0.592601710553,0.592601710553,,,,,,,,,,,
130,2.5,0.592601710553,0.592601710553,0.592601710553,0.592601710553,,,,,,,,,,,
120,10,0.592438619309,0.592438619309,0.592438619309,0.592438619309,,,,,,,,,,,
160,8.5,0.592219414821,0.592219414821,0.592219414821,0.592219414821,,,,,,,,,,,
200,2.5,0.591873974588,0.590977115794,0.591694602829,0.591873974588,,,,,,,,,,,
200,2.5,0.591873974588,0.590977115794,0.591156487553,0.590977115794,,,,,,,,,,,
400,7.5,0.590722671472,0.590722671472,0.590722671472,0.590722671472,,,,,,,,,,,
180,5.2,0.590754954844,0.590432927193,0.590497332723,0.590432927193,,,,,,,,,,,
300,7.5,0.590153659504,0.58987149065,0.590097225733,0.590153659504,,,,,,,,,,,
180,5.3,0.58984116232,0.58984116232,0.58984116232,0.58984116232,,,,,,,,,,,
160,9,0.589811490309,0.589811490309,0.589811490309,0.589811490309,,,,,,,,,,,
160,9.5,0.589811490309,0.589811490309,0.589811490309,0.589811490309,,,,,,,,,,,
180,5.4,0.589160016361,0.588450700328,0.588592563535,0.588450700328,,,,,,,,,,,
160,2.5,0.588276212554,0.587651902105,0.588151350465,0.588276212554,,,,,,,,,,,
160,2.5,0.587651902105,0.587651902105,0.587651902105,0.587651902105,,,,,,,,,,,
160,10,0.58760886554,0.58760886554,0.58760886554,0.58760886554,,,,,,,,,,,
500,7.5,0.58695371767,0.586270587304,0.586817091597,0.58695371767,,,,,,,,,,,
180,5.5,0.586854003136,0.586854003136,0.586854003136,0.586854003136,,,,,,,,,,,
180,5.6,0.586079206054,0.586079206054,0.586079206054,0.586079206054,,,,,,,,,,,
180,5.7,0.585022805752,0.58463789138,0.584714874254,0.58463789138,,,,,,,,,,,
200,4.4,0.583976383524,0.583976383524,0.583976383524,0.583976383524,,,,,,,,,,,
200,4.5,0.583449463782,0.583449463782,0.583449463782,0.583449463782,,,,,,,,,,,
180,5.9,0.581532117019,0.581532117019,0.581532117019,0.581532117019,,,,,,,,,,,
200,4.6,0.581280841579,0.581280841579,0.581280841579,0.581280841579,,,,,,,,,,,
70,3.5,0.58125813199,0.58125813199,0.58125813199,0.58125813199,,,,,,,,,,,
70,3.5,0.58125813199,0.58125813199,0.58125813199,0.58125813199,,,,,,,,,,,
200,3,0.581217159368,0.580640792192,0.581101885933,0.581217159368,,,,,,,,,,,
200,4.7,0.580672858764,0.580672858764,0.580672858764,0.580672858764,,,,,,,,,,,
200,3,0.581217159368,0.580640792192,0.580756065628,0.580640792192,,,,,,,,,,,
200,5,0.580337285287,0.579885102359,0.579975538944,0.579885102359,,,,,,,,,,,
200,4.8,0.579804244795,0.579804244795,0.579804244795,0.579804244795,,,,,,,,,,,
70,4,0.579760938724,0.579760938724,0.579760938724,0.579760938724,,,,,,,,,,,
70,4,0.579760938724,0.579760938724,0.579760938724,0.579760938724,,,,,,,,,,,
340,2,0.579757065841,0.578470714474,0.579499795568,0.579757065841,,,,,,,,,,,
340,2,0.579205056588,0.578661253577,0.579096295986,0.579205056588,,,,,,,,,,,
200,4.9,0.579661922271,0.579062804873,0.579182628353,0.579062804873,,,,,,,,,,,
200,5.1,0.57723657194,0.57723657194,0.57723657194,0.57723657194,,,,,,,,,,,
76,7.5,0.576889488202,0.576889488202,0.576889488202,0.576889488202,,,,,,,,,,,
80,7.5,0.576627289017,0.576627289017,0.576627289017,0.576627289017,,,,,,,,,,,
71,7.5,0.575436126781,0.575436126781,0.575436126781,0.575436126781,,,,,,,,,,,
200,5.2,0.574413398886,0.574413398886,0.574413398886,0.574413398886,,,,,,,,,,,
200,3.5,0.574398720894,0.574398720894,0.574398720894,0.574398720894,,,,,,,,,,,
200,3.5,0.573957285099,0.573827976043,0.573931423288,0.573957285099,,,,,,,,,,,
360,2,0.574212642315,0.573783557858,0.573869374749,0.573783557858,,,,,,,,,,,
360,2,0.573463931475,0.571790590868,0.573129263354,0.573463931475,,,,,,,,,,,
180,7,0.573187762519,0.572090493657,0.572968308747,0.573187762519,,,,,,,,,,,
200,5.3,0.573031281267,0.573031281267,0.573031281267,0.573031281267,,,,,,,,,,,
180,7.8,0.57247886517,0.57247886517,0.57247886517,0.57247886517,,,,,,,,,,,
180,8,0.57247886517,0.57247886517,0.57247886517,0.57247886517,,,,,,,,,,,
200,5.4,0.572407148372,0.571469609492,0.572219640596,0.572407148372,,,,,,,,,,,
180,7.4,0.572665574688,0.572201811264,0.572294563949,0.572201811264,,,,,,,,,,,
180,7.5,0.572201811264,0.572201811264,0.572201811264,0.572201811264,,,,,,,,,,,
200,5.5,0.572183306048,0.571246007366,0.571995846311,0.572183306048,,,,,,,,,,,
180,7.6,0.571544559575,0.57141431219,0.571518510098,0.571544559575,,,,,,,,,,,
200,5.6,0.571282247373,0.571282247373,0.571282247373,0.571282247373,,,,,,,,,,,
180,9,0.570888408826,0.570888408826,0.570888408826,0.570888408826,,,,,,,,,,,
180,8.5,0.570560927224,0.570073830785,0.570463507936,0.570560927224,,,,,,,,,,,
180,9.5,0.569635515292,0.569084981754,0.569195088462,0.569084981754,,,,,,,,,,,
200,5.7,0.568948338422,0.568948338422,0.568948338422,0.568948338422,,,,,,,,,,,
250,2.5,0.567234413179,0.567234413179,0.567234413179,0.567234413179,,,,,,,,,,,
250,2.5,0.567234413179,0.567234413179,0.567234413179,0.567234413179,,,,,,,,,,,
180,10,0.567209564752,0.567114870566,0.567190625915,0.567209564752,,,,,,,,,,,
380,2,0.567171780264,0.566238429445,0.5669851101,0.567171780264,,,,,,,,,,,
380,2,0.56667379716,0.566238429445,0.566586723617,0.56667379716,,,,,,,,,,,
200,4,0.566375407963,0.566367994197,0.566369476951,0.566367994197,,,,,,,,,,,
200,4,0.566367994197,0.566367994197,0.566367994197,0.566367994197,,,,,,,,,,,
200,4.2,0.566319434716,0.566319434716,0.566319434716,0.566319434716,,,,,,,,,,,
200,5.9,0.565939329888,0.565939329888,0.565939329888,0.565939329888,,,,,,,,,,,
200,7,0.556870733613,0.555991996409,0.556694986172,0.556870733613,,,,,,,,,,,
200,7.4,0.555581930169,0.555581930169,0.555581930169,0.555581930169,,,,,,,,,,,
200,7.5,0.55474149565,0.55474149565,0.55474149565,0.55474149565,,,,,,,,,,,
200,7.6,0.553683879321,0.553683879321,0.553683879321,0.553683879321,,,,,,,,,,,
200,7.8,0.553683879321,0.553683879321,0.553683879321,0.553683879321,,,,,,,,,,,
400,2,0.553203699599,0.553203699599,0.553203699599,0.553203699599,,,,,,,,,,,
400,2,0.552276125933,0.550752274093,0.551971355565,0.552276125933,,,,,,,,,,,
200,8,0.550186546301,0.550186546301,0.550186546301,0.550186546301,,,,,,,,,,,
250,3,0.54929607342,0.54929607342,0.54929607342,0.54929607342,,,,,,,,,,,
250,3,0.54929607342,0.54929607342,0.54929607342,0.54929607342,,,,,,,,,,,
200,8.5,0.548491092591,0.548145507107,0.548214624204,0.548145507107,,,,,,,,,,,
200,9.5,0.542350511986,0.542350511986,0.542350511986,0.542350511986,,,,,,,,,,,
200,9,0.54270142844,0.54208374191,0.542207279216,0.54208374191,,,,,,,,,,,
200,10,0.540021215167,0.539138861252,0.539315332035,0.539138861252,,,,,,,,,,,
250,3.5,0.534223036531,0.533466938752,0.534071816975,0.534223036531,,,,,,,,,,,
250,3.5,0.533466938752,0.533466938752,0.533466938752,0.533466938752,,,,,,,,,,,
250,4,0.526942267293,0.526410678471,0.526516996235,0.526410678471,,,,,,,,,,,
250,4,0.526410678471,0.525282160803,0.525507864337,0.525282160803,,,,,,,,,,,
250,4.2,0.522829021968,0.522493564291,0.522761930433,0.522829021968,,,,,,,,,,,
300,2.5,0.521891747699,0.521891747699,0.521891747699,0.521891747699,,,,,,,,,,,
300,2.5,0.521891747699,0.521891747699,0.521891747699,0.521891747699,,,,,,,,,,,
250,4.4,0.51925084715,0.518927115794,0.518991862065,0.518927115794,,,,,,,,,,,
250,4.5,0.514724045016,0.514198406025,0.514618917218,0.514724045016,,,,,,,,,,,
250,4.6,0.514010348143,0.51292481489,0.513793241492,0.514010348143,,,,,,,,,,,
250,5.7,0.511062807881,0.510838516815,0.511017949668,0.511062807881,,,,,,,,,,,
250,4.7,0.509923662834,0.509349797549,0.509464570606,0.509349797549,,,,,,,,,,,
250,5.9,0.507375587974,0.507009902376,0.507302450854,0.507375587974,,,,,,,,,,,
250,4.8,0.507461441301,0.506970224228,0.507068467643,0.506970224228,,,,,,,,,,,
250,4.9,0.502791402442,0.502791402442,0.502791402442,0.502791402442,,,,,,,,,,,
250,5,0.498769717403,0.498769717403,0.498769717403,0.498769717403,,,,,,,,,,,
250,5.1,0.498285687144,0.496910680262,0.498010685767,0.498285687144,,,,,,,,,,,
440,2,0.497894895895,0.497522186683,0.497820354053,0.497894895895,,,,,,,,,,,
440,2,0.497894895895,0.497525686857,0.497599528664,0.497525686857,,,,,,,,,,,
250,5.2,0.497889022007,0.49732560995,0.497438292362,0.49732560995,,,,,,,,,,,
340,2.5,0.497273551652,0.496741043628,0.497167050047,0.497273551652,,,,,,,,,,,
250,5.3,0.495499935292,0.495499935292,0.495499935292,0.495499935292,,,,,,,,,,,
300,3,0.494541337355,0.493807484549,0.49395425511,0.493807484549,,,,,,,,,,,
300,3,0.494238850221,0.493807484549,0.493893757683,0.493807484549,,,,,,,,,,,
250,5.4,0.49307521879,0.492438901917,0.492947955416,0.49307521879,,,,,,,,,,,
250,5.5,0.490613224551,0.490531612633,0.490547935017,0.490531612633,,,,,,,,,,,
250,5.6,0.489720104588,0.489397054941,0.489461664871,0.489397054941,,,,,,,,,,,
250,7,0.483382787387,0.483135034912,0.483184585407,0.483135034912,,,,,,,,,,,
480,2,0.481639664754,0.481639664754,0.481639664754,0.481639664754,,,,,,,,,,,
480,2,0.481639664754,0.481639664754,0.481639664754,0.481639664754,,,,,,,,,,,
500,2,0.478072308537,0.478072308537,0.478072308537,0.478072308537,,,,,,,,,,,
500,2,0.478072308537,0.477218656692,0.477901578168,0.478072308537,,,,,,,,,,,
250,7.4,0.478387382252,0.477395007402,0.477593482372,0.477395007402,,,,,,,,,,,
250,7.5,0.476674769457,0.476674769457,0.476674769457,0.476674769457,,,,,,,,,,,
250,7.6,0.476564020156,0.476138548514,0.476478925828,0.476564020156,,,,,,,,,,,
360,2.5,0.475359346847,0.475359346847,0.475359346847,0.475359346847,,,,,,,,,,,
250,7.8,0.474749389227,0.474749389227,0.474749389227,0.474749389227,,,,,,,,,,,
360,2.5,0.474562416095,0.47369393153,0.474388719182,0.474562416095,,,,,,,,,,,
250,8,0.474492643665,0.474492643665,0.474492643665,0.474492643665,,,,,,,,,,,
520,2,0.473946920602,0.473946920602,0.473946920602,0.473946920602,,,,,,,,,,,
520,2,0.473946920602,0.471587250307,0.473474986543,0.473946920602,,,,,,,,,,,
600,2,0.472840229058,0.471149227654,0.472502028777,0.472840229058,,,,,,,,,,,
600,2,0.471897604929,0.471720492741,0.471755915178,0.471720492741,,,,,,,,,,,
250,8.5,0.471739574551,0.470490471236,0.470740291899,0.470490471236,,,,,,,,,,,
300,3.5,0.468231032694,0.466672329119,0.467919291979,0.468231032694,,,,,,,,,,,
300,3.5,0.467762066003,0.466672329119,0.467544118626,0.467762066003,,,,,,,,,,,
250,9,0.465760958501,0.464184305123,0.464499635799,0.464184305123,,,,,,,,,,,
500,2.5,0.463104489561,0.459590519309,0.462401695511,0.463104489561,,,,,,,,,,,
250,9.5,0.463260536334,0.462799601598,0.462891788545,0.462799601598,,,,,,,,,,,
250,10,0.462087030319,0.461277408473,0.46192510595,0.462087030319,,,,,,,,,,,
500,2.5,0.461891391631,0.461257100451,0.461383958687,0.461257100451,,,,,,,,,,,
560,2,0.460972741868,0.460875853779,0.460895231397,0.460875853779,,,,,,,,,,,
560,2,0.460875853779,0.460875853779,0.460875853779,0.460875853779,,,,,,,,,,,
520,2.5,0.460214071218,0.459089650068,0.459314534298,0.459089650068,,,,,,,,,,,
520,2.5,0.459575658415,0.459089650068,0.459186851737,0.459089650068,,,,,,,,,,,
380,2.5,0.450105847065,0.439658437751,0.448016365202,0.450105847065,,,,,,,,,,,
380,2.5,0.450105847065,0.4498774839,0.449923156533,0.4498774839,,,,,,,,,,,
600,2.5,0.445897562685,0.4458136945,0.445880789048,0.445897562685,,,,,,,,,,,
500,2.5,0.443210560783,0.442870432606,0.442938458242,0.442870432606,,,,,,,,,,,
480,2.5,0.438634818081,0.438634818081,0.438634818081,0.438634818081,,,,,,,,,,,
300,4,0.438672773156,0.437521933663,0.437752101562,0.437521933663,,,,,,,,,,,
300,4,0.438672773156,0.437275823481,0.437555213416,0.437275823481,,,,,,,,,,,
480,2.5,0.436538759904,0.434598630843,0.436150734092,0.436538759904,,,,,,,,,,,
340,3,0.432880651061,0.432880651061,0.432880651061,0.432880651061,,,,,,,,,,,
340,3,0.432880651061,0.432300051388,0.432764531126,0.432880651061,,,,,,,,,,,
400,2.5,0.430789233332,0.430574541899,0.430617480186,0.430574541899,,,,,,,,,,,
400,2.5,0.430382011194,0.430382011194,0.430382011194,0.430382011194,,,,,,,,,,,
440,2.5,0.430005468003,0.429840500965,0.429873494373,0.429840500965,,,,,,,,,,,
440,2.5,0.429840500965,0.429840500965,0.429840500965,0.429840500965,,,,,,,,,,,
400,2.5,0.431394586359,0.428602150412,0.429160637601,0.428602150412,,,,,,,,,,,
400,2.5,0.430574541899,0.428460193824,0.428883063439,0.428460193824,,,,,,,,,,,
300,4.2,0.424865550094,0.424392055397,0.424486754336,0.424392055397,,,,,,,,,,,
300,2.5,0.421791161073,0.421791161073,0.421791161073,0.421791161073,,,,,,,,,,,
560,2.5,0.421750967126,0.421057128905,0.421612199482,0.421750967126,,,,,,,,,,,
560,2.5,0.421727856941,0.421582772998,0.421611789786,0.421582772998,,,,,,,,,,,
250,2.5,0.420625912083,0.419803027967,0.420461335259,0.420625912083,,,,,,,,,,,
600,2.5,0.420117788404,0.420117788404,0.420117788404,0.420117788404,,,,,,,,,,,
600,2.5,0.420117788404,0.419562415329,0.419673489944,0.419562415329,,,,,,,,,,,
200,2.5,0.412875162493,0.412456556409,0.412791441276,0.412875162493,,,,,,,,,,,
150,2.5,0.412370957632,0.412223527055,0.412341471516,0.412370957632,,,,,,,,,,,
360,3,0.408673414472,0.407275254729,0.408393782523,0.408673414472,,,,,,,,,,,
360,3,0.408479889265,0.408479889265,0.408479889265,0.408479889265,,,,,,,,,,,
300,4.4,0.394902725012,0.394902725012,0.394902725012,0.394902725012,,,,,,,,,,,
380,3,0.392390163852,0.392258089761,0.392284504579,0.392258089761,,,,,,,,,,,
380,3,0.393016268029,0.391768153619,0.392017776501,0.391768153619,,,,,,,,,,,
600,3,0.39147285502,0.391010073893,0.391380298795,0.39147285502,,,,,,,,,,,
600,3,0.39073182349,0.389150897525,0.390415638297,0.39073182349,,,,,,,,,,,
340,3.5,0.38821279557,0.387825821008,0.388135400658,0.38821279557,,,,,,,,,,,
340,3.5,0.387604527178,0.387591790929,0.387594338179,0.387591790929,,,,,,,,,,,
300,4.5,0.384388431596,0.384000660502,0.384078214721,0.384000660502,,,,,,,,,,,
300,4.6,0.380504748697,0.38021212008,0.380446222974,0.380504748697,,,,,,,,,,,
560,3,0.379014229672,0.378548307728,0.378921045283,0.379014229672,,,,,,,,,,,
520,3,0.374788311467,0.374788311467,0.374788311467,0.374788311467,,,,,,,,,,,
520,3,0.374788311467,0.374788311467,0.374788311467,0.374788311467,,,,,,,,,,,
80,2.5,0.372520963891,0.372520963891,0.372520963891,0.372520963891,,,,,,,,,,,
300,4.7,0.371348895537,0.371348895537,0.371348895537,0.371348895537,,,,,,,,,,,
76,2.5,0.379549165133,0.370256582308,0.372115098873,0.370256582308,,,,,,,,,,,
71,2.5,0.369498238958,0.369498238958,0.369498238958,0.369498238958,,,,,,,,,,,
500,3,0.368847259816,0.367775637815,0.368632935416,0.368847259816,,,,,,,,,,,
300,4.8,0.368876790478,0.368631744131,0.3686807534,0.368631744131,,,,,,,,,,,
500,3,0.368247006529,0.367775637815,0.368152732786,0.368247006529,,,,,,,,,,,
300,4.9,0.36491750005,0.3638096021,0.36469592046,0.36491750005,,,,,,,,,,,
400,3,0.365113874354,0.364546931596,0.364660320147,0.364546931596,,,,,,,,,,,
400,3,0.364546931596,0.364239144723,0.364485374221,0.364546931596,,,,,,,,,,,
520,3.5,0.362880561361,0.362695841505,0.362732785476,0.362695841505,,,,,,,,,,,
520,3.5,0.362695841505,0.362695841505,0.362695841505,0.362695841505,,,,,,,,,,,
300,5,0.362581177162,0.360570498029,0.362179041335,0.362581177162,,,,,,,,,,,
600,3.5,0.361602460036,0.361504643281,0.361582896685,0.361602460036,,,,,,,,,,,
600,3.5,0.36135541444,0.360799528371,0.360910705585,0.360799528371,,,,,,,,,,,
500,3.5,0.358177357184,0.357717415862,0.358085368919,0.358177357184,,,,,,,,,,,
500,3.5,0.358044349199,0.357933202012,0.358022119761,0.358044349199,,,,,,,,,,,
480,3,0.357765486274,0.357671341291,0.357746657278,0.357765486274,,,,,,,,,,,
480,3,0.357671341291,0.357622229748,0.357632052057,0.357622229748,,,,,,,,,,,
300,5.1,0.355901523174,0.355759797657,0.35578814276,0.355759797657,,,,,,,,,,,
300,5.2,0.354473978463,0.353777466282,0.354334676026,0.354473978463,,,,,,,,,,,
560,3.5,0.355072542151,0.354338138777,0.354485019452,0.354338138777,,,,,,,,,,,
500,4,0.353493410858,0.353061733847,0.353148069249,0.353061733847,,,,,,,,,,,
520,4,0.352421392201,0.352421392201,0.352421392201,0.352421392201,,,,,,,,,,,
500,4,0.351734534801,0.351644827755,0.351716593392,0.351734534801,,,,,,,,,,,
520,4,0.352159449574,0.351412239784,0.351561681742,0.351412239784,,,,,,,,,,,
300,5.3,0.349681247677,0.3494325813,0.349482314575,0.3494325813,,,,,,,,,,,
300,5.4,0.348227297606,0.34814171605,0.348158832361,0.34814171605,,,,,,,,,,,
500,4.2,0.348101206037,0.3478273517,0.34804643517,0.348101206037,,,,,,,,,,,
520,4.2,0.348088785315,0.347710091635,0.348013046579,0.348088785315,,,,,,,,,,,
480,3.5,0.347688691332,0.347558761608,0.347662705387,0.347688691332,,,,,,,,,,,
480,3.5,0.347558761608,0.347422420947,0.347449689079,0.347422420947,,,,,,,,,,,
560,4,0.34719225087,0.34719225087,0.34719225087,0.34719225087,,,,,,,,,,,
500,4.2,0.347008577555,0.346978385056,0.347002539055,0.347008577555,,,,,,,,,,,
560,4.2,0.346995300602,0.346704296074,0.346937099697,0.346995300602,,,,,,,,,,,
600,4,0.346947970655,0.346517498689,0.346861876262,0.346947970655,,,,,,,,,,,
560,4.2,0.346995300602,0.346421155229,0.346535984303,0.346421155229,,,,,,,,,,,
500,4.5,0.346331132722,0.346328275878,0.346330561354,0.346331132722,,,,,,,,,,,
500,4.5,0.346328275878,0.34590255467,0.346243131637,0.346328275878,,,,,,,,,,,
600,4,0.345835413124,0.345835413124,0.345835413124,0.345835413124,,,,,,,,,,,
520,4.4,0.345701029072,0.345635310818,0.345687885422,0.345701029072,,,,,,,,,,,
300,5.5,0.345660727434,0.345135003533,0.345555582654,0.345660727434,,,,,,,,,,,
600,4.2,0.34528865971,0.343364298288,0.344903787426,0.34528865971,,,,,,,,,,,
300,4.5,0.344170877213,0.343841257191,0.344104953209,0.344170877213,,,,,,,,,,,
300,4.5,0.344170877213,0.344170877213,0.344170877213,0.344170877213,,,,,,,,,,,
520,4.6,0.34388758542,0.341808085985,0.343471685533,0.34388758542,,,,,,,,,,,
600,4.2,0.343637920321,0.343469056517,0.343502829278,0.343469056517,,,,,,,,,,,
500,4.4,0.343467635504,0.343467635504,0.343467635504,0.343467635504,,,,,,,,,,,
560,5.2,0.343755863945,0.343046619651,0.343188468509,0.343046619651,,,,,,,,,,,
500,5,0.342878399031,0.342379060325,0.34277853129,0.342878399031,,,,,,,,,,,
300,5.6,0.344452488385,0.342530085137,0.342914565786,0.342530085137,,,,,,,,,,,
500,5,0.343321358884,0.342473618096,0.342643166253,0.342473618096,,,,,,,,,,,
300,5,0.342374793713,0.342271937374,0.342292508642,0.342271937374,,,,,,,,,,,
300,5,0.342271937374,0.342062746294,0.342230099158,0.342271937374,,,,,,,,,,,
300,5.7,0.34210704526,0.341954515264,0.342076539261,0.34210704526,,,,,,,,,,,
600,4.4,0.341802727809,0.340773580093,0.341596898266,0.341802727809,,,,,,,,,,,
300,5.5,0.341487011432,0.340231817857,0.341235972717,0.341487011432,,,,,,,,,,,
500,4.7,0.341414412885,0.339827200475,0.341096970403,0.341414412885,,,,,,,,,,,
520,4.9,0.341418392052,0.341357505005,0.341369682414,0.341357505005,,,,,,,,,,,
560,5.5,0.341194771937,0.341051999378,0.341166217425,0.341194771937,,,,,,,,,,,
500,4.6,0.3415362562,0.341138167055,0.341217784884,0.341138167055,,,,,,,,,,,
520,4.7,0.34113348574,0.340113138034,0.340929416199,0.34113348574,,,,,,,,,,,
560,5.4,0.341170507827,0.341114761978,0.341125911147,0.341114761978,,,,,,,,,,,
560,5.7,0.341356838669,0.341089356889,0.341142853245,0.341089356889,,,,,,,,,,,
520,5,0.340951238646,0.340951238646,0.340951238646,0.340951238646,,,,,,,,,,,
520,4.8,0.342639656432,0.340793132361,0.341162437175,0.340793132361,,,,,,,,,,,
560,4.4,0.340881047798,0.340632922176,0.3406825473,0.340632922176,,,,,,,,,,,
440,3,0.34066385324,0.340436742683,0.340482164794,0.340436742683,,,,,,,,,,,
440,3,0.340256704114,0.340256704114,0.340256704114,0.340256704114,,,,,,,,,,,
500,4.8,0.340255128944,0.340186143544,0.340241331864,0.340255128944,,,,,,,,,,,
300,5.5,0.341301496104,0.340121610216,0.340357587394,0.340121610216,,,,,,,,,,,
600,4.5,0.339821618021,0.339691333862,0.339795561189,0.339821618021,,,,,,,,,,,
600,4.5,0.339781718108,0.339781718108,0.339781718108,0.339781718108,,,,,,,,,,,
500,5.5,0.339606436204,0.339393526959,0.339563854355,0.339606436204,,,,,,,,,,,
600,4.5,0.339587198886,0.339490592908,0.33956787769,0.339587198886,,,,,,,,,,,
520,5.1,0.339441055257,0.33938217741,0.339393952979,0.33938217741,,,,,,,,,,,
560,5.9,0.339350922804,0.339350922804,0.339350922804,0.339350922804,,,,,,,,,,,
500,5,0.339312297487,0.339097776961,0.339269393382,0.339312297487,,,,,,,,,,,
500,4.9,0.339326220421,0.339271760106,0.339282652169,0.339271760106,,,,,,,,,,,
560,4.6,0.339119227566,0.338890626041,0.339073507261,0.339119227566,,,,,,,,,,,
520,5.4,0.339073247952,0.339073247952,0.339073247952,0.339073247952,,,,,,,,,,,
600,4.7,0.338796224409,0.338763390535,0.338789657634,0.338796224409,,,,,,,,,,,
600,4.6,0.339521717047,0.338775832817,0.338925009663,0.338775832817,,,,,,,,,,,
300,5.9,0.338772147718,0.338772147718,0.338772147718,0.338772147718,,,,,,,,,,,
520,5.2,0.33877026696,0.338720862884,0.338760386145,0.33877026696,,,,,,,,,,,
560,4.5,0.338726412006,0.33846744037,0.338674617679,0.338726412006,,,,,,,,,,,
500,5.2,0.338568282434,0.338459052848,0.338480898765,0.338459052848,,,,,,,,,,,
500,5.3,0.338428792691,0.337720925791,0.338287219311,0.338428792691,,,,,,,,,,,
520,5.3,0.338460183519,0.338403547336,0.338414874573,0.338403547336,,,,,,,,,,,
500,5.5,0.339185112866,0.337913436051,0.338167771414,0.337913436051,,,,,,,,,,,
600,5,0.337840802721,0.337350090053,0.337742660188,0.337840802721,,,,,,,,,,,
600,5,0.337610773979,0.337267512798,0.337542121743,0.337610773979,,,,,,,,,,,
560,4.7,0.33756205522,0.337167996833,0.337483243543,0.33756205522,,,,,,,,,,,
500,5.1,0.338888774338,0.3370799515,0.337441716067,0.3370799515,,,,,,,,,,,
480,4,0.33701046744,0.336813690095,0.336971111971,0.33701046744,,,,,,,,,,,
600,5.2,0.336920033593,0.336920033593,0.336920033593,0.336920033593,,,,,,,,,,,
500,5.4,0.336911735589,0.336911735589,0.336911735589,0.336911735589,,,,,,,,,,,
600,5.3,0.336907541891,0.336876425527,0.336901318618,0.336907541891,,,,,,,,,,,
600,5.1,0.33747216511,0.336817306302,0.336948278064,0.336817306302,,,,,,,,,,,
600,5,0.337579816946,0.336721869049,0.336893458628,0.336721869049,,,,,,,,,,,
480,4,0.337032173569,0.336622011706,0.336704044079,0.336622011706,,,,,,,,,,,
600,4.9,0.336992943518,0.336612446607,0.336688545989,0.336612446607,,,,,,,,,,,
200,4.5,0.336297914749,0.33599303522,0.336236938843,0.336297914749,,,,,,,,,,,
560,4.8,0.336222797768,0.33530451198,0.33603914061,0.336222797768,,,,,,,,,,,
200,4.5,0.33599303522,0.33599303522,0.33599303522,0.33599303522,,,,,,,,,,,
600,5.4,0.336105643222,0.335799355589,0.335860613115,0.335799355589,,,,,,,,,,,
520,5.5,0.336568859753,0.33558772509,0.335783952022,0.33558772509,,,,,,,,,,,
560,7.6,0.335372569731,0.333403323556,0.334978720496,0.335372569731,,,,,,,,,,,
560,7,0.335320827388,0.33519987881,0.335224068526,0.33519987881,,,,,,,,,,,
600,5.5,0.335168795639,0.335168795639,0.335168795639,0.335168795639,,,,,,,,,,,
480,4.4,0.335164914654,0.335164914654,0.335164914654,0.335164914654,,,,,,,,,,,
480,4.2,0.335312239375,0.335016263438,0.335075458625,0.335016263438,,,,,,,,,,,
500,5.5,0.336104584627,0.334922365772,0.335158809543,0.334922365772,,,,,,,,,,,
600,5.5,0.334825124389,0.334825124389,0.334825124389,0.334825124389,,,,,,,,,,,
500,5.6,0.335073477573,0.334787593558,0.334844770361,0.334787593558,,,,,,,,,,,
560,4.9,0.335433400001,0.33472811,0.334869168,0.33472811,,,,,,,,,,,
520,5.6,0.334890266684,0.334524500445,0.334597653693,0.334524500445,,,,,,,,,,,
600,5.5,0.334350103852,0.334297017065,0.334339486495,0.334350103852,,,,,,,,,,,
600,5.7,0.334227226738,0.334184632292,0.334218707848,0.334227226738,,,,,,,,,,,
600,5.6,0.334184632292,0.334184632292,0.334184632292,0.334184632292,,,,,,,,,,,
520,5.7,0.334355286794,0.334156894294,0.334196572794,0.334156894294,,,,,,,,,,,
560,5,0.334709689455,0.334057140875,0.334187650591,0.334057140875,,,,,,,,,,,
560,8.5,0.333947191502,0.332639089954,0.333685571193,0.333947191502,,,,,,,,,,,
400,4.5,0.334030280245,0.333772373643,0.333823954964,0.333772373643,,,,,,,,,,,
560,10,0.333699611661,0.333439397978,0.333647568925,0.333699611661,,,,,,,,,,,
400,4.5,0.333633243153,0.333551670454,0.333616928613,0.333633243153,,,,,,,,,,,
440,3.5,0.3335234727,0.333170984179,0.333452974996,0.3335234727,,,,,,,,,,,
560,7.8,0.333403323556,0.333179597961,0.333358578437,0.333403323556,,,,,,,,,,,
480,4.6,0.334229734959,0.333288388714,0.333476657963,0.333288388714,,,,,,,,,,,
600,5.9,0.333216815362,0.333216815362,0.333216815362,0.333216815362,,,,,,,,,,,
560,7.5,0.335713961864,0.333087792847,0.333613026651,0.333087792847,,,,,,,,,,,
480,4.7,0.333139366086,0.33302358547,0.333046741593,0.33302358547,,,,,,,,,,,
560,9,0.333308925065,0.332715729758,0.33283436882,0.332715729758,,,,,,,,,,,
480,5.2,0.332615553994,0.332615553994,0.332615553994,0.332615553994,,,,,,,,,,,
560,9.5,0.332814387068,0.332567820463,0.332617133784,0.332567820463,,,,,,,,,,,
500,5.9,0.332647863185,0.332387205942,0.332439337391,0.332387205942,,,,,,,,,,,
480,5.1,0.332323942569,0.332323942569,0.332323942569,0.332323942569,,,,,,,,,,,
440,3.5,0.333413109988,0.332188932018,0.332433767612,0.332188932018,,,,,,,,,,,
480,5,0.332406472996,0.332180127033,0.332225396226,0.332180127033,,,,,,,,,,,
480,4.9,0.331984337284,0.331834393617,0.33195434855,0.331984337284,,,,,,,,,,,
520,5.9,0.331815314433,0.331766798575,0.331776501747,0.331766798575,,,,,,,,,,,
480,5.3,0.331553178388,0.330330635722,0.331308669855,0.331553178388,,,,,,,,,,,
480,5.5,0.330380514091,0.329609670357,0.330226345344,0.330380514091,,,,,,,,,,,
480,5.4,0.329955732106,0.329416206428,0.32984782697,0.329955732106,,,,,,,,,,,
400,5,0.330259653818,0.329786609427,0.329881218305,0.329786609427,,,,,,,,,,,
480,5.6,0.329609670357,0.329360044819,0.32955974525,0.329609670357,,,,,,,,,,,
360,3.5,0.330469063139,0.329104842307,0.329377686474,0.329104842307,,,,,,,,,,,
360,3.5,0.329554284173,0.329104842307,0.32919473068,0.329104842307,,,,,,,,,,,
480,5.9,0.328765206901,0.328765206901,0.328765206901,0.328765206901,,,,,,,,,,,
600,7,0.328696750022,0.328413530075,0.328640106032,0.328696750022,,,,,,,,,,,
400,5,0.329947150215,0.328692031189,0.328943054994,0.328692031189,,,,,,,,,,,
500,7,0.328616817218,0.328296651697,0.328552784114,0.328616817218,,,,,,,,,,,
400,5.5,0.32833666124,0.327181567168,0.328105642426,0.32833666124,,,,,,,,,,,
400,5.5,0.32833666124,0.325445981782,0.327758525349,0.32833666124,,,,,,,,,,,
600,7.6,0.328137586162,0.326900669759,0.327890202881,0.328137586162,,,,,,,,,,,
500,7.8,0.327848020596,0.327738332997,0.327826083076,0.327848020596,,,,,,,,,,,
600,7.5,0.327681504305,0.32730095291,0.327605394026,0.327681504305,,,,,,,,,,,
600,7.4,0.328715078675,0.327659908985,0.327870942923,0.327659908985,,,,,,,,,,,
500,7.5,0.327432695536,0.326054739121,0.327157104253,0.327432695536,,,,,,,,,,,
340,4,0.32667562586,0.325939284229,0.326528357534,0.32667562586,,,,,,,,,,,
340,4,0.32706949001,0.326343933313,0.326489044652,0.326343933313,,,,,,,,,,,
500,7.4,0.326289504587,0.326289504587,0.326289504587,0.326289504587,,,,,,,,,,,
500,7.6,0.328309633033,0.325744552703,0.326257568769,0.325744552703,,,,,,,,,,,
600,7.8,0.325287671419,0.325287671419,0.325287671419,0.325287671419,,,,,,,,,,,
500,9,0.325183343098,0.324768404068,0.325100355292,0.325183343098,,,,,,,,,,,
440,4,0.325080694616,0.325080694616,0.325080694616,0.325080694616,,,,,,,,,,,
440,4,0.325080694616,0.325080694616,0.325080694616,0.325080694616,,,,,,,,,,,
600,8,0.3257448713,0.324989522317,0.325140592114,0.324989522317,,,,,,,,,,,
500,8.5,0.325516977812,0.324839142495,0.324974709558,0.324839142495,,,,,,,,,,,
600,8.5,0.324521971893,0.324449695093,0.324507516533,0.324521971893,,,,,,,,,,,
600,10,0.324376266939,0.323750214224,0.324251056396,0.324376266939,,,,,,,,,,,
440,4.2,0.32421940091,0.32421940091,0.32421940091,0.32421940091,,,,,,,,,,,
600,9,0.324191232763,0.323688618896,0.32409070999,0.324191232763,,,,,,,,,,,
520,7,0.324114261086,0.323837898549,0.324058988579,0.324114261086,,,,,,,,,,,
480,7,0.3240049887,0.323659274509,0.323935845862,0.3240049887,,,,,,,,,,,
520,7.5,0.323748349895,0.321299295735,0.323258539063,0.323748349895,,,,,,,,,,,
440,4.2,0.32421940091,0.323593785095,0.323718908258,0.323593785095,,,,,,,,,,,
500,10,0.323429802365,0.323015130311,0.323346867954,0.323429802365,,,,,,,,,,,
500,9.5,0.323646013625,0.323368058762,0.323423649735,0.323368058762,,,,,,,,,,,
600,9.5,0.323844178492,0.323352688618,0.323450986593,0.323352688618,,,,,,,,,,,
520,10,0.323016294218,0.320507615077,0.32251455839,0.323016294218,,,,,,,,,,,
480,7.8,0.323504682521,0.322971101677,0.323077817845,0.322971101677,,,,,,,,,,,
520,8.5,0.323449979096,0.322916218891,0.323022970932,0.322916218891,,,,,,,,,,,
480,8.5,0.322834827084,0.322663640305,0.32269787766,0.322663640305,,,,,,,,,,,
520,9.5,0.323239124413,0.322653672265,0.322770762694,0.322653672265,,,,,,,,,,,
300,7,0.322607678279,0.321784003944,0.322442943412,0.322607678279,,,,,,,,,,,
480,7.4,0.322485942594,0.321956618434,0.322380077762,0.322485942594,,,,,,,,,,,
520,9,0.322653672265,0.32227164664,0.322348051765,0.32227164664,,,,,,,,,,,
480,7.5,0.322112229042,0.322019931174,0.322093769468,0.322112229042,,,,,,,,,,,
520,7.6,0.322086491484,0.321360617556,0.321941316698,0.322086491484,,,,,,,,,,,
250,4.5,0.32193603327,0.320643525871,0.32167753179,0.32193603327,,,,,,,,,,,
520,7.4,0.323393450982,0.321846950591,0.322156250669,0.321846950591,,,,,,,,,,,
80,5,0.321710519962,0.30494499056,0.318357414082,0.321710519962,,,,,,,,,,,
250,4.5,0.321845728513,0.321678328276,0.321711808323,0.321678328276,,,,,,,,,,,
520,7.8,0.323695062778,0.321643159067,0.322053539809,0.321643159067,,,,,,,,,,,
400,3.5,0.321824681563,0.321518738259,0.32157992692,0.321518738259,,,,,,,,,,,
400,3.5,0.321518738259,0.321193908014,0.32145377221,0.321518738259,,,,,,,,,,,
80,5.5,0.321431565425,0.305826941749,0.318310640689,0.321431565425,,,,,,,,,,,
480,7.6,0.322030437467,0.321215910477,0.321378815875,0.321215910477,,,,,,,,,,,
440,4.4,0.321223690473,0.320830467404,0.320909112018,0.320830467404,,,,,,,,,,,
76,5,0.320494131065,0.306123351781,0.317619975209,0.320494131065,,,,,,,,,,,
340,4.2,0.320492426239,0.320218630141,0.32043766702,0.320492426239,,,,,,,,,,,
480,9.5,0.320342686885,0.319482200433,0.320170589594,0.320342686885,,,,,,,,,,,
380,3.5,0.320794968644,0.32029645457,0.320396157385,0.32029645457,,,,,,,,,,,
380,3.5,0.32029645457,0.32029645457,0.32029645457,0.32029645457,,,,,,,,,,,
480,9,0.31991487275,0.319550501659,0.319841998532,0.31991487275,,,,,,,,,,,
480,10,0.318926799943,0.318203646461,0.318782169247,0.318926799943,,,,,,,,,,,
300,7.8,0.318538051646,0.317731713797,0.317892981367,0.317731713797,,,,,,,,,,,
300,7.5,0.3184279626,0.31768154807,0.317830830976,0.31768154807,,,,,,,,,,,
300,7.6,0.318225454273,0.317293987612,0.317480280944,0.317293987612,,,,,,,,,,,
250,5,0.31707348905,0.316946999539,0.317048191147,0.31707348905,,,,,,,,,,,
200,5,0.316966672239,0.316595283504,0.316892394492,0.316966672239,,,,,,,,,,,
250,5,0.316946999539,0.316946999539,0.316946999539,0.316946999539,,,,,,,,,,,
440,4.6,0.316637568347,0.316047725539,0.316519599785,0.316637568347,,,,,,,,,,,
440,5.6,0.31638239368,0.315637557168,0.316233426378,0.31638239368,,,,,,,,,,,
440,4.7,0.316843917307,0.316229204722,0.316352147239,0.316229204722,,,,,,,,,,,
200,5,0.315356692316,0.314938660832,0.315273086019,0.315356692316,,,,,,,,,,,
300,8,0.316193475011,0.315322701832,0.315496856468,0.315322701832,,,,,,,,,,,
440,5.3,0.315285649876,0.313981208335,0.315024761568,0.315285649876,,,,,,,,,,,
300,8.5,0.314864182684,0.314280444472,0.314747435042,0.314864182684,,,,,,,,,,,
380,4,0.314843383448,0.314737666644,0.314822240087,0.314843383448,,,,,,,,,,,
440,5.1,0.314552134504,0.313301447786,0.31430199716,0.314552134504,,,,,,,,,,,
440,5.4,0.3145168555,0.313929700789,0.314399424558,0.3145168555,,,,,,,,,,,
440,5.5,0.314247080585,0.314247080585,0.314247080585,0.314247080585,,,,,,,,,,,
440,5.2,0.314108253137,0.313879754067,0.314062553323,0.314108253137,,,,,,,,,,,
440,5,0.314097631329,0.313347865188,0.313947678101,0.314097631329,,,,,,,,,,,
380,4,0.315010358262,0.313980079123,0.31418613495,0.313980079123,,,,,,,,,,,
200,5.5,0.313923100777,0.313567864582,0.313852053538,0.313923100777,,,,,,,,,,,
440,4.9,0.314373108111,0.313740949265,0.313867381034,0.313740949265,,,,,,,,,,,
250,5.5,0.313567819457,0.313066991611,0.313467653888,0.313567819457,,,,,,,,,,,
200,5.5,0.313119543358,0.313076178953,0.313110870477,0.313119543358,,,,,,,,,,,
340,4.4,0.313235188089,0.313087800443,0.313117277972,0.313087800443,,,,,,,,,,,
250,5.5,0.31297301818,0.312808170823,0.312940048709,0.31297301818,,,,,,,,,,,
440,5.9,0.312812112208,0.312753442353,0.312800378237,0.312812112208,,,,,,,,,,,
150,4.5,0.313113240023,0.312605857181,0.31270733375,0.312605857181,,,,,,,,,,,
150,4.5,0.313049629939,0.312513628284,0.312620828615,0.312513628284,,,,,,,,,,,
380,4.2,0.311599976904,0.311599976904,0.311599976904,0.311599976904,,,,,,,,,,,
400,4,0.310423568667,0.309835455813,0.310305946096,0.310423568667,,,,,,,,,,,
340,4.5,0.310495501676,0.31032392375,0.310358239335,0.31032392375,,,,,,,,,,,
300,9,0.310110177266,0.309743297699,0.310036801352,0.310110177266,,,,,,,,,,,
400,4,0.309835455813,0.309835455813,0.309835455813,0.309835455813,,,,,,,,,,,
150,5,0.309339118048,0.308974201549,0.309266134748,0.309339118048,,,,,,,,,,,
150,5.5,0.309331726561,0.309258791885,0.30927337882,0.309258791885,,,,,,,,,,,
150,5,0.308910075742,0.307492120717,0.308626484737,0.308910075742,,,,,,,,,,,
400,4.2,0.308766870261,0.308766870261,0.308766870261,0.308766870261,,,,,,,,,,,
300,9.5,0.30871633587,0.30871633587,0.30871633587,0.30871633587,,,,,,,,,,,
360,4,0.308489139823,0.307789129201,0.308349137698,0.308489139823,,,,,,,,,,,
440,7,0.308715461665,0.308081860758,0.30820858094,0.308081860758,,,,,,,,,,,
80,4.5,0.322192981361,0.307963040256,0.310809028477,0.307963040256,,,,,,,,,,,
360,4,0.307926093722,0.307789129201,0.307898700818,0.307926093722,,,,,,,,,,,
300,10,0.30775876959,0.307568043912,0.307606189047,0.307568043912,,,,,,,,,,,
340,4.6,0.307514515323,0.3073783979,0.307487291838,0.307514515323,,,,,,,,,,,
71,5,0.307343989638,0.306338514377,0.307142894586,0.307343989638,,,,,,,,,,,
80,5,0.308804915575,0.306963880512,0.307332087524,0.306963880512,,,,,,,,,,,
80,4.5,0.306847785522,0.306585919397,0.306795412297,0.306847785522,,,,,,,,,,,
150,5.5,0.307324479704,0.306537438168,0.306694846475,0.306537438168,,,,,,,,,,,
440,7.8,0.30625032483,0.30625032483,0.30625032483,0.30625032483,,,,,,,,,,,
400,4.5,0.306240979952,0.305406516421,0.306074087246,0.306240979952,,,,,,,,,,,
440,7.4,0.306128966661,0.30611031112,0.306125235553,0.306128966661,,,,,,,,,,,
440,7.5,0.306011655093,0.306011655093,0.306011655093,0.306011655093,,,,,,,,,,,
440,7.6,0.306245559279,0.305995373175,0.306045410396,0.305995373175,,,,,,,,,,,
76,5,0.306391429581,0.305953287412,0.306040915846,0.305953287412,,,,,,,,,,,
380,4.4,0.306204701296,0.305920264787,0.305977152089,0.305920264787,,,,,,,,,,,
71,4.5,0.30641136587,0.305833590557,0.30594914562,0.305833590557,,,,,,,,,,,
76,4.5,0.306477529432,0.305707419804,0.30586144173,0.305707419804,,,,,,,,,,,
76,4.5,0.306038350284,0.305707419804,0.3057736059,0.305707419804,,,,,,,,,,,
71,5.5,0.318351976589,0.305681130754,0.308215299921,0.305681130754,,,,,,,,,,,
71,4.5,0.305405535079,0.304804547564,0.305285337576,0.305405535079,,,,,,,,,,,
340,4.7,0.305395863407,0.304998361345,0.305316362994,0.305395863407,,,,,,,,,,,
80,5.5,0.306298863397,0.305214802783,0.305431614906,0.305214802783,,,,,,,,,,,
76,5.5,0.321513987898,0.305186570673,0.308452054118,0.305186570673,,,,,,,,,,,
71,5.5,0.306145347667,0.305138381499,0.305339774732,0.305138381499,,,,,,,,,,,
400,4.4,0.305446191019,0.304790053978,0.304921281386,0.304790053978,,,,,,,,,,,
76,5.5,0.305514217685,0.304676961118,0.304844412431,0.304676961118,,,,,,,,,,,
71,5,0.320988834268,0.304541767746,0.30783118105,0.304541767746,,,,,,,,,,,
400,4.6,0.304300931681,0.304022120175,0.30424516938,0.304300931681,,,,,,,,,,,
440,8.5,0.30421827497,0.30421827497,0.30421827497,0.30421827497,,,,,,,,,,,
380,4.5,0.304499995174,0.304170439581,0.3042363507,0.304170439581,,,,,,,,,,,
440,9,0.303597060468,0.303031648252,0.303483978025,0.303597060468,,,,,,,,,,,
400,4.7,0.302944547813,0.30273055799,0.302901749848,0.302944547813,,,,,,,,,,,
440,9.5,0.302481513416,0.302110477945,0.302407306322,0.302481513416,,,,,,,,,,,
340,4.8,0.302445810506,0.302404835848,0.302437615574,0.302445810506,,,,,,,,,,,
440,10,0.3019121698,0.301654965815,0.301706406612,0.301654965815,,,,,,,,,,,
400,4.8,0.301641869072,0.30155124439,0.301569369327,0.30155124439,,,,,,,,,,,
360,4.2,0.301280777673,0.300720882409,0.30116879862,0.301280777673,,,,,,,,,,,
380,4.6,0.301271058643,0.299142073549,0.300845261624,0.301271058643,,,,,,,,,,,
340,4.9,0.300829454042,0.300100719776,0.300246466629,0.300100719776,,,,,,,,,,,
360,4.4,0.299873700131,0.299873700131,0.299873700131,0.299873700131,,,,,,,,,,,
400,4.9,0.299644259828,0.299399605014,0.299595328865,0.299644259828,,,,,,,,,,,
380,4.7,0.298925117805,0.298925117805,0.298925117805,0.298925117805,,,,,,,,,,,
340,5,0.300019629436,0.298430834254,0.29874859329,0.298430834254,,,,,,,,,,,
340,5.1,0.298064487434,0.297084234483,0.297868436844,0.298064487434,,,,,,,,,,,
400,5,0.297956506371,0.297554166776,0.297876038452,0.297956506371,,,,,,,,,,,
380,4.8,0.297868025325,0.29719788601,0.297733997462,0.297868025325,,,,,,,,,,,
400,5.1,0.297735856964,0.297153618629,0.297619409297,0.297735856964,,,,,,,,,,,
340,5.2,0.296901187572,0.295343805733,0.296589711204,0.296901187572,,,,,,,,,,,
400,5.6,0.295724611925,0.292286019694,0.295036893479,0.295724611925,,,,,,,,,,,
360,4.5,0.295559069992,0.295227139849,0.295492683963,0.295559069992,,,,,,,,,,,
380,4.9,0.295179803498,0.295031978843,0.295061543774,0.295031978843,,,,,,,,,,,
380,5.2,0.294598495423,0.294494573741,0.294577711087,0.294598495423,,,,,,,,,,,
400,5.9,0.294627544323,0.294362992806,0.294415903109,0.294362992806,,,,,,,,,,,
360,4.6,0.294423314076,0.294247650496,0.294282783212,0.294247650496,,,,,,,,,,,
380,5.5,0.293960545935,0.293815788226,0.293931594393,0.293960545935,,,,,,,,,,,
400,5.2,0.294551786644,0.293912143115,0.294040071821,0.293912143115,,,,,,,,,,,
400,7,0.293539057572,0.292659300246,0.293363106107,0.293539057572,,,,,,,,,,,
380,5.4,0.293491165281,0.293491165281,0.293491165281,0.293491165281,,,,,,,,,,,
380,5.1,0.293459575035,0.292944217064,0.293356503441,0.293459575035,,,,,,,,,,,
400,5.3,0.293427194321,0.293128568908,0.293367469238,0.293427194321,,,,,,,,,,,
360,4.7,0.293066420338,0.293066420338,0.293066420338,0.293066420338,,,,,,,,,,,
380,5,0.293582300719,0.292868212524,0.293011030163,0.292868212524,,,,,,,,,,,
400,5.4,0.29264110401,0.292518463328,0.292542991464,0.292518463328,,,,,,,,,,,
380,5.6,0.292391167463,0.292157983816,0.292344530733,0.292391167463,,,,,,,,,,,
400,5.7,0.294932058628,0.292024624324,0.292606111185,0.292024624324,,,,,,,,,,,
360,4.8,0.291576988183,0.291560354887,0.291573661524,0.291576988183,,,,,,,,,,,
380,5.7,0.291512092321,0.291343193495,0.291478312556,0.291512092321,,,,,,,,,,,
360,4.9,0.291488726419,0.291382109347,0.291403432761,0.291382109347,,,,,,,,,,,
400,5.5,0.291267891818,0.290880232217,0.291190359898,0.291267891818,,,,,,,,,,,
340,5.3,0.29113349658,0.29113349658,0.29113349658,0.29113349658,,,,,,,,,,,
400,7.4,0.290192884946,0.289745461895,0.290103400336,0.290192884946,,,,,,,,,,,
360,5,0.289373908352,0.288969741743,0.28929307503,0.289373908352,,,,,,,,,,,
360,5.4,0.289335564898,0.28926166056,0.289320784031,0.289335564898,,,,,,,,,,,
380,5.9,0.289389071411,0.289159548693,0.289205453236,0.289159548693,,,,,,,,,,,
340,5.4,0.288774799266,0.288746491532,0.288769137719,0.288774799266,,,,,,,,,,,
400,7.5,0.288523430846,0.288452067243,0.288466339963,0.288452067243,,,,,,,,,,,
360,5.5,0.288351711999,0.288219350652,0.288325239729,0.288351711999,,,,,,,,,,,
400,7.6,0.288241922423,0.288241922423,0.288241922423,0.288241922423,,,,,,,,,,,
360,5.1,0.287626482064,0.286974143943,0.28749601444,0.287626482064,,,,,,,,,,,
400,8,0.287469079232,0.287469079232,0.287469079232,0.287469079232,,,,,,,,,,,
340,5.5,0.286764370625,0.286639768387,0.286739450177,0.286764370625,,,,,,,,,,,
360,5.6,0.286687896832,0.286533975357,0.286657112537,0.286687896832,,,,,,,,,,,
360,5.2,0.28638988865,0.28606364638,0.286324640196,0.28638988865,,,,,,,,,,,
340,5.6,0.286268578962,0.285932490521,0.286201361274,0.286268578962,,,,,,,,,,,
400,8.5,0.285720723056,0.285720723056,0.285720723056,0.285720723056,,,,,,,,,,,
340,5.7,0.285585235886,0.285232025314,0.285302667429,0.285232025314,,,,,,,,,,,
360,5.7,0.28461436794,0.283673379359,0.284426170224,0.28461436794,,,,,,,,,,,
380,7,0.284524665557,0.28419547211,0.284458826867,0.284524665557,,,,,,,,,,,
400,9.5,0.284062891543,0.283165998865,0.283883513007,0.284062891543,,,,,,,,,,,
400,9,0.284313307479,0.283883440415,0.283969413828,0.283883440415,,,,,,,,,,,
400,10,0.283108967322,0.282045811304,0.282896336118,0.283108967322,,,,,,,,,,,
380,7.5,0.28338853354,0.282654427086,0.282801248377,0.282654427086,,,,,,,,,,,
340,5.9,0.282651391108,0.282651391108,0.282651391108,0.282651391108,,,,,,,,,,,
360,5.9,0.282575145195,0.281985668833,0.282457249923,0.282575145195,,,,,,,,,,,
380,7.6,0.280273912396,0.279563931124,0.280131916142,0.280273912396,,,,,,,,,,,
380,7.8,0.27908571795,0.27900371036,0.279020111878,0.27900371036,,,,,,,,,,,
360,7,0.278515700392,0.277693515708,0.278351263456,0.278515700392,,,,,,,,,,,
380,8,0.278504680795,0.278397503501,0.27841893896,0.278397503501,,,,,,,,,,,
380,8.5,0.278334611276,0.278148944431,0.278297477907,0.278334611276,,,,,,,,,,,
360,7.5,0.277214472767,0.276794263321,0.27687830521,0.276794263321,,,,,,,,,,,
380,9,0.276567571966,0.275128981992,0.276279853972,0.276567571966,,,,,,,,,,,
360,7.4,0.275953315436,0.275243484626,0.275811349274,0.275953315436,,,,,,,,,,,
360,7.6,0.276392178937,0.275698555523,0.275837280206,0.275698555523,,,,,,,,,,,
360,7.8,0.275882271462,0.275537321837,0.275606311762,0.275537321837,,,,,,,,,,,
360,8,0.274683815196,0.274646804979,0.274676413152,0.274683815196,,,,,,,,,,,
380,10,0.274339656568,0.273991987791,0.274270122812,0.274339656568,,,,,,,,,,,
380,9.5,0.274296507368,0.273926330818,0.274000366128,0.273926330818,,,,,,,,,,,
360,10,0.27361734642,0.271285329051,0.273150942947,0.27361734642,,,,,,,,,,,
360,8.5,0.273724560524,0.273513375609,0.273555612592,0.273513375609,,,,,,,,,,,
360,9,0.272719488516,0.269397664941,0.272055123801,0.272719488516,,,,,,,,,,,
360,9.5,0.272636451963,0.271547383264,0.272418638223,0.272636451963,,,,,,,,,,,
340,7,0.271467640375,0.271453267178,0.271456141817,0.271453267178,,,,,,,,,,,
340,7.8,0.270649800869,0.270307438686,0.270581328433,0.270649800869,,,,,,,,,,,
340,7.6,0.270800405004,0.270575725496,0.270620661398,0.270575725496,,,,,,,,,,,
340,7.4,0.270402534295,0.269243937167,0.27017081487,0.270402534295,,,,,,,,,,,
340,8,0.270015952871,0.269634485243,0.269710778768,0.269634485243,,,,,,,,,,,
340,7.5,0.271812880312,0.269482489163,0.269948567393,0.269482489163,,,,,,,,,,,
340,8.5,0.267190258884,0.267190258884,0.267190258884,0.267190258884,,,,,,,,,,,
340,9.5,0.266732979142,0.266518090536,0.266690001421,0.266732979142,,,,,,,,,,,
340,9,0.265757496952,0.265757496952,0.265757496952,0.265757496952,,,,,,,,,,,
340,10,0.265240009753,0.264834333925,0.265158874588,0.265240009753,,,,,,,,,,,
