,NMI_avg,NMI_max,NMI_med,NMI_min,algo_choice,protein
13,0.461016882809,0.461016882809,0.461016882809,0.461016882809,1,gb1
14,0.482772621385,0.482772621385,0.482772621385,0.482772621385,1,gb1
15,0.486349620862,0.486349620862,0.486349620862,0.486349620862,1,gb1
16,0.444196864712,0.444198176062,0.444196536875,0.444196536875,1,gb1
17,0.481717048205,0.481748598511,0.481709160629,0.481709160629,1,gb1
18,0.486492240783,0.486492240783,0.486492240783,0.486492240783,1,gb1
19,0.485880819698,0.485880819698,0.485880819698,0.485880819698,1,gb1
20,0.486529645529,0.486529645529,0.486529645529,0.486529645529,1,gb1
21,0.48717183631800004,0.48717183631800004,0.48717183631800004,0.48717183631800004,1,gb1
22,0.48681940173199995,0.48681940173199995,0.48681940173199995,0.48681940173199995,1,gb1
23,0.48738588493699997,0.48738588493699997,0.48738588493699997,0.48738588493699997,1,gb1
24,0.447215592237,0.447215592237,0.447215592237,0.447215592237,1,gb1
25,0.492514204256,0.49252782003999995,0.49252782003999995,0.49245974111900004,1,gb1
26,0.447932982814,0.447932982814,0.447932982814,0.447932982814,1,gb1
27,0.493936051164,0.493936051164,0.493936051164,0.493936051164,1,gb1
28,0.498548628963,0.498548628963,0.498548628963,0.498548628963,1,gb1
29,0.5043920723659999,0.5043920723659999,0.5043920723659999,0.5043920723659999,1,gb1
30,0.494523821628,0.494523821628,0.494523821628,0.494523821628,1,gb1
31,0.494311024762,0.494311024762,0.494311024762,0.494311024762,1,gb1
32,0.504499291809,0.504499291809,0.504499291809,0.504499291809,1,gb1
33,0.504836325029,0.504847341865,0.504847341865,0.504792257689,1,gb1
34,0.4939361347899999,0.4939361347899999,0.4939361347899999,0.4939361347899999,1,gb1
35,0.5053383592490001,0.5053383592490001,0.5053383592490001,0.5053383592490001,1,gb1
36,0.494240846611,0.494240846611,0.494240846611,0.494240846611,1,gb1
37,0.494359740099,0.494359740099,0.494359740099,0.494359740099,1,gb1
38,0.503482920859,0.503482920859,0.503482920859,0.503482920859,1,gb1
39,0.44770190339500004,0.44770190339500004,0.44770190339500004,0.44770190339500004,1,gb1
40,0.48950425731799996,0.48950425731799996,0.48950425731799996,0.48950425731799996,1,gb1
41,0.44126181800399994,0.44126181800399994,0.44126181800399994,0.44126181800399994,1,gb1
42,0.492205271553,0.492205271553,0.492205271553,0.492205271553,1,gb1
43,0.493017787715,0.493017787715,0.493017787715,0.493017787715,1,gb1
44,0.49384491070299996,0.493858846665,0.493858846665,0.493789166856,1,gb1
45,0.49507799601400004,0.49507799601400004,0.49507799601400004,0.49507799601400004,1,gb1
46,0.494426548089,0.494426548089,0.494426548089,0.494426548089,1,gb1
47,0.49537565248599996,0.49537565248599996,0.49537565248599996,0.49537565248599996,1,gb1
48,0.453230310468,0.453230310468,0.453230310468,0.453230310468,1,gb1
49,0.479876135664,0.479876135664,0.479876135664,0.479876135664,1,gb1
50,0.480376761405,0.480376761405,0.480376761405,0.480376761405,1,gb1
51,0.5030280169269999,0.5030280169269999,0.5030280169269999,0.5030280169269999,1,gb1
52,0.5025417735100001,0.5025417735100001,0.5025417735100001,0.5025417735100001,1,gb1
53,0.49946984163900005,0.49946984163900005,0.49946984163900005,0.49946984163900005,1,gb1
54,0.499100946911,0.499100946911,0.499100946911,0.499100946911,1,gb1
55,0.499104990348,0.499104990348,0.499104990348,0.499104990348,1,gb1
56,0.49915480806699997,0.49915480806699997,0.49915480806699997,0.49915480806699997,1,gb1
57,0.499209698526,0.499209698526,0.499209698526,0.499209698526,1,gb1
58,0.473459302652,0.473459302652,0.473459302652,0.473459302652,1,gb1
59,0.437718465647,0.437718465647,0.437718465647,0.437718465647,1,gb1
60,0.43859358773400003,0.43859358773400003,0.43859358773400003,0.43859358773400003,1,gb1
61,0.438908930202,0.438908930202,0.438908930202,0.438908930202,1,gb1
62,0.439023437177,0.439023437177,0.439023437177,0.439023437177,1,gb1
63,0.439469828795,0.439469828795,0.439469828795,0.439469828795,1,gb1
64,0.321146094018,0.321153603086,0.321144216752,0.321144216752,3,gb1
65,0.447203105084,0.447203105084,0.447203105084,0.447203105084,1,gb1
66,0.33964044626699996,0.33968292670100003,0.339629826159,0.339629826159,3,gb1
67,0.447338053318,0.44736346237400004,0.44733170105400005,0.44733170105400005,1,gb1
68,0.33891073593599996,0.339054664346,0.338874753834,0.338874753834,3,gb1
69,0.447405323315,0.447405323315,0.447405323315,0.447405323315,1,gb1
70,0.343414396922,0.343823781387,0.343312050806,0.343312050806,3,gb1
71,0.301109082749,0.30120476175099997,0.30120476175099997,0.30072636674000003,3,gb1
72,0.44740869108599995,0.44740869108599995,0.44740869108599995,0.44740869108599995,1,gb1
73,0.339453538888,0.339455980097,0.339455980097,0.339443774052,3,gb1
74,0.338071851884,0.338348447169,0.338002703063,0.338002703063,3,gb1
75,0.44750633203,0.44750633203,0.44750633203,0.44750633203,1,gb1
76,0.343137279945,0.34341690440800005,0.343067373829,0.343067373829,3,gb1
77,0.34470618003,0.34470618003,0.34470618003,0.34470618003,3,gb1
78,0.437005370819,0.437005370819,0.437005370819,0.437005370819,1,gb1
79,0.297875721061,0.297910781123,0.297910781123,0.297735480812,3,gb1
80,0.422034567341,0.422039276419,0.422039276419,0.422015731027,1,gb1
81,0.342440566343,0.34249349304399995,0.34242733466700004,0.34242733466700004,3,gb1
82,0.437619886689,0.437619886689,0.437619886689,0.437619886689,1,gb1
83,0.40816213891099995,0.40816213891099995,0.40816213891099995,0.40816213891099995,1,gb1
84,0.46247330843900003,0.46247330843900003,0.46247330843900003,0.46247330843900003,1,gb1
85,0.462594329599,0.462594329599,0.462594329599,0.462594329599,1,gb1
86,0.46271590654600003,0.46271590654600003,0.46271590654600003,0.46271590654600003,1,gb1
87,0.46293132019199995,0.46293132019199995,0.46293132019199995,0.46293132019199995,1,gb1
88,0.462962761203,0.462962761203,0.462962761203,0.462962761203,1,gb1
89,0.463003596769,0.463003596769,0.463003596769,0.463003596769,1,gb1
90,0.463023386422,0.463023386422,0.463023386422,0.463023386422,1,gb1
91,0.398390753925,0.398390753925,0.398390753925,0.398390753925,1,gb1
92,0.375805067522,0.375805067522,0.375805067522,0.375805067522,1,gb1
93,0.33730483121699995,0.337309477428,0.337309477428,0.337286246371,3,gb1
94,0.37613850501,0.37613850501,0.37613850501,0.37613850501,1,gb1
95,0.349168049807,0.349168049807,0.349168049807,0.349168049807,3,gb1
96,0.372607657726,0.372665319024,0.372665319024,0.37237701253399996,3,gb1
97,0.376598197448,0.376598197448,0.376598197448,0.376598197448,1,gb1
98,0.376661856625,0.376661856625,0.376661856625,0.376661856625,1,gb1
99,0.376942479339,0.376942479339,0.376942479339,0.376942479339,1,gb1
100,0.347098051168,0.347101601017,0.347097163706,0.347097163706,3,gb1
101,0.33883478638400005,0.33883478638400005,0.33883478638400005,0.33883478638400005,3,gb1
102,0.337698433885,0.337781911512,0.337677564478,0.337677564478,3,gb1
103,0.376973274616,0.376973274616,0.376973274616,0.376973274616,1,gb1
104,0.34927908069799996,0.34929393140799997,0.34929393140799997,0.34921967785400004,3,gb1
105,0.37027037910800004,0.370401002787,0.370237723188,0.370237723188,3,gb1
106,0.321286248746,0.321294449228,0.321294449228,0.321253446819,3,gb1
107,0.37704721300800004,0.37704721300800004,0.37704721300800004,0.37704721300800004,1,gb1
108,0.341899714277,0.34194334072800003,0.34194334072800003,0.34172520846999993,3,gb1
109,0.37710131883599995,0.37710131883599995,0.37710131883599995,0.37710131883599995,1,gb1
110,0.34284710528800005,0.342866968229,0.342842139553,0.342842139553,3,gb1
111,0.352589019618,0.352590447943,0.352590447943,0.352583306317,3,gb1
112,0.356131748091,0.356155753438,0.356155753438,0.35603572670100003,3,gb1
113,0.377067189316,0.377067189316,0.377067189316,0.377067189316,1,gb1
114,0.359477406418,0.359495164821,0.359495164821,0.35940637280599996,3,gb1
115,0.377202869938,0.377202869938,0.377202869938,0.377202869938,1,gb1
116,0.369457478011,0.369460170455,0.36945680490000005,0.36945680490000005,3,gb1
117,0.37704780376,0.377054352919,0.37704616647100003,0.37704616647100003,1,gb1
118,0.382500251432,0.382500251432,0.382500251432,0.382500251432,1,gb1
119,0.391361278539,0.391361278539,0.391361278539,0.391361278539,1,gb1
120,0.378109837431,0.378109837431,0.378109837431,0.378109837431,1,gb1
121,0.378199671403,0.37820817897799996,0.37820817897799996,0.37816564110399997,1,gb1
122,0.378220086871,0.378220086871,0.378220086871,0.378220086871,1,gb1
123,0.378418602525,0.378418602525,0.378418602525,0.378418602525,1,gb1
124,0.378499975632,0.378499975632,0.378499975632,0.378499975632,1,gb1
125,0.321442136542,0.321442136542,0.321442136542,0.321442136542,3,gb1
126,0.37857530128,0.37857530128,0.37857530128,0.37857530128,1,gb1
127,0.378573245991,0.378573245991,0.378573245991,0.378573245991,1,gb1
128,0.347682025933,0.347687729907,0.347687729907,0.34765921003600003,3,gb1
129,0.360499677475,0.360553646283,0.360486185273,0.360486185273,3,gb1
130,0.34944713833700003,0.34945942140299996,0.34945942140299996,0.34939800607199994,3,gb1
131,0.37857530128,0.37857530128,0.37857530128,0.37857530128,1,gb1
132,0.340980996231,0.340980996231,0.340980996231,0.340980996231,3,gb1
133,0.37857040644900003,0.37857040644900003,0.37857040644900003,0.37857040644900003,1,gb1
134,0.335058289464,0.335058289464,0.335058289464,0.335058289464,3,gb1
135,0.335509653923,0.335524583793,0.335505921456,0.335505921456,3,gb1
136,0.37856554867,0.37856554867,0.37856554867,0.37856554867,1,gb1
137,0.35068016537,0.35081587238399997,0.35064623861599997,0.35064623861599997,3,gb1
138,0.356742416932,0.356742425215,0.356742425215,0.35674238380199996,3,gb1
139,0.37856554867,0.37856554867,0.37856554867,0.37856554867,1,gb1
140,0.330268756241,0.330268756241,0.330268756241,0.330268756241,3,gb1
141,0.34569018337800006,0.345692142796,0.345692142796,0.34568234570699996,3,gb1
142,0.32846123978,0.328465585181,0.328465585181,0.328443858176,3,gb1
143,0.349474550825,0.349524611143,0.34946203574600004,0.34946203574600004,3,gb1
144,0.33390250209899996,0.333915944491,0.333915944491,0.333848732529,3,gb1
145,0.337616477232,0.337616477232,0.337616477232,0.337616477232,3,gb1
146,0.331418648065,0.331421783154,0.331421783154,0.331406107709,3,gb1
147,0.35439958182099995,0.35444610715499997,0.354387950488,0.354387950488,3,gb1
148,0.320368239529,0.320375453305,0.320375453305,0.320339384429,3,gb1
149,0.356782804277,0.35688779835600004,0.356756555757,0.356756555757,3,gb1
150,0.329518899037,0.329528330037,0.329528330037,0.329481175038,3,gb1
151,0.323287214737,0.323328955704,0.323276779495,0.323276779495,3,gb1
152,0.314576001155,0.314576001155,0.314576001155,0.314576001155,3,gb1
153,0.32159486106,0.321606868396,0.32159185922600003,0.32159185922600003,3,gb1
154,0.33965954305,0.339741200031,0.339639128805,0.339639128805,3,gb1
155,0.348516664578,0.348737254265,0.348461517156,0.348461517156,3,gb1
156,0.32875218646,0.328791817339,0.328742278741,0.328742278741,3,gb1
157,0.353208486386,0.35322769517499997,0.353203684189,0.353203684189,3,gb1
158,0.321681124686,0.321684855122,0.321684855122,0.32166620294,3,gb1
159,0.30733670496599996,0.30733670496599996,0.30733670496599996,0.30733670496599996,3,gb1
160,0.34381310022699996,0.343860216273,0.343860216273,0.343624636043,3,gb1
161,0.281874373258,0.28188907783399997,0.28188907783399997,0.28181555495099997,3,gb1
162,0.293993032002,0.294008904024,0.294008904024,0.293929543916,3,gb1
163,0.298451947171,0.29845317359,0.298451640566,0.298451640566,3,gb1
164,0.347045518275,0.347045518275,0.347045518275,0.347045518275,3,gb1
165,0.30696173361900003,0.307324402823,0.306871066318,0.306871066318,3,gb1
166,0.35268575768,0.35269659265500003,0.35269659265500003,0.35264241778300004,3,gb1
167,0.318786978594,0.318789062812,0.31878645754,0.31878645754,3,gb1
168,0.300348563314,0.300360554467,0.300345565526,0.300345565526,3,gb1
169,0.339538495962,0.339538495962,0.339538495962,0.339538495962,3,gb1
170,0.31171003680799997,0.311794677333,0.311688876676,0.311688876676,3,gb1
171,0.336698161166,0.336723533225,0.33669181815099997,0.33669181815099997,3,gb1
172,0.361567517787,0.361626152769,0.361552859042,0.361552859042,3,gb1
173,0.285637393628,0.28566930914,0.28566930914,0.285509731579,3,gb1
174,0.36064565138899995,0.36078450191600003,0.36061093875699995,0.36061093875699995,3,gb1
175,0.292467348854,0.292516048584,0.292455173922,0.292455173922,3,gb1
176,0.283600801924,0.283629708948,0.283629708948,0.283485173829,3,gb1
177,0.27557002924,0.275657028929,0.275657028929,0.275222030488,3,gb1
178,0.292611294617,0.292611294617,0.292611294617,0.292611294617,3,gb1
179,0.297302471404,0.297302471404,0.297302471404,0.297302471404,3,gb1
180,0.286194265902,0.286220835592,0.286220835592,0.286087987144,3,gb1
181,0.347847670884,0.34807725441,0.34779027500299997,0.34779027500299997,3,gb1
182,0.332475830651,0.332507839218,0.332507839218,0.332347796381,3,gb1
183,0.325219802297,0.325293522143,0.325201372336,0.325201372336,3,gb1
184,0.399143682594,0.399146493053,0.399146493053,0.39913244075800003,3,gb1
185,0.35466930283,0.35468560486,0.35468560486,0.354604094711,3,gb1
186,0.287223697472,0.287264983439,0.287264983439,0.28705855360599997,3,gb1
187,0.300697933904,0.300706258865,0.300706258865,0.300664634059,3,gb1
188,0.278921628576,0.278947914433,0.278915057112,0.278915057112,3,gb1
189,0.328260942929,0.328260942929,0.328260942929,0.328260942929,3,gb1
190,0.28573260491,0.28580681142,0.285714053282,0.285714053282,3,gb1
191,0.268433701669,0.26843659560600003,0.26843659560600003,0.26842212592099995,3,gb1
192,0.280479240053,0.280490974978,0.280476306322,0.280476306322,3,gb1
193,0.352382944064,0.352421769321,0.352373237749,0.352373237749,3,gb1
194,0.277443797175,0.277443797175,0.277443797175,0.277443797175,3,gb1
195,0.288794336866,0.288794336866,0.288794336866,0.288794336866,3,gb1
196,0.356068892779,0.35608253813199997,0.35606548144100003,0.35606548144100003,3,gb1
197,0.343289667911,0.343289667911,0.343289667911,0.343289667911,4,gb1
198,0.288454856522,0.288484308036,0.288447493644,0.288447493644,4,gb1
199,0.32137493604600004,0.32137493604600004,0.32137493604600004,0.32137493604600004,4,gb1
200,0.335053120777,0.335056448242,0.335056448242,0.33503981091699997,4,gb1
201,0.347338990876,0.347338990876,0.347338990876,0.347338990876,4,gb1
202,0.341580811509,0.341580811509,0.341580811509,0.341580811509,4,gb1
203,0.392561477496,0.392568039909,0.392568039909,0.39253522784199996,4,gb1
204,0.305543953247,0.305543953247,0.305543953247,0.305543953247,4,gb1
205,0.384705663499,0.384708464752,0.384708464752,0.384694458486,4,gb1
206,0.334885728985,0.334885728985,0.334885728985,0.334885728985,4,gb1
207,0.328030383849,0.328030383849,0.328030383849,0.328030383849,4,gb1
208,0.410513856281,0.410513856281,0.410513856281,0.410513856281,4,gb1
209,0.387943764826,0.387943764826,0.387943764826,0.387943764826,4,gb1
210,0.297725041681,0.297725041681,0.297725041681,0.297725041681,4,gb1
211,0.40300907870700003,0.40300907870700003,0.40300907870700003,0.40300907870700003,4,gb1
212,0.42165033063,0.42165033063,0.42165033063,0.42165033063,4,gb1
213,0.35904838816699997,0.35904838816699997,0.35904838816699997,0.35904838816699997,4,gb1
214,0.40235044210500004,0.40235044210500004,0.40235044210500004,0.40235044210500004,4,gb1
215,0.34775787398100005,0.34775787398100005,0.34775787398100005,0.34775787398100005,4,gb1
216,0.313876969665,0.313940912905,0.313860983854,0.313860983854,4,gb1
217,0.39720882366,0.39720882366,0.39720882366,0.39720882366,4,gb1
218,0.35958540704400005,0.35958540704400005,0.35958540704400005,0.35958540704400005,4,gb1
219,0.38419269405699996,0.386813698186,0.38353744302500004,0.38353744302500004,4,gb1
220,0.40190561454999996,0.40190561454999996,0.40190561454999996,0.40190561454999996,4,gb1
221,0.353742110228,0.353742110228,0.353742110228,0.353742110228,4,gb1
222,0.40015178556100006,0.40015178556100006,0.40015178556100006,0.40015178556100006,4,gb1
223,0.31569652568000006,0.316385812029,0.316385812029,0.312939380287,4,gb1
224,0.285079904908,0.285079904908,0.285079904908,0.285079904908,4,gb1
225,0.402981040585,0.405433885948,0.405433885948,0.39316965913400004,4,gb1
226,0.40767201445900003,0.40767201445900003,0.40767201445900003,0.40767201445900003,4,gb1
227,0.34534488513899997,0.34534488513899997,0.34534488513899997,0.34534488513899997,4,gb1
228,0.368714700548,0.368714700548,0.368714700548,0.368714700548,4,gb1
229,0.40927247247599996,0.40927247247599996,0.40927247247599996,0.40927247247599996,4,gb1
230,0.432375970214,0.432375970214,0.432375970214,0.432375970214,4,gb1
231,0.38537577703599996,0.387370302923,0.384877145564,0.384877145564,4,gb1
232,0.242855481675,0.242855481675,0.242855481675,0.242855481675,4,gb1
233,0.393032007129,0.413090415524,0.38801740503,0.38801740503,4,gb1
234,0.286194190093,0.286194190093,0.286194190093,0.286194190093,4,gb1
235,0.317459612286,0.317459612286,0.317459612286,0.317459612286,4,gb1
236,0.3483273723,0.348331602877,0.348331602877,0.34831044999399996,4,gb1
237,0.42412521038500006,0.42412521038500006,0.42412521038500006,0.42412521038500006,4,gb1
238,0.371684072825,0.371684072825,0.371684072825,0.371684072825,4,gb1
239,0.42850621707,0.42850621707,0.42850621707,0.42850621707,4,gb1
240,0.41570840925999997,0.41570840925999997,0.41570840925999997,0.41570840925999997,4,gb1
241,0.430744318031,0.434670133923,0.434670133923,0.415041054459,4,gb1
242,0.203452185582,0.203452185582,0.203452185582,0.203452185582,4,gb1
243,0.41629834247,0.41629834247,0.41629834247,0.41629834247,4,gb1
244,0.396200229616,0.396200229616,0.396200229616,0.396200229616,4,gb1
245,0.300711606708,0.300711606708,0.300711606708,0.300711606708,4,gb1
246,0.325027314018,0.325027314018,0.325027314018,0.325027314018,4,gb1
247,0.36752491312700003,0.36752491312700003,0.36752491312700003,0.36752491312700003,4,gb1
248,0.257158519589,0.257158519589,0.257158519589,0.257158519589,4,gb1
249,0.431010187874,0.431010187874,0.431010187874,0.431010187874,4,gb1
250,0.435265969925,0.435265969925,0.435265969925,0.435265969925,4,gb1
251,0.43270443028399996,0.43270443028399996,0.43270443028399996,0.43270443028399996,4,gb1
252,0.41501626714400003,0.41501626714400003,0.41501626714400003,0.41501626714400003,4,gb1
253,0.250376664826,0.250376664826,0.250376664826,0.250376664826,4,gb1
254,0.206116795774,0.206116795774,0.206116795774,0.206116795774,4,gb1
255,0.409654235735,0.409654235735,0.409654235735,0.409654235735,4,gb1
256,0.35134170980499996,0.35134170980499996,0.35134170980499996,0.35134170980499996,4,gb1
257,0.282575566004,0.282575566004,0.282575566004,0.282575566004,4,gb1
258,0.37920389294600004,0.37920389294600004,0.37920389294600004,0.37920389294600004,4,gb1
259,0.309143549639,0.309143549639,0.309143549639,0.309143549639,4,gb1
260,0.431809949877,0.431809949877,0.431809949877,0.431809949877,4,gb1
261,0.39733602571800003,0.39733602571800003,0.39733602571800003,0.39733602571800003,4,gb1
262,0.426744242231,0.428709568028,0.428709568028,0.418882939045,4,gb1
263,0.429300436313,0.43281277642300003,0.43281277642300003,0.41525107587,4,gb1
264,0.25102362876,0.25102362876,0.25102362876,0.25102362876,4,gb1
265,0.325828903216,0.325828903216,0.325828903216,0.325828903216,4,gb1
266,0.0070739784348599994,0.0070739784348599994,0.0070739784348599994,0.0070739784348599994,4,gb1
267,0.401318358107,0.401318358107,0.401318358107,0.401318358107,4,gb1
268,0.42208147562299997,0.42208147562299997,0.42208147562299997,0.42208147562299997,4,gb1
269,0.211446615053,0.211446615053,0.211446615053,0.211446615053,4,gb1
270,0.297214789276,0.297214789276,0.297214789276,0.297214789276,4,gb1
271,0.37026092684699996,0.37026092684699996,0.37026092684699996,0.37026092684699996,4,gb1
272,0.45838839189900005,0.45838839189900005,0.45838839189900005,0.45838839189900005,4,gb1
273,0.462580110529,0.462580110529,0.462580110529,0.462580110529,4,gb1
274,0.46599248284500006,0.46599248284500006,0.46599248284500006,0.46599248284500006,4,gb1
275,0.461721429998,0.461721429998,0.461721429998,0.461721429998,4,gb1
276,0.264043909447,0.264043909447,0.264043909447,0.264043909447,4,gb1
277,0.211994496605,0.211994496605,0.211994496605,0.211994496605,4,gb1
278,0.007015038922100001,0.00701551658682,0.00701551658682,0.00701312826322,4,gb1
279,0.0102328683661,0.010239422861999999,0.0102312297422,0.0102312297422,4,gb1
280,0.36913589231399996,0.36913589231399996,0.36913589231399996,0.36913589231399996,4,gb1
281,0.297124153085,0.297124153085,0.297124153085,0.297124153085,4,gb1
282,0.459357070156,0.459357070156,0.459357070156,0.459357070156,4,gb1
283,0.40020960054899996,0.40078241088100003,0.40006639796599996,0.40006639796599996,4,gb1
284,0.441154115281,0.441154115281,0.441154115281,0.441154115281,4,gb1
285,0.463493855247,0.463493855247,0.463493855247,0.463493855247,4,gb1
286,0.32559832143899997,0.32559832143899997,0.32559832143899997,0.32559832143899997,4,gb1
287,0.465658961188,0.465658961188,0.465658961188,0.465658961188,4,gb1
288,0.469478224846,0.469478224846,0.469478224846,0.469478224846,4,gb1
0,0.511435527776,0.511435527776,0.511435527776,0.511435527776,1,nsp
1,0.5079977894650001,0.5079977894650001,0.5079977894650001,0.5079977894650001,1,nsp
2,0.5052601601460001,0.5052601601460001,0.5052601601460001,0.5052601601460001,1,nsp
3,0.505214936539,0.505214936539,0.505214936539,0.505214936539,4,nsp
4,0.505047789838,0.5051473795170001,0.505022892418,0.505022892418,1,nsp
5,0.503510785219,0.503510785219,0.503510785219,0.503510785219,1,nsp
6,0.502671667656,0.502671667656,0.502671667656,0.502671667656,1,nsp
7,0.501342073327,0.501342073327,0.501342073327,0.501342073327,1,nsp
8,0.50115486552,0.50115486552,0.50115486552,0.50115486552,1,nsp
9,0.501063872215,0.501063872215,0.501063872215,0.501063872215,1,nsp
10,0.500928592768,0.500928592768,0.500928592768,0.500928592768,1,nsp
11,0.500135502216,0.500135502216,0.500135502216,0.500135502216,1,nsp
12,0.499602369884,0.499610857949,0.49960024786799995,0.49960024786799995,1,nsp
13,0.49876720953500003,0.49876720953500003,0.49876720953500003,0.49876720953500003,1,nsp
14,0.49713940054300004,0.49713940054300004,0.49713940054300004,0.49713940054300004,1,nsp
15,0.496265464471,0.496265464471,0.496265464471,0.496265464471,1,nsp
16,0.496151203846,0.49615882877899997,0.49615882877899997,0.496120704114,1,nsp
17,0.495587076535,0.495587076535,0.495587076535,0.495587076535,1,nsp
18,0.49320020164899997,0.49320020164899997,0.49320020164899997,0.49320020164899997,4,nsp
19,0.493145373117,0.493145373117,0.493145373117,0.493145373117,1,nsp
20,0.49291721213999995,0.49291721213999995,0.49291721213999995,0.49291721213999995,1,nsp
21,0.491341189829,0.491341189829,0.491341189829,0.491341189829,4,nsp
22,0.491323198808,0.491323198808,0.491323198808,0.491323198808,1,nsp
23,0.490642684807,0.490642684807,0.490642684807,0.490642684807,1,nsp
24,0.489981459402,0.489981459402,0.489981459402,0.489981459402,1,nsp
25,0.489718575542,0.489821606427,0.489692817821,0.489692817821,1,nsp
26,0.489588053056,0.489588053056,0.489588053056,0.489588053056,1,nsp
27,0.48954133588999993,0.48954133588999993,0.48954133588999993,0.48954133588999993,1,nsp
28,0.4893999109,0.4893999109,0.4893999109,0.4893999109,1,nsp
29,0.48242708194300005,0.488776534922,0.488776534922,0.457029270031,1,nsp
30,0.488665273025,0.488665273025,0.488665273025,0.488665273025,1,nsp
31,0.488531628921,0.488531628921,0.488531628921,0.488531628921,1,nsp
32,0.48817914660499995,0.48817914660499995,0.48817914660499995,0.48817914660499995,4,nsp
33,0.487880544888,0.48807896443800003,0.48807896443800003,0.48708686668799994,1,nsp
34,0.488062231536,0.488062231536,0.488062231536,0.488062231536,1,nsp
35,0.487342080158,0.487342080158,0.487342080158,0.487342080158,1,nsp
36,0.48733989804300004,0.48733989804300004,0.48733989804300004,0.48733989804300004,1,nsp
37,0.487322160606,0.48733440294200003,0.48733440294200003,0.487273191258,1,nsp
38,0.48719750089100006,0.48719750089100006,0.48719750089100006,0.48719750089100006,4,nsp
39,0.476617628153,0.487147001576,0.473985284797,0.473985284797,1,nsp
40,0.487106063353,0.487106063353,0.487106063353,0.487106063353,1,nsp
41,0.487079268605,0.48709004912500004,0.48707657347499994,0.48707657347499994,1,nsp
42,0.48681545620300004,0.486859294657,0.486804496589,0.486804496589,1,nsp
43,0.486791105484,0.486791105484,0.486791105484,0.486791105484,1,nsp
44,0.486756213401,0.486756213401,0.486756213401,0.486756213401,1,nsp
45,0.486735501957,0.486735501957,0.486735501957,0.486735501957,1,nsp
46,0.486711442619,0.486711442619,0.486711442619,0.486711442619,1,nsp
47,0.486626635586,0.486626635586,0.486626635586,0.486626635586,1,nsp
48,0.48370973007600004,0.48633534962999997,0.48633534962999997,0.47320725186000007,1,nsp
49,0.482517103699,0.485891362477,0.481673539005,0.481673539005,4,nsp
50,0.485825545968,0.485825545968,0.485825545968,0.485825545968,1,nsp
51,0.48534766463999995,0.48534766463999995,0.48534766463999995,0.48534766463999995,1,nsp
52,0.485259858747,0.48528369005599997,0.48525390092,0.48525390092,1,nsp
53,0.48463857070200006,0.48463857070200006,0.48463857070200006,0.48463857070200006,1,nsp
54,0.48390214822899996,0.48390214822899996,0.48390214822899996,0.48390214822899996,1,nsp
55,0.483719927447,0.483719927447,0.483719927447,0.483719927447,1,nsp
56,0.48354436222499997,0.48354436222499997,0.48354436222499997,0.48354436222499997,4,nsp
57,0.483482279178,0.483482279178,0.483482279178,0.483482279178,4,nsp
58,0.48295559679,0.483390552134,0.482846857954,0.482846857954,1,nsp
59,0.483227725451,0.483227725451,0.483227725451,0.483227725451,4,nsp
60,0.48321318817000003,0.48321318817000003,0.48321318817000003,0.48321318817000003,1,nsp
61,0.48193673669799997,0.48193673669799997,0.48193673669799997,0.48193673669799997,1,nsp
62,0.481877180158,0.481877180158,0.481877180158,0.481877180158,1,nsp
63,0.48176421866499997,0.48176421866499997,0.48176421866499997,0.48176421866499997,1,nsp
64,0.48174998177,0.48174998177,0.48174998177,0.48174998177,1,nsp
65,0.48155144850599996,0.48155144850599996,0.48155144850599996,0.48155144850599996,1,nsp
66,0.481490518709,0.481490518709,0.481490518709,0.481490518709,1,nsp
67,0.48140704314599997,0.48140704314599997,0.48140704314599997,0.48140704314599997,1,nsp
68,0.48127987692,0.48127987692,0.48127987692,0.48127987692,1,nsp
69,0.480680070747,0.480680070747,0.480680070747,0.480680070747,1,nsp
70,0.480357187385,0.480357187385,0.480357187385,0.480357187385,1,nsp
71,0.48016923922300003,0.48016923922300003,0.48016923922300003,0.48016923922300003,1,nsp
72,0.479844695339,0.479844695339,0.479844695339,0.479844695339,1,nsp
73,0.479173877796,0.47917675719700004,0.479173157946,0.479173157946,1,nsp
74,0.478966525279,0.478966525279,0.478966525279,0.478966525279,1,nsp
75,0.478316735361,0.478316735361,0.478316735361,0.478316735361,4,nsp
76,0.47728020952600003,0.47728020952600003,0.47728020952600003,0.47728020952600003,1,nsp
77,0.475923209845,0.475923209845,0.475923209845,0.475923209845,4,nsp
78,0.47566530449199995,0.475791934699,0.47563364694,0.47563364694,1,nsp
79,0.475290458988,0.475290458988,0.475290458988,0.475290458988,1,nsp
80,0.471754857678,0.474994916383,0.470944843002,0.470944843002,4,nsp
81,0.47422129856899997,0.47422129856899997,0.47422129856899997,0.47422129856899997,4,nsp
82,0.473933062328,0.473933062328,0.473933062328,0.473933062328,4,nsp
83,0.47107992246799996,0.47107992246799996,0.47107992246799996,0.47107992246799996,4,nsp
84,0.469201227122,0.469201227122,0.469201227122,0.469201227122,4,nsp
85,0.46807000422899997,0.469124285461,0.469124285461,0.463852879304,4,nsp
86,0.468476649419,0.468476649419,0.468476649419,0.468476649419,1,nsp
87,0.45918251270099997,0.46666062871299996,0.457312983698,0.457312983698,1,nsp
88,0.466319088921,0.466319088921,0.466319088921,0.466319088921,1,nsp
89,0.465925911122,0.465925911122,0.465925911122,0.465925911122,1,nsp
90,0.465665643658,0.465665643658,0.465665643658,0.465665643658,1,nsp
91,0.46344510102799996,0.463452846329,0.463452846329,0.463414119827,1,nsp
92,0.462946941769,0.462980847949,0.462980847949,0.462811317051,4,nsp
93,0.46282144164300004,0.46282144164300004,0.46282144164300004,0.46282144164300004,4,nsp
94,0.46253965618299997,0.46253965618299997,0.46253965618299997,0.46253965618299997,1,nsp
95,0.46181499816200006,0.46181499816200006,0.46181499816200006,0.46181499816200006,1,nsp
96,0.46105937903800004,0.46105937903800004,0.46105937903800004,0.46105937903800004,4,nsp
97,0.45948866724799997,0.45948866724799997,0.45948866724799997,0.45948866724799997,1,nsp
98,0.457682039316,0.457682039316,0.457682039316,0.457682039316,1,nsp
99,0.457421074537,0.457421074537,0.457421074537,0.457421074537,1,nsp
100,0.457319484486,0.457319484486,0.457319484486,0.457319484486,1,nsp
101,0.45653088272799996,0.456561027583,0.456561027583,0.456410303306,1,nsp
102,0.456057327562,0.456058966422,0.456056917848,0.456056917848,1,nsp
103,0.45391460991899996,0.45460702840800005,0.45460702840800005,0.45114493596,4,nsp
104,0.45407720043899996,0.45407720043899996,0.45407720043899996,0.45407720043899996,1,nsp
105,0.450639799032,0.453549043729,0.44991248785800003,0.44991248785800003,4,nsp
106,0.450556405705,0.45344713781499996,0.449833722677,0.449833722677,4,nsp
107,0.453071946687,0.453071946687,0.453071946687,0.453071946687,1,nsp
108,0.44942769788500003,0.44942769788500003,0.44942769788500003,0.44942769788500003,4,nsp
109,0.448727995756,0.448763100242,0.448763100242,0.44858757781400005,1,nsp
110,0.44770871031900006,0.44770871031900006,0.44770871031900006,0.44770871031900006,4,nsp
111,0.443320385081,0.443320385081,0.443320385081,0.443320385081,1,nsp
112,0.44222590788500005,0.442828742628,0.442828742628,0.439814568914,4,nsp
113,0.440534764186,0.440542662932,0.440542662932,0.440503169201,1,nsp
114,0.43977957156400005,0.43977957156400005,0.43977957156400005,0.43977957156400005,4,nsp
115,0.438927060861,0.438927060861,0.438927060861,0.438927060861,4,nsp
116,0.43873061688500004,0.43873965846900004,0.43872835648999997,0.43872835648999997,4,nsp
117,0.436854679875,0.436854679875,0.436854679875,0.436854679875,4,nsp
118,0.43590967458999996,0.435910601588,0.435910601588,0.435905966597,4,nsp
119,0.43584028436899996,0.43584028436899996,0.43584028436899996,0.43584028436899996,4,nsp
120,0.435692976475,0.435802375231,0.435665626785,0.435665626785,4,nsp
121,0.433490683769,0.433490683769,0.433490683769,0.433490683769,4,nsp
122,0.433346336962,0.433346336962,0.433346336962,0.433346336962,1,nsp
123,0.431712433591,0.431712433591,0.431712433591,0.431712433591,4,nsp
124,0.431199287475,0.431199287475,0.431199287475,0.431199287475,4,nsp
125,0.430128246305,0.430128246305,0.430128246305,0.430128246305,4,nsp
126,0.426679795546,0.42674065992399995,0.42674065992399995,0.426436338035,4,nsp
127,0.424853387157,0.424853387157,0.424853387157,0.424853387157,4,nsp
128,0.424475661564,0.424475661564,0.424475661564,0.424475661564,4,nsp
129,0.422067034445,0.422143405054,0.42204794179300004,0.42204794179300004,1,nsp
130,0.420784087323,0.420784087323,0.420784087323,0.420784087323,4,nsp
131,0.420023252775,0.420023252775,0.420023252775,0.420023252775,4,nsp
132,0.417382782439,0.417382782439,0.417382782439,0.417382782439,4,nsp
133,0.416974820321,0.416974820321,0.416974820321,0.416974820321,4,nsp
134,0.416456488608,0.416456488608,0.416456488608,0.416456488608,4,nsp
135,0.414856748181,0.414964103138,0.414829909442,0.414829909442,3,nsp
136,0.414484575163,0.414484575163,0.414484575163,0.414484575163,4,nsp
137,0.41439016527500006,0.41439062204300003,0.414390051083,0.414390051083,3,nsp
138,0.41239614880500003,0.41246577904,0.412378741246,0.412378741246,3,nsp
139,0.412107197932,0.412107197932,0.412107197932,0.412107197932,3,nsp
140,0.41141795668000003,0.41141795668000003,0.41141795668000003,0.41141795668000003,3,nsp
141,0.410474701972,0.410514308239,0.41046480040600003,0.41046480040600003,3,nsp
142,0.41031146930600004,0.410510660076,0.41026167161399996,0.41026167161399996,3,nsp
143,0.410410739425,0.41044546066,0.41044546066,0.41027185448299996,3,nsp
144,0.410429144549,0.410429144549,0.410429144549,0.410429144549,4,nsp
145,0.410227144748,0.410252115349,0.410252115349,0.410127262344,3,nsp
146,0.40979211734800003,0.40987672673299996,0.40977096500200005,0.40977096500200005,3,nsp
147,0.409608335508,0.40961394596199996,0.40961394596199996,0.409585893692,3,nsp
148,0.409550580272,0.40957669801799995,0.40957669801799995,0.409446109288,3,nsp
149,0.40926981030500004,0.409278794889,0.409278794889,0.409233871969,3,nsp
150,0.40893587795100006,0.40909032718800004,0.408897265641,0.408897265641,3,nsp
151,0.408994762358,0.40901980119599995,0.40898850264799996,0.40898850264799996,3,nsp
152,0.408984935999,0.408984935999,0.408984935999,0.408984935999,4,nsp
153,0.40892222592,0.408925424503,0.408921426274,0.408921426274,3,nsp
154,0.40872871229099994,0.40883247363799996,0.408702771955,0.408702771955,3,nsp
155,0.408671091805,0.408671091805,0.408671091805,0.408671091805,3,nsp
156,0.40786467919799996,0.40786467919799996,0.40786467919799996,0.40786467919799996,4,nsp
157,0.407581863608,0.407581863608,0.407581863608,0.407581863608,3,nsp
158,0.40756747053099995,0.407573391489,0.407573391489,0.40754378670100005,3,nsp
159,0.40705636876,0.40705636876,0.40705636876,0.40705636876,3,nsp
160,0.40699004408100004,0.407055823309,0.406973599274,0.406973599274,3,nsp
161,0.406960561721,0.406960561721,0.406960561721,0.406960561721,1,nsp
162,0.40629590478600003,0.40629590478600003,0.40629590478600003,0.40629590478600003,4,nsp
163,0.40622249132700006,0.406234268329,0.406234268329,0.406175383319,3,nsp
164,0.40610795249700005,0.40610795249700005,0.40610795249700005,0.40610795249700005,4,nsp
165,0.406045080123,0.40607161215099996,0.40607161215099996,0.405938952011,3,nsp
166,0.40593938245,0.40593938245,0.40593938245,0.40593938245,4,nsp
167,0.405890716797,0.405890716797,0.405890716797,0.405890716797,4,nsp
168,0.40418126232900004,0.40423284453100006,0.40416836677900003,0.40416836677900003,3,nsp
169,0.40395810934299997,0.403969250643,0.40395532401699996,0.40395532401699996,3,nsp
170,0.401372913115,0.40312986998499994,0.400933673897,0.400933673897,4,nsp
171,0.40298592061099997,0.40298592061099997,0.40298592061099997,0.40298592061099997,4,nsp
172,0.40196759752300004,0.402163777758,0.401918552464,0.401918552464,3,nsp
173,0.401973106935,0.401973106935,0.401973106935,0.401973106935,4,nsp
174,0.400910331245,0.400918359966,0.400918359966,0.40087821636,4,nsp
175,0.400551054308,0.400558795186,0.400558795186,0.40052009079499995,3,nsp
176,0.400428984842,0.400459117002,0.400459117002,0.400308456201,3,nsp
177,0.40016185157899997,0.40016185157899997,0.40016185157899997,0.40016185157899997,3,nsp
178,0.399662958969,0.399662958969,0.399662958969,0.399662958969,4,nsp
179,0.399366394156,0.399366394156,0.399366394156,0.399366394156,4,nsp
180,0.39847265083300004,0.39847265083300004,0.39847265083300004,0.39847265083300004,4,nsp
181,0.39804544835600003,0.39804544835600003,0.39804544835600003,0.39804544835600003,4,nsp
182,0.39791349245499996,0.397915676492,0.39791294644599995,0.39791294644599995,3,nsp
183,0.39712222638000005,0.397417993376,0.397048284631,0.397048284631,3,nsp
184,0.39653782142399996,0.39653782142399996,0.39653782142399996,0.39653782142399996,3,nsp
185,0.39466456806,0.39466456806,0.39466456806,0.39466456806,3,nsp
186,0.393183030119,0.394064849014,0.394064849014,0.389655754543,4,nsp
187,0.39240868041,0.39247023048699997,0.392393292891,0.392393292891,3,nsp
188,0.39216541113000003,0.392211504667,0.392211504667,0.39198103698299996,3,nsp
189,0.391924839373,0.391933559917,0.391933559917,0.391889957196,3,nsp
190,0.389814276874,0.389814276874,0.389814276874,0.389814276874,4,nsp
191,0.38828263945600006,0.38828469282,0.388282126115,0.388282126115,3,nsp
192,0.388046012487,0.38807735949100003,0.388038175736,0.388038175736,3,nsp
193,0.387599364158,0.387599364158,0.387599364158,0.387599364158,4,nsp
194,0.38698980882399997,0.38698980882399997,0.38698980882399997,0.38698980882399997,3,nsp
195,0.386081898104,0.386081898104,0.386081898104,0.386081898104,4,nsp
196,0.385670912179,0.386019710471,0.385583712606,0.385583712606,3,nsp
197,0.385896414541,0.385899024554,0.385899024554,0.38588597448899997,3,nsp
198,0.384369304933,0.384369304933,0.384369304933,0.384369304933,4,nsp
199,0.383594270788,0.383594270788,0.383594270788,0.383594270788,3,nsp
200,0.38194634759400004,0.38194634759400004,0.38194634759400004,0.38194634759400004,4,nsp
201,0.381489400107,0.38150386808,0.38148578311399994,0.38148578311399994,3,nsp
202,0.38138285795000004,0.38138285795000004,0.38138285795000004,0.38138285795000004,4,nsp
203,0.38116527339100004,0.38117532468599996,0.38117532468599996,0.381125068213,3,nsp
204,0.38100943799000003,0.38104509756899996,0.38104509756899996,0.380866799674,3,nsp
205,0.380439011545,0.380503463082,0.380503463082,0.3801812054,3,nsp
206,0.38020326535099996,0.38020326535099996,0.38020326535099996,0.38020326535099996,3,nsp
207,0.380093456752,0.380132467393,0.38008370409100006,0.38008370409100006,3,nsp
208,0.378701020513,0.37874855594000006,0.378689136656,0.378689136656,3,nsp
209,0.377295801825,0.377295801825,0.377295801825,0.377295801825,3,nsp
210,0.376904797898,0.376920660653,0.376920660653,0.37684134687799997,3,nsp
211,0.37619760168300004,0.376261172176,0.376261172176,0.37594331971199996,3,nsp
212,0.375671432095,0.37567972374700004,0.37567972374700004,0.375638265485,4,nsp
213,0.37463335055299996,0.37463335055299996,0.37463335055299996,0.37463335055299996,3,nsp
214,0.37404778608499994,0.374056098121,0.374056098121,0.374014537938,3,nsp
215,0.37306949944799994,0.373092500629,0.373092500629,0.372977494722,3,nsp
216,0.370833662303,0.372170006109,0.372170006109,0.365488287081,3,nsp
217,0.37146220639300004,0.37146220639300004,0.37146220639300004,0.37146220639300004,3,nsp
218,0.371232452582,0.37145596316699997,0.37117657493600004,0.37117657493600004,3,nsp
219,0.37131434141099995,0.37131434141099995,0.37131434141099995,0.37131434141099995,4,nsp
220,0.371155720714,0.371306846228,0.371117939336,0.371117939336,1,nsp
221,0.370650767928,0.370651606303,0.370651606303,0.370647414429,3,nsp
222,0.369261739652,0.369261739652,0.369261739652,0.369261739652,3,nsp
223,0.36911395965099997,0.369117402277,0.369113098994,0.369113098994,3,nsp
224,0.36831461668000004,0.36831461668000004,0.36831461668000004,0.36831461668000004,3,nsp
225,0.366711684741,0.366741914558,0.36670412728699997,0.36670412728699997,3,nsp
226,0.366407621796,0.366435925802,0.36640054579400005,0.36640054579400005,3,nsp
227,0.365037342256,0.365049675705,0.365049675705,0.364988008458,3,nsp
228,0.36493508109800005,0.364940300091,0.364940300091,0.36491420512500006,3,nsp
229,0.36480773184500004,0.364831170013,0.36480187230300004,0.36480187230300004,3,nsp
230,0.36185453720399996,0.36186577986999996,0.36186577986999996,0.36180956654,3,nsp
231,0.36098289988300003,0.361017526073,0.360974243336,0.360974243336,3,nsp
232,0.36027998523500004,0.360332651299,0.360266818718,0.360266818718,3,nsp
233,0.358205956399,0.358205956399,0.358205956399,0.358205956399,3,nsp
234,0.35766348920900004,0.35766348920900004,0.35766348920900004,0.35766348920900004,3,nsp
235,0.35473048770300003,0.35473048770300003,0.35473048770300003,0.35473048770300003,4,nsp
236,0.35357981664800003,0.35360232776100003,0.353574188869,0.353574188869,3,nsp
237,0.352182371321,0.35221275246399997,0.352174776036,0.352174776036,3,nsp
238,0.351260064171,0.351260387396,0.351260387396,0.351258771272,3,nsp
239,0.350055161826,0.350055161826,0.350055161826,0.350055161826,3,nsp
240,0.349682405245,0.349682405245,0.349682405245,0.349682405245,4,nsp
241,0.34865907628700005,0.34866308096500004,0.34866308096500004,0.348643057575,3,nsp
242,0.346894530761,0.346894530761,0.346894530761,0.346894530761,4,nsp
243,0.34649855236,0.34650577017399997,0.34650577017399997,0.34646968110799997,4,nsp
244,0.344025697508,0.34402838500699995,0.34402502563299997,0.34402502563299997,3,nsp
245,0.34079784294699994,0.34079784294699994,0.34079784294699994,0.34079784294699994,3,nsp
246,0.338746540216,0.338746540216,0.338746540216,0.338746540216,4,nsp
247,0.33758531682099996,0.33758531682099996,0.33758531682099996,0.33758531682099996,4,nsp
248,0.336244489478,0.336244489478,0.336244489478,0.336244489478,3,nsp
249,0.329971125574,0.33005420366099997,0.329950356052,0.329950356052,4,nsp
250,0.326137070768,0.32909608618299996,0.325397316914,0.325397316914,4,nsp
251,0.328156305492,0.328168463925,0.328168463925,0.328107671759,4,nsp
252,0.324529682328,0.32453900087299997,0.32453900087299997,0.324492408148,4,nsp
253,0.31612264285700004,0.31612264285700004,0.31612264285700004,0.31612264285700004,3,nsp
254,0.315620642321,0.315622767272,0.315622767272,0.31561214251999997,3,nsp
255,0.31480449571999997,0.314820249248,0.314820249248,0.314741481607,4,nsp
259,0.303641894257,0.303641894257,0.303641894257,0.303641894257,3,nsp
260,0.302160043794,0.302160043794,0.302160043794,0.302160043794,4,nsp
261,0.302000289191,0.3020297272,0.301992929689,0.301992929689,3,nsp
262,0.301174485255,0.301174485255,0.301174485255,0.301174485255,4,nsp
264,0.29578766973000004,0.295797521377,0.295785206818,0.295785206818,3,nsp
267,0.291101109471,0.291107156563,0.291107156563,0.29107692110399996,4,nsp
268,0.288565625849,0.288565625849,0.288565625849,0.288565625849,4,nsp
269,0.287829339407,0.287849610053,0.287849610053,0.287748256822,4,nsp
270,0.28667048862100003,0.28667048862100003,0.28667048862100003,0.28667048862100003,3,nsp
271,0.284472034927,0.28451897762,0.284460299254,0.284460299254,3,nsp
273,0.281308105445,0.281308105445,0.281308105445,0.281308105445,4,nsp
274,0.27916433557799997,0.279179499843,0.279179499843,0.279103678519,3,nsp
275,0.278901305767,0.27890209999000004,0.27890209999000004,0.278898128873,4,nsp
276,0.276267318654,0.276267318654,0.276267318654,0.276267318654,4,nsp
277,0.27134923651,0.27134923651,0.27134923651,0.27134923651,3,nsp
278,0.26300924703,0.26300924703,0.26300924703,0.26300924703,3,nsp
280,0.254391323287,0.25485009836399997,0.254276629517,0.254276629517,3,nsp
281,0.251860320817,0.251860320817,0.251860320817,0.251860320817,4,nsp
282,0.23638357543400002,0.23638357543400002,0.23638357543400002,0.23638357543400002,4,nsp
288,0.0103827725826,0.0103845268804,0.0103845268804,0.010375755391600001,4,nsp
0,0.728538614881,0.728601307437,0.7285229417419999,0.7285229417419999,1,nup
16,0.46088182480499995,0.460913341967,0.46087394551399996,0.46087394551399996,3,nup
17,0.459303734663,0.459303734663,0.459303734663,0.459303734663,3,nup
18,0.50286151119,0.50292565673,0.502845474806,0.502845474806,3,nup
19,0.505850767195,0.505956957575,0.5058242196,0.5058242196,3,nup
20,0.5075273376899999,0.507528263999,0.507528263999,0.507523632454,3,nup
21,0.503493369147,0.503493369147,0.503493369147,0.503493369147,3,nup
22,0.508481606639,0.508481606639,0.508481606639,0.508481606639,3,nup
23,0.51581348487,0.515992967302,0.515768614262,0.515768614262,3,nup
24,0.518163036629,0.518163036629,0.518163036629,0.518163036629,3,nup
25,0.5223801489800001,0.522397000195,0.522375936176,0.522375936176,3,nup
26,0.524121672677,0.524121672677,0.524121672677,0.524121672677,3,nup
27,0.563794260914,0.563794260914,0.563794260914,0.563794260914,3,nup
28,0.554290300808,0.554334289734,0.5542793035760001,0.5542793035760001,3,nup
29,0.527135610981,0.527137454275,0.527137454275,0.5271282378050001,3,nup
30,0.533822976818,0.533822976818,0.533822976818,0.533822976818,3,nup
31,0.5501460257140001,0.5501460257140001,0.5501460257140001,0.5501460257140001,3,nup
32,0.507672630284,0.5077077461339999,0.507663851322,0.507663851322,3,nup
33,0.5108538825760001,0.5108538825760001,0.5108538825760001,0.5108538825760001,3,nup
34,0.510623486989,0.51069802141,0.510604853384,0.510604853384,3,nup
35,0.509702135101,0.509702135101,0.509702135101,0.509702135101,3,nup
36,0.506931221668,0.506931221668,0.506931221668,0.506931221668,3,nup
37,0.520199787989,0.52024443988,0.5201886250159999,0.5201886250159999,3,nup
38,0.509407164476,0.509413824917,0.509413824917,0.509380522713,3,nup
39,0.520096758978,0.5201263360530001,0.5201263360530001,0.5199784506790001,3,nup
40,0.526427409726,0.526488717422,0.526412082802,0.526412082802,3,nup
41,0.52680966835,0.52680966835,0.52680966835,0.52680966835,3,nup
42,0.586932830295,0.586932830295,0.586932830295,0.586932830295,3,nup
43,0.542168247644,0.542184969276,0.542184969276,0.542101361114,3,nup
44,0.524590854757,0.524590854757,0.524590854757,0.524590854757,3,nup
45,0.462702883028,0.462702883028,0.462702883028,0.462702883028,3,nup
46,0.50492472433,0.5049277889399999,0.5049277889399999,0.5049124658899999,3,nup
47,0.502413488333,0.50241993939,0.50241993939,0.502387684106,3,nup
48,0.507925352488,0.507925352488,0.507925352488,0.507925352488,3,nup
49,0.518515234054,0.518515234054,0.518515234054,0.518515234054,3,nup
50,0.5256476317350001,0.5256510820310001,0.5256510820310001,0.52563383055,3,nup
51,0.547935616096,0.547935616096,0.547935616096,0.547935616096,3,nup
52,0.526316446498,0.526316446498,0.526316446498,0.526316446498,3,nup
53,0.561938095471,0.561938095471,0.561938095471,0.561938095471,3,nup
54,0.454106453046,0.454143256075,0.45409725228799996,0.45409725228799996,3,nup
55,0.5157405727459999,0.5157405727459999,0.5157405727459999,0.5157405727459999,3,nup
56,0.50797040892,0.5080790318280001,0.507943253193,0.507943253193,3,nup
57,0.49739645585500003,0.497397689927,0.497397689927,0.49739151956699995,3,nup
58,0.5027576143,0.502905860079,0.502720552856,0.502720552856,3,nup
59,0.515296174709,0.515298701733,0.515298701733,0.515286066616,3,nup
60,0.523360041543,0.523382211719,0.523382211719,0.523271360841,3,nup
61,0.5791385977800001,0.5791385977800001,0.5791385977800001,0.5791385977800001,1,nup
62,0.609971096951,0.609972295715,0.609972295715,0.609966301898,1,nup
63,0.590317040532,0.590345337084,0.590345337084,0.590203854325,1,nup
64,0.516182788996,0.516182788996,0.516182788996,0.516182788996,3,nup
65,0.6260646676739999,0.626070686834,0.626070686834,0.62604059103,1,nup
66,0.61287860497,0.61287860497,0.61287860497,0.61287860497,1,nup
67,0.612295177919,0.612295177919,0.612295177919,0.612295177919,1,nup
68,0.508002664935,0.508002664935,0.508002664935,0.508002664935,3,nup
69,0.60789634892,0.607913679589,0.6078920162529999,0.6078920162529999,1,nup
70,0.5987742093389999,0.598844700747,0.598844700747,0.598492243704,1,nup
71,0.635528301618,0.6355401899809999,0.6355401899809999,0.635480748166,1,nup
72,0.6044815663549999,0.604538570191,0.604467315396,0.604467315396,1,nup
73,0.505646817448,0.505653792454,0.505653792454,0.505618917427,3,nup
74,0.604444009313,0.604444009313,0.604444009313,0.604444009313,1,nup
75,0.490488473626,0.490488473626,0.490488473626,0.490488473626,3,nup
76,0.640115630816,0.640115630816,0.640115630816,0.640115630816,1,nup
77,0.6103526440479999,0.610354747678,0.610354747678,0.610344229529,1,nup
78,0.443961996012,0.443967391936,0.443960647031,0.443960647031,3,nup
79,0.634276760669,0.634276760669,0.634276760669,0.634276760669,1,nup
80,0.641148109873,0.641155908242,0.641155908242,0.641116916396,1,nup
81,0.44674459218900003,0.446748715461,0.446748715461,0.446728099099,3,nup
82,0.623797465714,0.624137963393,0.623712341294,0.623712341294,1,nup
83,0.623502888515,0.623502888515,0.623502888515,0.623502888515,1,nup
84,0.624717582107,0.624745579081,0.624745579081,0.6246055942100001,1,nup
85,0.4880670911,0.488102801434,0.488058163517,0.488058163517,3,nup
86,0.505450445986,0.505450445986,0.505450445986,0.505450445986,3,nup
87,0.639246057163,0.639246057163,0.639246057163,0.639246057163,1,nup
88,0.648757499172,0.648757499172,0.648757499172,0.648757499172,1,nup
89,0.6376006179689999,0.637638572356,0.637638572356,0.637448800425,1,nup
90,0.6255360705449999,0.625563799697,0.625563799697,0.625425153934,1,nup
91,0.495850799685,0.49585390985600003,0.49585390985600003,0.495838359,3,nup
92,0.620937081232,0.620944703131,0.620944703131,0.6209065936379999,1,nup
93,0.6419934042140001,0.649070452405,0.6402241421670001,0.6402241421670001,1,nup
94,0.6515252094439999,0.6515252094439999,0.6515252094439999,0.6515252094439999,1,nup
95,0.6532418166080001,0.653255383007,0.653238425008,0.653238425008,1,nup
96,0.504182041446,0.504198721327,0.504177871476,0.504177871476,3,nup
97,0.666489829734,0.666489829734,0.666489829734,0.666489829734,1,nup
98,0.699789054911,0.699883850238,0.6997653560799999,0.6997653560799999,1,nup
99,0.679869978622,0.679869978622,0.679869978622,0.679869978622,1,nup
100,0.700596856023,0.700596856023,0.700596856023,0.700596856023,1,nup
101,0.6679031117800001,0.6679031117800001,0.6679031117800001,0.6679031117800001,1,nup
102,0.517894001205,0.5179130983770001,0.5179130983770001,0.517817612518,3,nup
103,0.676766377775,0.676872686443,0.676739800608,0.676739800608,1,nup
104,0.681578045376,0.681700018857,0.681547552005,0.681547552005,1,nup
105,0.663912472639,0.663983132129,0.6638948077660001,0.6638948077660001,1,nup
106,0.7111921043800001,0.7111921043800001,0.7111921043800001,0.7111921043800001,1,nup
107,0.729601858516,0.729601858516,0.729601858516,0.729601858516,1,nup
108,0.7108206528450001,0.7108206528450001,0.7108206528450001,0.7108206528450001,1,nup
109,0.7421940667039999,0.7421940667039999,0.7421940667039999,0.7421940667039999,1,nup
110,0.736879740442,0.736879740442,0.736879740442,0.736879740442,1,nup
111,0.7430651304379999,0.7430651304379999,0.7430651304379999,0.7430651304379999,1,nup
112,0.723731220576,0.723731220576,0.723731220576,0.723731220576,1,nup
113,0.721862974229,0.721862974229,0.721862974229,0.721862974229,1,nup
114,0.49966347140600004,0.49966347140600004,0.49966347140600004,0.49966347140600004,3,nup
115,0.742407448809,0.742407448809,0.742407448809,0.742407448809,1,nup
116,0.7443609116519999,0.7443609116519999,0.7443609116519999,0.7443609116519999,1,nup
117,0.502497949471,0.502542054424,0.5024869232329999,0.5024869232329999,3,nup
118,0.7447419444589999,0.7447419444589999,0.7447419444589999,0.7447419444589999,1,nup
119,0.654563483236,0.654563483236,0.654563483236,0.654563483236,1,nup
120,0.48075651669200004,0.48076138071099994,0.48076138071099994,0.48073706061399996,3,nup
121,0.673955061929,0.673955061929,0.673955061929,0.673955061929,1,nup
122,0.467672704887,0.467692098724,0.467692098724,0.467595129538,3,nup
123,0.7159170592309999,0.7159170592309999,0.7159170592309999,0.7159170592309999,1,nup
124,0.6746334826100001,0.6746334826100001,0.6746334826100001,0.6746334826100001,1,nup
125,0.6753584653170001,0.6753584653170001,0.6753584653170001,0.6753584653170001,1,nup
126,0.49815626518100004,0.49815626518100004,0.49815626518100004,0.49815626518100004,3,nup
127,0.438557876157,0.438578580554,0.438578580554,0.438475058569,3,nup
128,0.71611000291,0.71611000291,0.71611000291,0.71611000291,1,nup
129,0.723729284009,0.723729284009,0.723729284009,0.723729284009,1,nup
130,0.72370232624,0.72370232624,0.72370232624,0.72370232624,1,nup
131,0.7203972703389999,0.7204492732109999,0.7204492732109999,0.7201892588490001,1,nup
132,0.48938035764700005,0.489431856981,0.489367482814,0.489367482814,3,nup
133,0.7237125845029999,0.7237125845029999,0.7237125845029999,0.7237125845029999,1,nup
134,0.441935761268,0.441935761268,0.441935761268,0.441935761268,3,nup
135,0.722921997941,0.722921997941,0.722921997941,0.722921997941,1,nup
136,0.667618239651,0.6676225691300001,0.667617157281,0.667617157281,1,nup
137,0.669414357298,0.669414357298,0.669414357298,0.669414357298,1,nup
138,0.49127977782300003,0.49127977782300003,0.49127977782300003,0.49127977782300003,3,nup
139,0.688205798137,0.688205798137,0.688205798137,0.688205798137,1,nup
140,0.702931939657,0.702931939657,0.702931939657,0.702931939657,1,nup
141,0.704795944639,0.704795944639,0.704795944639,0.704795944639,1,nup
142,0.500028500242,0.500155850766,0.499996662611,0.499996662611,3,nup
143,0.7087449628470001,0.7087449628470001,0.7087449628470001,0.7087449628470001,1,nup
144,0.7091286944349999,0.7091286944349999,0.7091286944349999,0.7091286944349999,1,nup
145,0.513506974517,0.513629956948,0.513476228909,0.513476228909,3,nup
146,0.710037461575,0.710037461575,0.710037461575,0.710037461575,1,nup
147,0.710654414219,0.710654414219,0.710654414219,0.710654414219,1,nup
148,0.71072362663,0.71072362663,0.71072362663,0.71072362663,1,nup
149,0.710894692475,0.710894692475,0.710894692475,0.710894692475,1,nup
150,0.702257845543,0.702257845543,0.702257845543,0.702257845543,1,nup
151,0.730300594645,0.730300594645,0.730300594645,0.730300594645,1,nup
152,0.73154297475,0.73154297475,0.73154297475,0.73154297475,1,nup
153,0.729853590518,0.729853590518,0.729853590518,0.729853590518,1,nup
154,0.729564823434,0.729564823434,0.729564823434,0.729564823434,1,nup
155,0.46868724638400006,0.46868724638400006,0.46868724638400006,0.46868724638400006,3,nup
156,0.7339544546960001,0.7339544546960001,0.7339544546960001,0.7339544546960001,1,nup
157,0.482709786369,0.482709786369,0.482709786369,0.482709786369,3,nup
158,0.730254056311,0.730254056311,0.730254056311,0.730254056311,1,nup
159,0.484895468223,0.484895468223,0.484895468223,0.484895468223,3,nup
160,0.728518656592,0.728518656592,0.728518656592,0.728518656592,1,nup
161,0.44896560726,0.448991385856,0.448991385856,0.44886249287600005,3,nup
162,0.7285012970929999,0.7285012970929999,0.7285012970929999,0.7285012970929999,1,nup
163,0.426825592165,0.426825592165,0.426825592165,0.426825592165,3,nup
164,0.447344156367,0.447350593855,0.447350593855,0.447318406418,3,nup
165,0.728127405431,0.728186797437,0.7281125574289999,0.7281125574289999,1,nup
166,0.7282189610870001,0.7282189610870001,0.7282189610870001,0.7282189610870001,1,nup
167,0.432410630052,0.432501572544,0.43238789443000003,0.43238789443000003,3,nup
168,0.429507978706,0.429521110115,0.429521110115,0.429455453069,3,nup
169,0.47777514288500006,0.47779636558399996,0.47779636558399996,0.47769025208800003,3,nup
170,0.728144712078,0.728144712078,0.728144712078,0.728144712078,1,nup
171,0.481572733284,0.481592454987,0.481592454987,0.481493846471,3,nup
172,0.6631246565460001,0.6631246565460001,0.6631246565460001,0.6631246565460001,1,nup
173,0.730842097838,0.730842097838,0.730842097838,0.730842097838,1,nup
174,0.4917704844,0.491795159085,0.491795159085,0.49167178565700004,3,nup
175,0.716534839243,0.716534839243,0.716534839243,0.716534839243,1,nup
176,0.714328349251,0.714328349251,0.714328349251,0.714328349251,1,nup
177,0.71454524738,0.71454524738,0.71454524738,0.71454524738,1,nup
178,0.506247023602,0.506308753427,0.506308753427,0.506000104299,3,nup
179,0.727686547571,0.727834898742,0.727649459779,0.727649459779,1,nup
180,0.7268017874770001,0.7268017874770001,0.7268017874770001,0.7268017874770001,1,nup
181,0.726082875368,0.7261684274619999,0.7260614873450001,0.7260614873450001,1,nup
182,0.458551064108,0.458551064108,0.458551064108,0.458551064108,3,nup
183,0.7254315580949999,0.7254315580949999,0.7254315580949999,0.7254315580949999,1,nup
184,0.451661882149,0.45228891361100004,0.451505124284,0.451505124284,3,nup
185,0.72577013749,0.72577013749,0.72577013749,0.72577013749,1,nup
186,0.47169422754900003,0.47169422754900003,0.47169422754900003,0.47169422754900003,3,nup
187,0.725451368469,0.725451368469,0.725451368469,0.725451368469,1,nup
188,0.443662999891,0.443662999891,0.443662999891,0.443662999891,3,nup
189,0.725604861662,0.725604861662,0.725604861662,0.725604861662,1,nup
190,0.473738151231,0.473738151231,0.473738151231,0.473738151231,3,nup
191,0.725607356031,0.725607356031,0.725607356031,0.725607356031,1,nup
192,0.43135911753899997,0.43135911753899997,0.43135911753899997,0.43135911753899997,3,nup
193,0.41994158136799997,0.41994158136799997,0.41994158136799997,0.41994158136799997,3,nup
194,0.42171355938,0.42177855251699997,0.421697311096,0.421697311096,3,nup
195,0.47584472772200004,0.475859750625,0.47584097199600006,0.47584097199600006,3,nup
196,0.425365891073,0.426008761561,0.425205173451,0.425205173451,3,nup
197,0.48631731632200004,0.48631731632200004,0.48631731632200004,0.48631731632200004,3,nup
198,0.469506716572,0.469506716572,0.469506716572,0.469506716572,3,nup
199,0.501923102036,0.502002873863,0.501903159079,0.501903159079,3,nup
200,0.45891533331999995,0.45891533331999995,0.45891533331999995,0.45891533331999995,4,nup
201,0.431933335809,0.431933335809,0.431933335809,0.431933335809,4,nup
202,0.432013533252,0.432013533252,0.432013533252,0.432013533252,4,nup
203,0.46762234349799997,0.46762549919699997,0.46762549919699997,0.46760972070100004,4,nup
204,0.46459142297899997,0.464645333596,0.464577945324,0.464577945324,4,nup
205,0.45389052379699996,0.45389052379699996,0.45389052379699996,0.45389052379699996,4,nup
206,0.46896335304,0.46896335304,0.46896335304,0.46896335304,4,nup
207,0.475465872369,0.475465872369,0.475465872369,0.475465872369,4,nup
208,0.478722557192,0.47872369981000007,0.47872369981000007,0.478717986722,4,nup
209,0.475210219353,0.475222137079,0.475222137079,0.47516254845,4,nup
210,0.488254866645,0.500032990869,0.485310335589,0.485310335589,4,nup
211,0.473604797363,0.473619538135,0.473619538135,0.473545834272,4,nup
212,0.45238597895800003,0.45238597895800003,0.45238597895800003,0.45238597895800003,4,nup
213,0.494785126716,0.494785126716,0.494785126716,0.494785126716,4,nup
214,0.45475180132,0.45475180132,0.45475180132,0.45475180132,4,nup
215,0.48937315033100004,0.489678184629,0.489296891756,0.489296891756,4,nup
216,0.478650705541,0.478650705541,0.478650705541,0.478650705541,4,nup
217,0.495726935982,0.495726935982,0.495726935982,0.495726935982,4,nup
218,0.50057418522,0.50057418522,0.50057418522,0.50057418522,4,nup
219,0.499557997015,0.499557997015,0.499557997015,0.499557997015,4,nup
220,0.483658614858,0.483676654599,0.483676654599,0.483586455893,4,nup
221,0.505372683719,0.505372683719,0.505372683719,0.505372683719,4,nup
222,0.48617327691699996,0.48617643768799995,0.48617643768799995,0.486160633834,4,nup
223,0.505040991696,0.505049977022,0.505049977022,0.505005050391,4,nup
224,0.510444457118,0.510444457118,0.510444457118,0.510444457118,4,nup
225,0.504235827324,0.5044391200339999,0.504185004146,0.504185004146,4,nup
226,0.435854310768,0.435854310768,0.435854310768,0.435854310768,4,nup
227,0.519589878352,0.519589878352,0.519589878352,0.519589878352,4,nup
228,0.484518205717,0.484518205717,0.484518205717,0.484518205717,4,nup
229,0.49636344994900006,0.49644106598300003,0.49644106598300003,0.496052985814,4,nup
230,0.5062256086320001,0.5062256086320001,0.5062256086320001,0.5062256086320001,4,nup
231,0.508433166298,0.508433166298,0.508433166298,0.508433166298,4,nup
232,0.5137899855020001,0.5137899855020001,0.5137899855020001,0.5137899855020001,4,nup
233,0.517998839496,0.517998839496,0.517998839496,0.517998839496,4,nup
234,0.523055066967,0.523055066967,0.523055066967,0.523055066967,4,nup
235,0.534026888195,0.534026888195,0.534026888195,0.534026888195,4,nup
236,0.533037632264,0.533038299337,0.533037465496,0.533037465496,4,nup
237,0.430121929244,0.430121929244,0.430121929244,0.430121929244,4,nup
238,0.483606218913,0.483606218913,0.483606218913,0.483606218913,4,nup
239,0.472633031669,0.472633031669,0.472633031669,0.472633031669,4,nup
240,0.5003227932050001,0.5003227932050001,0.5003227932050001,0.5003227932050001,4,nup
241,0.528451881785,0.528451881785,0.528451881785,0.528451881785,4,nup
242,0.518158853793,0.518193681225,0.5181501469349999,0.5181501469349999,4,nup
243,0.5358859988870001,0.5358859988870001,0.5358859988870001,0.5358859988870001,4,nup
244,0.538343275971,0.538343275971,0.538343275971,0.538343275971,4,nup
245,0.443741469183,0.443741469183,0.443741469183,0.443741469183,4,nup
246,0.545755498575,0.545755498575,0.545755498575,0.545755498575,4,nup
247,0.459886612905,0.459886612905,0.459886612905,0.459886612905,4,nup
248,0.452335320837,0.452335320837,0.452335320837,0.452335320837,4,nup
249,0.531741467091,0.531741467091,0.531741467091,0.531741467091,4,nup
250,0.47381500236199997,0.473815234853,0.473815234853,0.47381407239699996,4,nup
251,0.513789855473,0.513789855473,0.513789855473,0.513789855473,4,nup
252,0.553194661127,0.553194661127,0.553194661127,0.553194661127,4,nup
253,0.560014515,0.560014515,0.560014515,0.560014515,4,nup
254,0.552252331508,0.552252331508,0.552252331508,0.552252331508,4,nup
255,0.556438834789,0.556441983434,0.556441983434,0.556426240208,4,nup
256,0.482857917911,0.482857917911,0.482857917911,0.482857917911,4,nup
257,0.45969588659599997,0.45969588659599997,0.45969588659599997,0.45969588659599997,4,nup
258,0.453403551731,0.453403551731,0.453403551731,0.453403551731,4,nup
259,0.5387183466300001,0.5387183466300001,0.5387183466300001,0.5387183466300001,4,nup
260,0.43846076327100003,0.43846076327100003,0.43846076327100003,0.43846076327100003,4,nup
261,0.5170751356669999,0.5170751356669999,0.5170751356669999,0.5170751356669999,4,nup
262,0.565334198497,0.565366607669,0.565326096205,0.565326096205,4,nup
263,0.548574268012,0.548574268012,0.548574268012,0.548574268012,4,nup
264,0.5517144929860001,0.5517144929860001,0.5517144929860001,0.5517144929860001,4,nup
265,0.569045053441,0.569045053441,0.569045053441,0.569045053441,4,nup
266,0.559665383649,0.559665383649,0.559665383649,0.559665383649,4,nup
267,0.445252540463,0.445252540463,0.445252540463,0.445252540463,4,nup
268,0.424811523136,0.424811523136,0.424811523136,0.424811523136,4,nup
269,0.0223949138344,0.0223949138344,0.0223949138344,0.0223949138344,4,nup
270,0.576666818127,0.576666818127,0.576666818127,0.576666818127,4,nup
271,0.505416582479,0.505416582479,0.505416582479,0.505416582479,4,nup
272,0.527758298341,0.527758298341,0.527758298341,0.527758298341,4,nup
273,0.44520796033,0.44520796033,0.44520796033,0.44520796033,4,nup
274,0.552955279279,0.552955279279,0.552955279279,0.552955279279,4,nup
275,0.562908862715,0.562908862715,0.562908862715,0.562908862715,4,nup
276,0.568768527764,0.568768527764,0.568768527764,0.568768527764,4,nup
277,0.467534286491,0.467534286491,0.467534286491,0.467534286491,4,nup
278,0.5423294592629999,0.5423294592629999,0.5423294592629999,0.5423294592629999,4,nup
279,0.0271596380297,0.0271955495619,0.0271506601467,0.0271506601467,4,nup
280,0.344904371218,0.344904371218,0.344904371218,0.344904371218,4,nup
281,0.444459923045,0.444459923045,0.444459923045,0.444459923045,4,nup
282,0.451377742838,0.451377742838,0.451377742838,0.451377742838,4,nup
283,0.459972117482,0.459972117482,0.459972117482,0.459972117482,4,nup
284,0.5061569037100001,0.5061569037100001,0.5061569037100001,0.5061569037100001,4,nup
285,0.418371933634,0.418371933634,0.418371933634,0.418371933634,4,nup
286,0.547013668162,0.547013668162,0.547013668162,0.547013668162,4,nup
287,0.5705621685450001,0.5705621685450001,0.5705621685450001,0.5705621685450001,4,nup
288,0.552045504726,0.552045504726,0.552045504726,0.552045504726,4,nup
289,0.5291116913939999,0.5291116913939999,0.5291116913939999,0.5291116913939999,4,nup
290,0.562036410546,0.562036410546,0.562036410546,0.562036410546,4,nup
291,0.579408219605,0.579408219605,0.579408219605,0.579408219605,4,nup
0,0.44961761257700006,0.450015544096,0.449518129697,0.449518129697,1,trp
1,0.428443057848,0.444386165846,0.424457280848,0.424457280848,1,trp
2,0.44376536791999993,0.44376536791999993,0.44376536791999993,0.44376536791999993,1,trp
3,0.443321481628,0.443321481628,0.443321481628,0.443321481628,1,trp
4,0.443288348261,0.443288348261,0.443288348261,0.443288348261,1,trp
5,0.443181531655,0.443181531655,0.443181531655,0.443181531655,1,trp
6,0.44300675719599997,0.44301027693800005,0.44301027693800005,0.44299267823,1,trp
7,0.44053165135600003,0.44053165135600003,0.44053165135600003,0.44053165135600003,1,trp
8,0.440167415479,0.440167415479,0.440167415479,0.440167415479,1,trp
9,0.44002088153200003,0.44002088153200003,0.44002088153200003,0.44002088153200003,1,trp
10,0.439403017164,0.439403017164,0.439403017164,0.439403017164,1,trp
11,0.439378072191,0.439378072191,0.439378072191,0.439378072191,1,trp
12,0.439170684348,0.439170684348,0.439170684348,0.439170684348,1,trp
13,0.439002728012,0.439002728012,0.439002728012,0.439002728012,1,trp
14,0.43892772212,0.43892772212,0.43892772212,0.43892772212,1,trp
15,0.438021991992,0.438035782723,0.438035782723,0.437966829071,1,trp
16,0.437449225215,0.437449225215,0.437449225215,0.437449225215,1,trp
17,0.43603082364600004,0.43603082364600004,0.43603082364600004,0.43603082364600004,1,trp
18,0.435543810236,0.435543810236,0.435543810236,0.435543810236,1,trp
19,0.43539880288000005,0.43539880288000005,0.43539880288000005,0.43539880288000005,1,trp
20,0.435177460646,0.435177460646,0.435177460646,0.435177460646,1,trp
21,0.43481321846,0.43481321846,0.43481321846,0.43481321846,1,trp
22,0.434313246206,0.434313246206,0.434313246206,0.434313246206,1,trp
23,0.432755389075,0.432755389075,0.432755389075,0.432755389075,1,trp
24,0.432424779048,0.432445794368,0.432419525218,0.432419525218,1,trp
25,0.43068460772399997,0.430710054146,0.430678246118,0.430678246118,1,trp
26,0.43035371677699996,0.43035894508699996,0.43035894508699996,0.430332803537,1,trp
27,0.42994692431299997,0.429959437698,0.429959437698,0.42989687077699995,1,trp
28,0.42980753596,0.42980753596,0.42980753596,0.42980753596,1,trp
29,0.428503491691,0.428503491691,0.428503491691,0.428503491691,1,trp
30,0.428392156333,0.428392156333,0.428392156333,0.428392156333,1,trp
31,0.427814671942,0.427838369912,0.42780874744999997,0.42780874744999997,1,trp
32,0.427425046207,0.427425046207,0.427425046207,0.427425046207,1,trp
33,0.427332010527,0.427332010527,0.427332010527,0.427332010527,1,trp
34,0.42708203840000003,0.427092782981,0.427079352254,0.427079352254,1,trp
35,0.42558973817900003,0.42558973817900003,0.42558973817900003,0.42558973817900003,1,trp
36,0.423241045717,0.423244608971,0.423244608971,0.423226792701,1,trp
37,0.42250023282300003,0.42250023282300003,0.42250023282300003,0.42250023282300003,1,trp
38,0.422096073786,0.422096073786,0.422096073786,0.422096073786,1,trp
39,0.42153367658600005,0.42153367658600005,0.42153367658600005,0.42153367658600005,1,trp
40,0.42039263795599996,0.42039263795599996,0.42039263795599996,0.42039263795599996,1,trp
41,0.420267204176,0.420267204176,0.420267204176,0.420267204176,1,trp
42,0.42016923327600003,0.42016923327600003,0.42016923327600003,0.42016923327600003,1,trp
43,0.420073653351,0.420073653351,0.420073653351,0.420073653351,1,trp
44,0.419704417248,0.419704417248,0.419704417248,0.419704417248,1,trp
45,0.419624034335,0.419624034335,0.419624034335,0.419624034335,1,trp
46,0.416591990891,0.41697467096199997,0.41649632087399996,0.41649632087399996,1,trp
47,0.41685420615900004,0.416956637112,0.416828598421,0.416828598421,1,trp
48,0.41462593721999996,0.414714955522,0.41460368264499997,0.41460368264499997,1,trp
49,0.414326254796,0.414335198587,0.414335198587,0.41429047962899995,1,trp
50,0.414190872627,0.414248369397,0.414176498434,0.414176498434,1,trp
51,0.41211841357100004,0.41212085025,0.41212085025,0.41210866685900005,1,trp
52,0.411248065431,0.411256769571,0.411256769571,0.411213248873,1,trp
53,0.407254470084,0.40726190055600003,0.40726190055600003,0.407224748195,1,trp
54,0.405861051456,0.405861051456,0.405861051456,0.405861051456,1,trp
55,0.40553611699600006,0.40553611699600006,0.40553611699600006,0.40553611699600006,1,trp
56,0.40538711195,0.40538711195,0.40538711195,0.40538711195,1,trp
57,0.404407306497,0.404407306497,0.404407306497,0.404407306497,1,trp
58,0.40417877753700004,0.40417877753700004,0.40417877753700004,0.40417877753700004,1,trp
59,0.40382330347199996,0.40382330347199996,0.40382330347199996,0.40382330347199996,1,trp
60,0.40323957182,0.40323957182,0.40323957182,0.40323957182,1,trp
61,0.403014382941,0.40302200414000006,0.40302200414000006,0.40298389814400004,1,trp
62,0.40267283194700004,0.40267283194700004,0.40267283194700004,0.40267283194700004,1,trp
63,0.402473848777,0.402473848777,0.402473848777,0.402473848777,1,trp
64,0.400057937606,0.400057937606,0.400057937606,0.400057937606,1,trp
65,0.399425915859,0.399425915859,0.399425915859,0.399425915859,1,trp
66,0.39919890856299994,0.39919890856299994,0.39919890856299994,0.39919890856299994,1,trp
67,0.398257027812,0.398257027812,0.398257027812,0.398257027812,1,trp
68,0.392681730973,0.392681730973,0.392681730973,0.392681730973,1,trp
69,0.389241516852,0.389292742809,0.38922871036300005,0.38922871036300005,3,trp
70,0.387798168031,0.387798168031,0.387798168031,0.387798168031,3,trp
71,0.385264256285,0.385287386184,0.385258473811,0.385258473811,3,trp
72,0.383378383588,0.383415967954,0.38336898749700005,0.38336898749700005,1,trp
73,0.38322135839500004,0.38322135839500004,0.38322135839500004,0.38322135839500004,1,trp
74,0.382706284186,0.382706284186,0.382706284186,0.382706284186,3,trp
75,0.381491058443,0.38157606981,0.38146980560099997,0.38146980560099997,3,trp
76,0.379783685488,0.379783685488,0.379783685488,0.379783685488,3,trp
77,0.379308835884,0.379311995448,0.379311995448,0.379296197628,3,trp
78,0.37835274807999997,0.37835274807999997,0.37835274807999997,0.37835274807999997,3,trp
79,0.37685267036799996,0.37688223726400005,0.37684527864399997,0.37684527864399997,3,trp
80,0.376180584057,0.376180584057,0.376180584057,0.376180584057,1,trp
81,0.37590115877999997,0.375998843989,0.375876737478,0.375876737478,1,trp
82,0.375869250701,0.37588319473000004,0.375865764694,0.375865764694,1,trp
83,0.375405221209,0.375405221209,0.375405221209,0.375405221209,1,trp
84,0.375187762042,0.375187762042,0.375187762042,0.375187762042,4,trp
85,0.37476283480800004,0.37476283480800004,0.37476283480800004,0.37476283480800004,1,trp
86,0.374130497359,0.37417128114799997,0.374120301412,0.374120301412,1,trp
87,0.373883601347,0.373883601347,0.373883601347,0.373883601347,1,trp
88,0.373174242966,0.373346750499,0.373131116083,0.373131116083,3,trp
89,0.373157274159,0.373157274159,0.373157274159,0.373157274159,1,trp
90,0.372884743522,0.372884743522,0.372884743522,0.372884743522,1,trp
91,0.3726993133,0.3726993133,0.3726993133,0.3726993133,1,trp
92,0.372533590021,0.372533590021,0.372533590021,0.372533590021,3,trp
93,0.371903462883,0.371903462883,0.371903462883,0.371903462883,1,trp
94,0.36863830784,0.368651469692,0.368651469692,0.368585660433,3,trp
95,0.368482543018,0.368482543018,0.368482543018,0.368482543018,3,trp
96,0.366133589217,0.366133589217,0.366133589217,0.366133589217,3,trp
97,0.364180999889,0.364180999889,0.364180999889,0.364180999889,4,trp
98,0.363754011699,0.363754011699,0.363754011699,0.363754011699,4,trp
99,0.36243360093099997,0.36243360093099997,0.36243360093099997,0.36243360093099997,3,trp
100,0.361027538693,0.361027538693,0.361027538693,0.361027538693,3,trp
101,0.36080530171499997,0.360813795211,0.360813795211,0.36077132773000004,3,trp
102,0.36076242185199997,0.360794774336,0.36075433373099997,0.36075433373099997,3,trp
103,0.358823750863,0.35884446480099996,0.35884446480099996,0.358740895112,3,trp
104,0.358821114112,0.358821114112,0.358821114112,0.358821114112,4,trp
105,0.35871676631,0.35871676631,0.35871676631,0.35871676631,4,trp
106,0.3578580425,0.3578580425,0.3578580425,0.3578580425,4,trp
107,0.35770668960199997,0.35770668960199997,0.35770668960199997,0.35770668960199997,3,trp
108,0.357619993334,0.357619993334,0.357619993334,0.357619993334,3,trp
109,0.35752007251999995,0.35752007251999995,0.35752007251999995,0.35752007251999995,3,trp
110,0.35738947870399995,0.35740720776699997,0.35740720776699997,0.35731856245399995,3,trp
111,0.357370215468,0.357370215468,0.357370215468,0.357370215468,3,trp
112,0.35718381459,0.35718381459,0.35718381459,0.35718381459,3,trp
113,0.35716307696000005,0.35716307696000005,0.35716307696000005,0.35716307696000005,3,trp
114,0.35707363287199995,0.35707363287199995,0.35707363287199995,0.35707363287199995,4,trp
115,0.356942130977,0.35694362268,0.35694362268,0.35693616416699997,1,trp
116,0.356652060981,0.356652060981,0.356652060981,0.356652060981,3,trp
117,0.35664767302100003,0.35664767302100003,0.35664767302100003,0.35664767302100003,1,trp
118,0.35660695046199997,0.35660695046199997,0.35660695046199997,0.35660695046199997,1,trp
119,0.356428763538,0.356433930026,0.356433930026,0.35640809758599995,1,trp
120,0.35639260061300004,0.35639260061300004,0.35639260061300004,0.35639260061300004,1,trp
121,0.356353954818,0.356353954818,0.356353954818,0.356353954818,1,trp
122,0.35622762471600006,0.35627593020900006,0.35621554834200003,0.35621554834200003,3,trp
123,0.356155538081,0.356155538081,0.356155538081,0.356155538081,4,trp
124,0.356127881503,0.35613226516999996,0.35613226516999996,0.356110346833,1,trp
125,0.35602671001900005,0.356027737061,0.356027737061,0.35602260185199996,1,trp
126,0.355779490979,0.355779490979,0.355779490979,0.355779490979,3,trp
127,0.355771226853,0.355771226853,0.355771226853,0.355771226853,1,trp
128,0.355703716549,0.355703716549,0.355703716549,0.355703716549,1,trp
129,0.355272231389,0.355272231389,0.355272231389,0.355272231389,3,trp
130,0.355207941888,0.355207941888,0.355207941888,0.355207941888,3,trp
131,0.354873030674,0.354873030674,0.354873030674,0.354873030674,3,trp
132,0.354840525124,0.354840525124,0.354840525124,0.354840525124,3,trp
133,0.354814987461,0.35481945359899997,0.35481945359899997,0.35479712290700005,3,trp
134,0.35473914999899997,0.35473914999899997,0.35473914999899997,0.35473914999899997,4,trp
135,0.353068342258,0.353068342258,0.353068342258,0.353068342258,3,trp
136,0.352498441114,0.352498441114,0.352498441114,0.352498441114,3,trp
137,0.352201794257,0.352201794257,0.352201794257,0.352201794257,3,trp
138,0.35102964009000004,0.351034823101,0.351034823101,0.351008908044,3,trp
139,0.350911978428,0.350954334687,0.350901389363,0.350901389363,3,trp
140,0.350537411994,0.350537411994,0.350537411994,0.350537411994,4,trp
141,0.350302261148,0.350312384901,0.350312384901,0.35026176613399995,3,trp
142,0.34961842752800004,0.34961842752800004,0.34961842752800004,0.34961842752800004,3,trp
143,0.34913290111100004,0.34913290111100004,0.34913290111100004,0.34913290111100004,3,trp
144,0.349016726475,0.349016726475,0.349016726475,0.349016726475,4,trp
145,0.34865252578100003,0.34865252578100003,0.34865252578100003,0.34865252578100003,3,trp
146,0.348569690003,0.348569690003,0.348569690003,0.348569690003,3,trp
147,0.348474452507,0.348474452507,0.348474452507,0.348474452507,3,trp
148,0.34770703726700003,0.34770703726700003,0.34770703726700003,0.34770703726700003,3,trp
149,0.34679258998199997,0.346811025465,0.346787981112,0.346787981112,3,trp
150,0.34638837867399996,0.34638837867399996,0.34638837867399996,0.34638837867399996,4,trp
151,0.34637667203,0.34637667203,0.34637667203,0.34637667203,3,trp
152,0.346337421434,0.346337421434,0.346337421434,0.346337421434,3,trp
153,0.346254993981,0.346254993981,0.346254993981,0.346254993981,3,trp
154,0.345916506259,0.345916506259,0.345916506259,0.345916506259,3,trp
155,0.343619097542,0.34362146863399995,0.34362146863399995,0.343609613178,3,trp
156,0.343598814398,0.343598814398,0.343598814398,0.343598814398,3,trp
157,0.34303328324,0.34303328324,0.34303328324,0.34303328324,3,trp
158,0.342431220658,0.342431220658,0.342431220658,0.342431220658,3,trp
159,0.34238295588100004,0.34238295588100004,0.34238295588100004,0.34238295588100004,3,trp
160,0.342131858843,0.342131858843,0.342131858843,0.342131858843,3,trp
161,0.342027131403,0.34204200218099995,0.34204200218099995,0.341967648294,3,trp
162,0.341968124459,0.341968124459,0.341968124459,0.341968124459,3,trp
163,0.341591953336,0.341591953336,0.341591953336,0.341591953336,3,trp
164,0.34141673919200005,0.34141673919200005,0.34141673919200005,0.34141673919200005,4,trp
165,0.340442008979,0.340442008979,0.340442008979,0.340442008979,4,trp
166,0.339039670307,0.339039670307,0.339039670307,0.339039670307,3,trp
167,0.33903693216799996,0.33903693216799996,0.33903693216799996,0.33903693216799996,4,trp
168,0.33865711493199996,0.33865711493199996,0.33865711493199996,0.33865711493199996,3,trp
169,0.33630324008900003,0.33630324008900003,0.33630324008900003,0.33630324008900003,3,trp
170,0.336155382547,0.336155382547,0.336155382547,0.336155382547,3,trp
171,0.33557769023100004,0.33557769023100004,0.33557769023100004,0.33557769023100004,3,trp
172,0.334489912063,0.334489912063,0.334489912063,0.334489912063,3,trp
173,0.334368068413,0.334368068413,0.334368068413,0.334368068413,3,trp
174,0.333048712206,0.333048712206,0.333048712206,0.333048712206,4,trp
175,0.333037309047,0.333037309047,0.333037309047,0.333037309047,3,trp
176,0.332876927101,0.332876927101,0.332876927101,0.332876927101,3,trp
177,0.332780340947,0.332780340947,0.332780340947,0.332780340947,3,trp
178,0.332155225789,0.332155225789,0.332155225789,0.332155225789,4,trp
179,0.330966468067,0.330966468067,0.330966468067,0.330966468067,4,trp
180,0.330798789702,0.330798789702,0.330798789702,0.330798789702,4,trp
181,0.330423199343,0.330423199343,0.330423199343,0.330423199343,4,trp
182,0.330188321649,0.330227331809,0.33017856911,0.33017856911,3,trp
183,0.329365801279,0.329365801279,0.329365801279,0.329365801279,4,trp
184,0.329080558804,0.329080558804,0.329080558804,0.329080558804,3,trp
185,0.328432715581,0.328432715581,0.328432715581,0.328432715581,3,trp
186,0.328054052678,0.328054052678,0.328054052678,0.328054052678,3,trp
187,0.327978579727,0.327981349001,0.327981349001,0.32796750263,3,trp
188,0.327821630517,0.327821630517,0.327821630517,0.327821630517,3,trp
189,0.326818066592,0.326818066592,0.326818066592,0.326818066592,3,trp
190,0.326268749004,0.326268749004,0.326268749004,0.326268749004,4,trp
191,0.325884728722,0.325884728722,0.325884728722,0.325884728722,3,trp
192,0.32561643165,0.32561643165,0.32561643165,0.32561643165,3,trp
193,0.324903906646,0.324903906646,0.324903906646,0.324903906646,4,trp
194,0.32435613372600003,0.32435613372600003,0.32435613372600003,0.32435613372600003,4,trp
195,0.324227247104,0.324239344489,0.324239344489,0.324178857564,3,trp
196,0.323972180933,0.323972180933,0.323972180933,0.323972180933,3,trp
197,0.31656911487399997,0.316587890178,0.316587890178,0.316494013659,3,trp
198,0.316065877897,0.316065877897,0.316065877897,0.316065877897,3,trp
199,0.315916918318,0.315916918318,0.315916918318,0.315916918318,3,trp
200,0.31499508859299996,0.31499508859299996,0.31499508859299996,0.31499508859299996,4,trp
201,0.314637186607,0.314637186607,0.314637186607,0.314637186607,3,trp
202,0.31419114810800003,0.31420538775199996,0.31420538775199996,0.314134189531,3,trp
203,0.313504049977,0.313504049977,0.313504049977,0.313504049977,3,trp
204,0.312979745332,0.312979745332,0.312979745332,0.312979745332,3,trp
205,0.312221769907,0.312268294544,0.312210138747,0.312210138747,3,trp
206,0.31103287071400004,0.31103287071400004,0.31103287071400004,0.31103287071400004,4,trp
207,0.309194601593,0.30919710881900003,0.30919710881900003,0.30918457268800004,3,trp
208,0.306589021445,0.306589021445,0.306589021445,0.306589021445,4,trp
209,0.306564051582,0.306564051582,0.306564051582,0.306564051582,3,trp
210,0.306290432007,0.306290432007,0.306290432007,0.306290432007,4,trp
211,0.304305878413,0.304305878413,0.304305878413,0.304305878413,4,trp
212,0.302741546837,0.302904423747,0.302904423747,0.302090039197,4,trp
213,0.302160576284,0.302161018946,0.302161018946,0.302158805636,3,trp
214,0.301939623251,0.301951425911,0.301936672586,0.301936672586,4,trp
215,0.300572944479,0.300580603215,0.300580603215,0.30054230953600003,4,trp
216,0.29889242121599996,0.29889242121599996,0.29889242121599996,0.29889242121599996,4,trp
217,0.29590082389600003,0.29590082389600003,0.29590082389600003,0.29590082389600003,4,trp
218,0.294128402083,0.294128402083,0.294128402083,0.294128402083,4,trp
219,0.292865536635,0.292865536635,0.292865536635,0.292865536635,4,trp
220,0.292386604963,0.292395044071,0.292395044071,0.292352848529,4,trp
221,0.288184596025,0.288184596025,0.288184596025,0.288184596025,4,trp
222,0.28689183723,0.28689183723,0.28689183723,0.28689183723,4,trp
223,0.285148403476,0.285148403476,0.285148403476,0.285148403476,4,trp
224,0.285131128115,0.285131128115,0.285131128115,0.285131128115,4,trp
226,0.284788350888,0.284788350888,0.284788350888,0.284788350888,4,trp
229,0.282027161191,0.282063280541,0.282063280541,0.28188268379000003,4,trp
230,0.282048480584,0.282048480584,0.282048480584,0.282048480584,4,trp
231,0.280940360761,0.280940360761,0.280940360761,0.280940360761,4,trp
232,0.279726303203,0.279726303203,0.279726303203,0.279726303203,4,trp
233,0.278815744865,0.278819520066,0.278819520066,0.27880064406,4,trp
235,0.276279954845,0.276279954845,0.276279954845,0.276279954845,4,trp
236,0.272754593584,0.272754593584,0.272754593584,0.272754593584,4,trp
239,0.271665623391,0.271691146365,0.271659242648,0.271659242648,4,trp
240,0.271108121402,0.271115723858,0.271106220788,0.271106220788,4,trp
241,0.270255930293,0.270409867793,0.270217445917,0.270217445917,4,trp
243,0.266709276519,0.266757386528,0.26669724901700004,0.26669724901700004,4,trp
244,0.266569126654,0.266594732934,0.26656272508400003,0.26656272508400003,4,trp
245,0.265175880791,0.265179255323,0.265179255323,0.265162382665,4,trp
247,0.26425187558,0.26425187558,0.26425187558,0.26425187558,4,trp
248,0.262577961867,0.262577961867,0.262577961867,0.262577961867,4,trp
249,0.262424195212,0.262424195212,0.262424195212,0.262424195212,4,trp
250,0.261704350335,0.261704350335,0.261704350335,0.261704350335,4,trp
251,0.261043136766,0.261118110608,0.261024393305,0.261024393305,4,trp
252,0.258031990224,0.258031990224,0.258031990224,0.258031990224,4,trp
254,0.256921069294,0.256929826189,0.256929826189,0.256886041712,4,trp
255,0.256278891817,0.256278891817,0.256278891817,0.256278891817,4,trp
256,0.256035441648,0.256035441648,0.256035441648,0.256035441648,4,trp
257,0.255967076367,0.255967076367,0.255967076367,0.255967076367,4,trp
258,0.253972453623,0.253972453623,0.253972453623,0.253972453623,4,trp
259,0.25224486098,0.252295899352,0.25223210138700003,0.25223210138700003,4,trp
260,0.252203548706,0.252203548706,0.252203548706,0.252203548706,4,trp
261,0.251481084076,0.251558544505,0.251461718968,0.251461718968,4,trp
262,0.249343858838,0.24934853794300002,0.24934853794300002,0.249325142418,4,trp
263,0.24856742747699997,0.24856742747699997,0.24856742747699997,0.24856742747699997,4,trp
264,0.24741390463399998,0.24771418597699998,0.24733883429900003,0.24733883429900003,4,trp
265,0.244443584685,0.244443584685,0.244443584685,0.244443584685,4,trp
266,0.24362384064,0.243655309926,0.243655309926,0.243497963497,4,trp
267,0.243260432447,0.243260432447,0.243260432447,0.243260432447,4,trp
268,0.24252324876200002,0.24252324876200002,0.24252324876200002,0.24252324876200002,4,trp
269,0.24099159938499998,0.24099159938499998,0.24099159938499998,0.24099159938499998,4,trp
270,0.240436672476,0.240436672476,0.240436672476,0.240436672476,4,trp
272,0.23516947934000001,0.235241358811,0.23515150947299998,0.23515150947299998,4,trp
273,0.234407434025,0.234407434025,0.234407434025,0.234407434025,4,trp
274,0.232815539287,0.232815539287,0.232815539287,0.232815539287,4,trp
275,0.231585700127,0.231613385187,0.23157877886199998,0.23157877886199998,4,trp
277,0.230964911058,0.230964911058,0.230964911058,0.230964911058,4,trp
278,0.23067251767299998,0.23067251767299998,0.23067251767299998,0.23067251767299998,4,trp
279,0.23031252136500002,0.23031252136500002,0.23031252136500002,0.23031252136500002,4,trp
282,0.224730395143,0.224730395143,0.224730395143,0.224730395143,4,trp
283,0.22406567181499998,0.22406567181499998,0.22406567181499998,0.22406567181499998,4,trp
284,0.21926142993,0.21926142993,0.21926142993,0.21926142993,4,trp
285,0.214130286338,0.214130286338,0.214130286338,0.214130286338,4,trp
286,0.123250787192,0.12354838566500001,0.12354838566500001,0.12206039329700001,4,trp
287,0.0679641307306,0.0679641307306,0.0679641307306,0.0679641307306,4,trp
288,0.0654457165902,0.0655303226736,0.0655303226736,0.0651072922562,4,trp
