K_cap,k_low,NMI_max,NMI_min,NMI_avg,NMI_med,thining_coef,algo_choice,sparsity,num_elements,in_file,aff_type
19,17,0.650868794353,0.650868794353,0.650868794353,0.650868794353,10,4,0,2510,./proteins/nup116_sparse/,entropic_aff
18,11,0.649493780264,0.649493780264,0.649493780264,0.649493780264,10,4,0,2510,./proteins/nup116_sparse/,entropic_aff
17,11,0.649493780264,0.649493780264,0.649493780264,0.649493780264,10,4,0,2510,./proteins/nup116_sparse/,entropic_aff
21,12,0.649493780264,0.649493780264,0.649493780264,0.649493780264,10,4,0,2510,./proteins/nup116_sparse/,entropic_aff
19,12,0.649493780264,0.649493780264,0.649493780264,0.649493780264,10,4,0,2510,./proteins/nup116_sparse/,entropic_aff
18,12,0.649493780264,0.649493780264,0.649493780264,0.649493780264,10,4,0,2510,./proteins/nup116_sparse/,entropic_aff
17,12,0.649493780264,0.649493780264,0.649493780264,0.649493780264,10,4,0,2510,./proteins/nup116_sparse/,entropic_aff
23,13,0.649493780264,0.649493780264,0.649493780264,0.649493780264,10,4,0,2510,./proteins/nup116_sparse/,entropic_aff
22,13,0.649493780264,0.649493780264,0.649493780264,0.649493780264,10,4,0,2510,./proteins/nup116_sparse/,entropic_aff
21,13,0.649493780264,0.649493780264,0.649493780264,0.649493780264,10,4,0,2510,./proteins/nup116_sparse/,entropic_aff
20,13,0.649493780264,0.649493780264,0.649493780264,0.649493780264,10,4,0,2510,./proteins/nup116_sparse/,entropic_aff
19,13,0.649493780264,0.649493780264,0.649493780264,0.649493780264,10,4,0,2510,./proteins/nup116_sparse/,entropic_aff
18,13,0.649493780264,0.649493780264,0.649493780264,0.649493780264,10,4,0,2510,./proteins/nup116_sparse/,entropic_aff
17,13,0.649493780264,0.649493780264,0.649493780264,0.649493780264,10,4,0,2510,./proteins/nup116_sparse/,entropic_aff
24,14,0.649493780264,0.649493780264,0.649493780264,0.649493780264,10,4,0,2510,./proteins/nup116_sparse/,entropic_aff
23,14,0.649493780264,0.649493780264,0.649493780264,0.649493780264,10,4,0,2510,./proteins/nup116_sparse/,entropic_aff
22,14,0.649493780264,0.649493780264,0.649493780264,0.649493780264,10,4,0,2510,./proteins/nup116_sparse/,entropic_aff
21,14,0.649493780264,0.649493780264,0.649493780264,0.649493780264,10,4,0,2510,./proteins/nup116_sparse/,entropic_aff
20,14,0.649493780264,0.649493780264,0.649493780264,0.649493780264,10,4,0,2510,./proteins/nup116_sparse/,entropic_aff
19,14,0.649493780264,0.649493780264,0.649493780264,0.649493780264,10,4,0,2510,./proteins/nup116_sparse/,entropic_aff
18,14,0.649493780264,0.649493780264,0.649493780264,0.649493780264,10,4,0,2510,./proteins/nup116_sparse/,entropic_aff
25,15,0.649493780264,0.649493780264,0.649493780264,0.649493780264,10,4,0,2510,./proteins/nup116_sparse/,entropic_aff
24,15,0.649493780264,0.649493780264,0.649493780264,0.649493780264,10,4,0,2510,./proteins/nup116_sparse/,entropic_aff
23,15,0.649493780264,0.649493780264,0.649493780264,0.649493780264,10,4,0,2510,./proteins/nup116_sparse/,entropic_aff
20,15,0.649493780264,0.649493780264,0.649493780264,0.649493780264,10,4,0,2510,./proteins/nup116_sparse/,entropic_aff
19,15,0.649493780264,0.649493780264,0.649493780264,0.649493780264,10,4,0,2510,./proteins/nup116_sparse/,entropic_aff
16,6,0.648008522623,0.648008522623,0.648008522623,0.648008522623,10,4,0,2510,./proteins/nup116_sparse/,entropic_aff
15,6,0.648008522623,0.644946049107,0.64739602792,0.648008522623,10,4,0,2510,./proteins/nup116_sparse/,entropic_aff
16,7,0.648008522623,0.648008522623,0.648008522623,0.648008522623,10,4,0,2510,./proteins/nup116_sparse/,entropic_aff
17,15,0.647007808042,0.647007808042,0.647007808042,0.647007808042,10,4,0,2510,./proteins/nup116_sparse/,entropic_aff
18,16,0.647007808042,0.637511650769,0.639410882224,0.637511650769,10,4,0,2510,./proteins/nup116_sparse/,entropic_aff
21,16,0.646811118624,0.646811118624,0.646811118624,0.646811118624,10,4,0,2510,./proteins/nup116_sparse/,entropic_aff
20,16,0.646811118624,0.646811118624,0.646811118624,0.646811118624,10,4,0,2510,./proteins/nup116_sparse/,entropic_aff
19,16,0.646811118624,0.646811118624,0.646811118624,0.646811118624,10,4,0,2510,./proteins/nup116_sparse/,entropic_aff
23,17,0.646811118624,0.646811118624,0.646811118624,0.646811118624,10,4,0,2510,./proteins/nup116_sparse/,entropic_aff
21,17,0.646811118624,0.646811118624,0.646811118624,0.646811118624,10,4,0,2510,./proteins/nup116_sparse/,entropic_aff
20,17,0.646811118624,0.646811118624,0.646811118624,0.646811118624,10,4,0,2510,./proteins/nup116_sparse/,entropic_aff
23,18,0.646811118624,0.646811118624,0.646811118624,0.646811118624,10,4,0,2510,./proteins/nup116_sparse/,entropic_aff
22,18,0.646811118624,0.646811118624,0.646811118624,0.646811118624,10,4,0,2510,./proteins/nup116_sparse/,entropic_aff
21,18,0.646811118624,0.646811118624,0.646811118624,0.646811118624,10,4,0,2510,./proteins/nup116_sparse/,entropic_aff
20,18,0.646811118624,0.646811118624,0.646811118624,0.646811118624,10,4,0,2510,./proteins/nup116_sparse/,entropic_aff
21,19,0.646811118624,0.646811118624,0.646811118624,0.646811118624,10,4,0,2510,./proteins/nup116_sparse/,entropic_aff
16,11,0.646363704819,0.646363704819,0.646363704819,0.646363704819,10,4,0,2510,./proteins/nup116_sparse/,entropic_aff
16,12,0.646363704819,0.646363704819,0.646363704819,0.646363704819,10,4,0,2510,./proteins/nup116_sparse/,entropic_aff
16,13,0.646363704819,0.646363704819,0.646363704819,0.646363704819,10,4,0,2510,./proteins/nup116_sparse/,entropic_aff
17,14,0.646363704819,0.646363704819,0.646363704819,0.646363704819,10,4,0,2510,./proteins/nup116_sparse/,entropic_aff
22,15,0.646363704819,0.646363704819,0.646363704819,0.646363704819,10,4,0,2510,./proteins/nup116_sparse/,entropic_aff
21,15,0.646363704819,0.646363704819,0.646363704819,0.646363704819,10,4,0,2510,./proteins/nup116_sparse/,entropic_aff
18,15,0.646363704819,0.646363704819,0.646363704819,0.646363704819,10,4,0,2510,./proteins/nup116_sparse/,entropic_aff
24,16,0.646363704819,0.646363704819,0.646363704819,0.646363704819,10,4,0,2510,./proteins/nup116_sparse/,entropic_aff
17,7,0.645925830464,0.645925830464,0.645925830464,0.645925830464,10,4,0,2510,./proteins/nup116_sparse/,entropic_aff
17,8,0.645925830464,0.645925830464,0.645925830464,0.645925830464,10,4,0,2510,./proteins/nup116_sparse/,entropic_aff
16,8,0.645925830464,0.645925830464,0.645925830464,0.645925830464,10,4,0,2510,./proteins/nup116_sparse/,entropic_aff
18,9,0.645925830464,0.645925830464,0.645925830464,0.645925830464,10,4,0,2510,./proteins/nup116_sparse/,entropic_aff
17,9,0.645925830464,0.645925830464,0.645925830464,0.645925830464,10,4,0,2510,./proteins/nup116_sparse/,entropic_aff
16,9,0.645925830464,0.645925830464,0.645925830464,0.645925830464,10,4,0,2510,./proteins/nup116_sparse/,entropic_aff
19,10,0.645925830464,0.645925830464,0.645925830464,0.645925830464,10,4,0,2510,./proteins/nup116_sparse/,entropic_aff
18,10,0.645925830464,0.645925830464,0.645925830464,0.645925830464,10,4,0,2510,./proteins/nup116_sparse/,entropic_aff
17,10,0.645925830464,0.645925830464,0.645925830464,0.645925830464,10,4,0,2510,./proteins/nup116_sparse/,entropic_aff
19,11,0.645925830464,0.645925830464,0.645925830464,0.645925830464,10,4,0,2510,./proteins/nup116_sparse/,entropic_aff
20,12,0.645925830464,0.645925830464,0.645925830464,0.645925830464,10,4,0,2510,./proteins/nup116_sparse/,entropic_aff
15,13,0.645024365948,0.645024365948,0.645024365948,0.645024365948,10,4,0,2510,./proteins/nup116_sparse/,entropic_aff
24,13,0.644472508577,0.644472508577,0.644472508577,0.644472508577,10,4,0,2510,./proteins/nup116_sparse/,entropic_aff
25,14,0.644472508577,0.644472508577,0.644472508577,0.644472508577,10,4,0,2510,./proteins/nup116_sparse/,entropic_aff
24,19,0.643892731222,0.643892731222,0.643892731222,0.643892731222,10,4,0,2510,./proteins/nup116_sparse/,entropic_aff
23,19,0.643892731222,0.643892731222,0.643892731222,0.643892731222,10,4,0,2510,./proteins/nup116_sparse/,entropic_aff
22,19,0.643892731222,0.643892731222,0.643892731222,0.643892731222,10,4,0,2510,./proteins/nup116_sparse/,entropic_aff
24,20,0.643892731222,0.643892731222,0.643892731222,0.643892731222,10,4,0,2510,./proteins/nup116_sparse/,entropic_aff
22,20,0.643892731222,0.643892731222,0.643892731222,0.643892731222,10,4,0,2510,./proteins/nup116_sparse/,entropic_aff
21,20,0.643892731222,0.643892731222,0.643892731222,0.643892731222,10,4,0,2510,./proteins/nup116_sparse/,entropic_aff
25,16,0.643251339612,0.643251339612,0.643251339612,0.643251339612,10,4,0,2510,./proteins/nup116_sparse/,entropic_aff
23,16,0.643251339612,0.643251339612,0.643251339612,0.643251339612,10,4,0,2510,./proteins/nup116_sparse/,entropic_aff
22,16,0.643251339612,0.643251339612,0.643251339612,0.643251339612,10,4,0,2510,./proteins/nup116_sparse/,entropic_aff
25,17,0.643251339612,0.643251339612,0.643251339612,0.643251339612,10,4,0,2510,./proteins/nup116_sparse/,entropic_aff
24,17,0.643251339612,0.643251339612,0.643251339612,0.643251339612,10,4,0,2510,./proteins/nup116_sparse/,entropic_aff
22,17,0.643251339612,0.643251339612,0.643251339612,0.643251339612,10,4,0,2510,./proteins/nup116_sparse/,entropic_aff
25,18,0.643251339612,0.643251339612,0.643251339612,0.643251339612,10,4,0,2510,./proteins/nup116_sparse/,entropic_aff
16,10,0.642808301138,0.642808301138,0.642808301138,0.642808301138,10,4,0,2510,./proteins/nup116_sparse/,entropic_aff
19,18,0.64268373188,0.64268373188,0.64268373188,0.64268373188,10,4,0,2510,./proteins/nup116_sparse/,entropic_aff
20,19,0.64268373188,0.64268373188,0.64268373188,0.64268373188,10,4,0,2510,./proteins/nup116_sparse/,entropic_aff
16,14,0.642035245791,0.642035245791,0.642035245791,0.642035245791,10,4,0,2510,./proteins/nup116_sparse/,entropic_aff
14,12,0.641546028745,0.641546028745,0.641546028745,0.641546028745,10,4,0,2510,./proteins/nup116_sparse/,entropic_aff
18,7,0.640924790453,0.640924790453,0.640924790453,0.640924790453,10,4,0,2510,./proteins/nup116_sparse/,entropic_aff
19,8,0.640924790453,0.640924790453,0.640924790453,0.640924790453,10,4,0,2510,./proteins/nup116_sparse/,entropic_aff
18,8,0.640924790453,0.640924790453,0.640924790453,0.640924790453,10,4,0,2510,./proteins/nup116_sparse/,entropic_aff
23,9,0.640924790453,0.640924790453,0.640924790453,0.640924790453,10,4,0,2510,./proteins/nup116_sparse/,entropic_aff
22,9,0.640924790453,0.640924790453,0.640924790453,0.640924790453,10,4,0,2510,./proteins/nup116_sparse/,entropic_aff
21,9,0.640924790453,0.640924790453,0.640924790453,0.640924790453,10,4,0,2510,./proteins/nup116_sparse/,entropic_aff
20,9,0.640924790453,0.640924790453,0.640924790453,0.640924790453,10,4,0,2510,./proteins/nup116_sparse/,entropic_aff
19,9,0.640924790453,0.640924790453,0.640924790453,0.640924790453,10,4,0,2510,./proteins/nup116_sparse/,entropic_aff
24,10,0.640924790453,0.640924790453,0.640924790453,0.640924790453,10,4,0,2510,./proteins/nup116_sparse/,entropic_aff
23,10,0.640924790453,0.640924790453,0.640924790453,0.640924790453,10,4,0,2510,./proteins/nup116_sparse/,entropic_aff
22,10,0.640924790453,0.640924790453,0.640924790453,0.640924790453,10,4,0,2510,./proteins/nup116_sparse/,entropic_aff
21,10,0.640924790453,0.640924790453,0.640924790453,0.640924790453,10,4,0,2510,./proteins/nup116_sparse/,entropic_aff
20,10,0.640924790453,0.640924790453,0.640924790453,0.640924790453,10,4,0,2510,./proteins/nup116_sparse/,entropic_aff
24,11,0.640924790453,0.640924790453,0.640924790453,0.640924790453,10,4,0,2510,./proteins/nup116_sparse/,entropic_aff
23,11,0.640924790453,0.640924790453,0.640924790453,0.640924790453,10,4,0,2510,./proteins/nup116_sparse/,entropic_aff
22,11,0.640924790453,0.640924790453,0.640924790453,0.640924790453,10,4,0,2510,./proteins/nup116_sparse/,entropic_aff
21,11,0.640924790453,0.640924790453,0.640924790453,0.640924790453,10,4,0,2510,./proteins/nup116_sparse/,entropic_aff
20,11,0.640924790453,0.640924790453,0.640924790453,0.640924790453,10,4,0,2510,./proteins/nup116_sparse/,entropic_aff
24,12,0.640924790453,0.640924790453,0.640924790453,0.640924790453,10,4,0,2510,./proteins/nup116_sparse/,entropic_aff
23,12,0.640924790453,0.640924790453,0.640924790453,0.640924790453,10,4,0,2510,./proteins/nup116_sparse/,entropic_aff
22,12,0.640924790453,0.640924790453,0.640924790453,0.640924790453,10,4,0,2510,./proteins/nup116_sparse/,entropic_aff
19,6,0.640658957473,0.640658957473,0.640658957473,0.640658957473,10,4,0,2510,./proteins/nup116_sparse/,entropic_aff
17,6,0.640658957473,0.640658957473,0.640658957473,0.640658957473,10,4,0,2510,./proteins/nup116_sparse/,entropic_aff
18,6,0.640658957473,0.640658957473,0.640658957473,0.640658957473,10,4,0,2510,./proteins/nup116_sparse/,entropic_aff
23,7,0.640658957473,0.640658957473,0.640658957473,0.640658957473,10,4,0,2510,./proteins/nup116_sparse/,entropic_aff
22,7,0.640658957473,0.640658957473,0.640658957473,0.640658957473,10,4,0,2510,./proteins/nup116_sparse/,entropic_aff
21,7,0.640658957473,0.640658957473,0.640658957473,0.640658957473,10,4,0,2510,./proteins/nup116_sparse/,entropic_aff
19,7,0.640658957473,0.640658957473,0.640658957473,0.640658957473,10,4,0,2510,./proteins/nup116_sparse/,entropic_aff
23,8,0.640658957473,0.640658957473,0.640658957473,0.640658957473,10,4,0,2510,./proteins/nup116_sparse/,entropic_aff
22,8,0.640658957473,0.640658957473,0.640658957473,0.640658957473,10,4,0,2510,./proteins/nup116_sparse/,entropic_aff
21,8,0.640658957473,0.640658957473,0.640658957473,0.640658957473,10,4,0,2510,./proteins/nup116_sparse/,entropic_aff
20,8,0.640658957473,0.640658957473,0.640658957473,0.640658957473,10,4,0,2510,./proteins/nup116_sparse/,entropic_aff
45,6,0.640443322927,0.640443322927,0.640443322927,0.640443322927,10,4,0,2510,./proteins/nup116_sparse/,entropic_aff
65,7,0.640443322927,0.640443322927,0.640443322927,0.640443322927,10,4,0,2510,./proteins/nup116_sparse/,entropic_aff
60,7,0.640443322927,0.640443322927,0.640443322927,0.640443322927,10,4,0,2510,./proteins/nup116_sparse/,entropic_aff
55,7,0.640443322927,0.640443322927,0.640443322927,0.640443322927,10,4,0,2510,./proteins/nup116_sparse/,entropic_aff
50,7,0.640443322927,0.640443322927,0.640443322927,0.640443322927,10,4,0,2510,./proteins/nup116_sparse/,entropic_aff
45,7,0.640443322927,0.640443322927,0.640443322927,0.640443322927,10,4,0,2510,./proteins/nup116_sparse/,entropic_aff
90,8,0.640443322927,0.640443322927,0.640443322927,0.640443322927,10,4,0,2510,./proteins/nup116_sparse/,entropic_aff
85,8,0.640443322927,0.640443322927,0.640443322927,0.640443322927,10,4,0,2510,./proteins/nup116_sparse/,entropic_aff
80,8,0.640443322927,0.640443322927,0.640443322927,0.640443322927,10,4,0,2510,./proteins/nup116_sparse/,entropic_aff
75,8,0.640443322927,0.640443322927,0.640443322927,0.640443322927,10,4,0,2510,./proteins/nup116_sparse/,entropic_aff
70,8,0.640443322927,0.640443322927,0.640443322927,0.640443322927,10,4,0,2510,./proteins/nup116_sparse/,entropic_aff
65,8,0.640443322927,0.640443322927,0.640443322927,0.640443322927,10,4,0,2510,./proteins/nup116_sparse/,entropic_aff
60,8,0.640443322927,0.640443322927,0.640443322927,0.640443322927,10,4,0,2510,./proteins/nup116_sparse/,entropic_aff
55,8,0.640443322927,0.640443322927,0.640443322927,0.640443322927,10,4,0,2510,./proteins/nup116_sparse/,entropic_aff
50,8,0.640443322927,0.640443322927,0.640443322927,0.640443322927,10,4,0,2510,./proteins/nup116_sparse/,entropic_aff
90,9,0.640443322927,0.640443322927,0.640443322927,0.640443322927,10,4,0,2510,./proteins/nup116_sparse/,entropic_aff
85,9,0.640443322927,0.640443322927,0.640443322927,0.640443322927,10,4,0,2510,./proteins/nup116_sparse/,entropic_aff
80,9,0.640443322927,0.640443322927,0.640443322927,0.640443322927,10,4,0,2510,./proteins/nup116_sparse/,entropic_aff
75,9,0.640443322927,0.640443322927,0.640443322927,0.640443322927,10,4,0,2510,./proteins/nup116_sparse/,entropic_aff
70,9,0.640443322927,0.640443322927,0.640443322927,0.640443322927,10,4,0,2510,./proteins/nup116_sparse/,entropic_aff
65,9,0.640443322927,0.640443322927,0.640443322927,0.640443322927,10,4,0,2510,./proteins/nup116_sparse/,entropic_aff
60,9,0.640443322927,0.640443322927,0.640443322927,0.640443322927,10,4,0,2510,./proteins/nup116_sparse/,entropic_aff
90,10,0.640443322927,0.640443322927,0.640443322927,0.640443322927,10,4,0,2510,./proteins/nup116_sparse/,entropic_aff
85,10,0.640443322927,0.640443322927,0.640443322927,0.640443322927,10,4,0,2510,./proteins/nup116_sparse/,entropic_aff
80,10,0.640443322927,0.640443322927,0.640443322927,0.640443322927,10,4,0,2510,./proteins/nup116_sparse/,entropic_aff
75,10,0.640443322927,0.640443322927,0.640443322927,0.640443322927,10,4,0,2510,./proteins/nup116_sparse/,entropic_aff
70,10,0.640443322927,0.640443322927,0.640443322927,0.640443322927,10,4,0,2510,./proteins/nup116_sparse/,entropic_aff
90,11,0.640443322927,0.640443322927,0.640443322927,0.640443322927,10,4,0,2510,./proteins/nup116_sparse/,entropic_aff
85,11,0.640443322927,0.640443322927,0.640443322927,0.640443322927,10,4,0,2510,./proteins/nup116_sparse/,entropic_aff
24,18,0.64042928264,0.64042928264,0.64042928264,0.64042928264,10,4,0,2510,./proteins/nup116_sparse/,entropic_aff
25,19,0.64042928264,0.64042928264,0.64042928264,0.64042928264,10,4,0,2510,./proteins/nup116_sparse/,entropic_aff
25,13,0.640227860089,0.640227860089,0.640227860089,0.640227860089,10,4,0,2510,./proteins/nup116_sparse/,entropic_aff
40,5,0.640025350879,0.640025350879,0.640025350879,0.640025350879,10,4,0,2510,./proteins/nup116_sparse/,entropic_aff
35,5,0.640025350879,0.640025350879,0.640025350879,0.640025350879,10,4,0,2510,./proteins/nup116_sparse/,entropic_aff
30,5,0.640025350879,0.640025350879,0.640025350879,0.640025350879,10,4,0,2510,./proteins/nup116_sparse/,entropic_aff
40,6,0.640025350879,0.640025350879,0.640025350879,0.640025350879,10,4,0,2510,./proteins/nup116_sparse/,entropic_aff
35,6,0.640025350879,0.640025350879,0.640025350879,0.640025350879,10,4,0,2510,./proteins/nup116_sparse/,entropic_aff
30,6,0.640025350879,0.640025350879,0.640025350879,0.640025350879,10,4,0,2510,./proteins/nup116_sparse/,entropic_aff
40,7,0.640025350879,0.640025350879,0.640025350879,0.640025350879,10,4,0,2510,./proteins/nup116_sparse/,entropic_aff
35,7,0.640025350879,0.640025350879,0.640025350879,0.640025350879,10,4,0,2510,./proteins/nup116_sparse/,entropic_aff
30,7,0.640025350879,0.640025350879,0.640025350879,0.640025350879,10,4,0,2510,./proteins/nup116_sparse/,entropic_aff
40,8,0.640025350879,0.640025350879,0.640025350879,0.640025350879,10,4,0,2510,./proteins/nup116_sparse/,entropic_aff
35,8,0.640025350879,0.640025350879,0.640025350879,0.640025350879,10,4,0,2510,./proteins/nup116_sparse/,entropic_aff
30,8,0.640025350879,0.640025350879,0.640025350879,0.640025350879,10,4,0,2510,./proteins/nup116_sparse/,entropic_aff
35,9,0.640025350879,0.640025350879,0.640025350879,0.640025350879,10,4,0,2510,./proteins/nup116_sparse/,entropic_aff
9,7,0.639462664722,0.639462664722,0.639462664722,0.639462664722,10,4,0,2510,./proteins/nup116_sparse/,entropic_aff
15,14,0.638935607101,0.638935607101,0.638935607101,0.638935607101,10,4,0,2510,./proteins/nup116_sparse/,entropic_aff
16,15,0.638935607101,0.638935607101,0.638935607101,0.638935607101,10,4,0,2510,./proteins/nup116_sparse/,entropic_aff
18,17,0.638612667019,0.638612667019,0.638612667019,0.638612667019,10,4,0,2510,./proteins/nup116_sparse/,entropic_aff
24,22,0.638381554982,0.638381554982,0.638381554982,0.638381554982,10,4,0,2510,./proteins/nup116_sparse/,entropic_aff
23,22,0.638381554982,0.638381554982,0.638381554982,0.638381554982,10,4,0,2510,./proteins/nup116_sparse/,entropic_aff
18,4,0.637625784679,0.637625784679,0.637625784679,0.637625784679,10,4,0,2510,./proteins/nup116_sparse/,entropic_aff
17,4,0.637625784679,0.637625784679,0.637625784679,0.637625784679,10,4,0,2510,./proteins/nup116_sparse/,entropic_aff
19,5,0.637625784679,0.637625784679,0.637625784679,0.637625784679,10,4,0,2510,./proteins/nup116_sparse/,entropic_aff
18,5,0.637625784679,0.637625784679,0.637625784679,0.637625784679,10,4,0,2510,./proteins/nup116_sparse/,entropic_aff
17,5,0.637625784679,0.637625784679,0.637625784679,0.637625784679,10,4,0,2510,./proteins/nup116_sparse/,entropic_aff
16,5,0.637625784679,0.637625784679,0.637625784679,0.637625784679,10,4,0,2510,./proteins/nup116_sparse/,entropic_aff
15,5,0.637625784679,0.637625784679,0.637625784679,0.637625784679,10,4,0,2510,./proteins/nup116_sparse/,entropic_aff
65,5,0.63735026369,0.63735026369,0.63735026369,0.63735026369,10,4,0,2510,./proteins/nup116_sparse/,entropic_aff
60,5,0.63735026369,0.63735026369,0.63735026369,0.63735026369,10,4,0,2510,./proteins/nup116_sparse/,entropic_aff
55,5,0.63735026369,0.63735026369,0.63735026369,0.63735026369,10,4,0,2510,./proteins/nup116_sparse/,entropic_aff
50,5,0.63735026369,0.63735026369,0.63735026369,0.63735026369,10,4,0,2510,./proteins/nup116_sparse/,entropic_aff
45,5,0.63735026369,0.63735026369,0.63735026369,0.63735026369,10,4,0,2510,./proteins/nup116_sparse/,entropic_aff
90,6,0.63735026369,0.63735026369,0.63735026369,0.63735026369,10,4,0,2510,./proteins/nup116_sparse/,entropic_aff
85,6,0.63735026369,0.63735026369,0.63735026369,0.63735026369,10,4,0,2510,./proteins/nup116_sparse/,entropic_aff
80,6,0.63735026369,0.63735026369,0.63735026369,0.63735026369,10,4,0,2510,./proteins/nup116_sparse/,entropic_aff
75,6,0.63735026369,0.63735026369,0.63735026369,0.63735026369,10,4,0,2510,./proteins/nup116_sparse/,entropic_aff
70,6,0.63735026369,0.63735026369,0.63735026369,0.63735026369,10,4,0,2510,./proteins/nup116_sparse/,entropic_aff
65,6,0.63735026369,0.63735026369,0.63735026369,0.63735026369,10,4,0,2510,./proteins/nup116_sparse/,entropic_aff
60,6,0.63735026369,0.63735026369,0.63735026369,0.63735026369,10,4,0,2510,./proteins/nup116_sparse/,entropic_aff
55,6,0.63735026369,0.63735026369,0.63735026369,0.63735026369,10,4,0,2510,./proteins/nup116_sparse/,entropic_aff
50,6,0.63735026369,0.63735026369,0.63735026369,0.63735026369,10,4,0,2510,./proteins/nup116_sparse/,entropic_aff
90,7,0.63735026369,0.63735026369,0.63735026369,0.63735026369,10,4,0,2510,./proteins/nup116_sparse/,entropic_aff
85,7,0.63735026369,0.63735026369,0.63735026369,0.63735026369,10,4,0,2510,./proteins/nup116_sparse/,entropic_aff
80,7,0.63735026369,0.63735026369,0.63735026369,0.63735026369,10,4,0,2510,./proteins/nup116_sparse/,entropic_aff
75,7,0.63735026369,0.63735026369,0.63735026369,0.63735026369,10,4,0,2510,./proteins/nup116_sparse/,entropic_aff
70,7,0.63735026369,0.63735026369,0.63735026369,0.63735026369,10,4,0,2510,./proteins/nup116_sparse/,entropic_aff
9,8,0.637282392221,0.637282392221,0.637282392221,0.637282392221,10,4,0,2510,./proteins/nup116_sparse/,entropic_aff
10,9,0.637282392221,0.637282392221,0.637282392221,0.637282392221,10,4,0,2510,./proteins/nup116_sparse/,entropic_aff
12,11,0.637282392221,0.637282392221,0.637282392221,0.637282392221,10,4,0,2510,./proteins/nup116_sparse/,entropic_aff
15,11,0.637270728278,0.637270728278,0.637270728278,0.637270728278,10,4,0,2510,./proteins/nup116_sparse/,entropic_aff
15,12,0.637270728278,0.637270728278,0.637270728278,0.637270728278,10,4,0,2510,./proteins/nup116_sparse/,entropic_aff
30,9,0.636697183914,0.636697183914,0.636697183914,0.636697183914,10,4,0,2510,./proteins/nup116_sparse/,entropic_aff
30,10,0.636697183914,0.636697183914,0.636697183914,0.636697183914,10,4,0,2510,./proteins/nup116_sparse/,entropic_aff
25,10,0.636697183914,0.636697183914,0.636697183914,0.636697183914,10,4,0,2510,./proteins/nup116_sparse/,entropic_aff
25,11,0.636697183914,0.636697183914,0.636697183914,0.636697183914,10,4,0,2510,./proteins/nup116_sparse/,entropic_aff
25,12,0.636697183914,0.636697183914,0.636697183914,0.636697183914,10,4,0,2510,./proteins/nup116_sparse/,entropic_aff
21,5,0.636432076144,0.636432076144,0.636432076144,0.636432076144,10,4,0,2510,./proteins/nup116_sparse/,entropic_aff
20,5,0.636432076144,0.636432076144,0.636432076144,0.636432076144,10,4,0,2510,./proteins/nup116_sparse/,entropic_aff
25,6,0.636432076144,0.636432076144,0.636432076144,0.636432076144,10,4,0,2510,./proteins/nup116_sparse/,entropic_aff
24,6,0.636432076144,0.636432076144,0.636432076144,0.636432076144,10,4,0,2510,./proteins/nup116_sparse/,entropic_aff
23,6,0.636432076144,0.636432076144,0.636432076144,0.636432076144,10,4,0,2510,./proteins/nup116_sparse/,entropic_aff
22,6,0.636432076144,0.636432076144,0.636432076144,0.636432076144,10,4,0,2510,./proteins/nup116_sparse/,entropic_aff
21,6,0.636432076144,0.636432076144,0.636432076144,0.636432076144,10,4,0,2510,./proteins/nup116_sparse/,entropic_aff
20,6,0.636432076144,0.636432076144,0.636432076144,0.636432076144,10,4,0,2510,./proteins/nup116_sparse/,entropic_aff
25,7,0.636432076144,0.636432076144,0.636432076144,0.636432076144,10,4,0,2510,./proteins/nup116_sparse/,entropic_aff
24,7,0.636432076144,0.636432076144,0.636432076144,0.636432076144,10,4,0,2510,./proteins/nup116_sparse/,entropic_aff
20,7,0.636432076144,0.636432076144,0.636432076144,0.636432076144,10,4,0,2510,./proteins/nup116_sparse/,entropic_aff
25,8,0.636432076144,0.636432076144,0.636432076144,0.636432076144,10,4,0,2510,./proteins/nup116_sparse/,entropic_aff
24,8,0.636432076144,0.636432076144,0.636432076144,0.636432076144,10,4,0,2510,./proteins/nup116_sparse/,entropic_aff
25,9,0.636432076144,0.636432076144,0.636432076144,0.636432076144,10,4,0,2510,./proteins/nup116_sparse/,entropic_aff
24,9,0.636432076144,0.636432076144,0.636432076144,0.636432076144,10,4,0,2510,./proteins/nup116_sparse/,entropic_aff
12,6,0.635933846937,0.635933846937,0.635933846937,0.635933846937,10,4,0,2510,./proteins/nup116_sparse/,entropic_aff
12,7,0.635933846937,0.635933846937,0.635933846937,0.635933846937,10,4,0,2510,./proteins/nup116_sparse/,entropic_aff
11,8,0.635933846937,0.635933846937,0.635933846937,0.635933846937,10,4,0,2510,./proteins/nup116_sparse/,entropic_aff
10,8,0.635933846937,0.635933846937,0.635933846937,0.635933846937,10,4,0,2510,./proteins/nup116_sparse/,entropic_aff
11,9,0.635933846937,0.635933846937,0.635933846937,0.635933846937,10,4,0,2510,./proteins/nup116_sparse/,entropic_aff
30,22,0.63584988146,0.63584988146,0.63584988146,0.63584988146,10,4,0,2510,./proteins/nup116_sparse/,entropic_aff
17,16,0.635493979227,0.629531600956,0.634301503572,0.635493979227,10,4,0,2510,./proteins/nup116_sparse/,entropic_aff
14,13,0.635477461157,0.635477461157,0.635477461157,0.635477461157,10,4,0,2510,./proteins/nup116_sparse/,entropic_aff
90,14,0.635187852395,0.635187852395,0.635187852395,0.635187852395,10,4,0,2510,./proteins/nup116_sparse/,entropic_aff
90,15,0.635187852395,0.635187852395,0.635187852395,0.635187852395,10,4,0,2510,./proteins/nup116_sparse/,entropic_aff
90,16,0.635187852395,0.635187852395,0.635187852395,0.635187852395,10,4,0,2510,./proteins/nup116_sparse/,entropic_aff
90,17,0.635187852395,0.635187852395,0.635187852395,0.635187852395,10,4,0,2510,./proteins/nup116_sparse/,entropic_aff
23,20,0.634379748674,0.634379748674,0.634379748674,0.634379748674,10,4,0,2510,./proteins/nup116_sparse/,entropic_aff
13,6,0.63382254456,0.63382254456,0.63382254456,0.63382254456,10,4,0,2510,./proteins/nup116_sparse/,entropic_aff
15,7,0.63382254456,0.63382254456,0.63382254456,0.63382254456,10,4,0,2510,./proteins/nup116_sparse/,entropic_aff
14,7,0.63382254456,0.63382254456,0.63382254456,0.63382254456,10,4,0,2510,./proteins/nup116_sparse/,entropic_aff
13,7,0.63382254456,0.63382254456,0.63382254456,0.63382254456,10,4,0,2510,./proteins/nup116_sparse/,entropic_aff
15,8,0.63382254456,0.63382254456,0.63382254456,0.63382254456,10,4,0,2510,./proteins/nup116_sparse/,entropic_aff
14,8,0.63382254456,0.63382254456,0.63382254456,0.63382254456,10,4,0,2510,./proteins/nup116_sparse/,entropic_aff
13,8,0.63382254456,0.63382254456,0.63382254456,0.63382254456,10,4,0,2510,./proteins/nup116_sparse/,entropic_aff
12,8,0.63382254456,0.63382254456,0.63382254456,0.63382254456,10,4,0,2510,./proteins/nup116_sparse/,entropic_aff
15,9,0.63382254456,0.63382254456,0.63382254456,0.63382254456,10,4,0,2510,./proteins/nup116_sparse/,entropic_aff
14,9,0.63382254456,0.63382254456,0.63382254456,0.63382254456,10,4,0,2510,./proteins/nup116_sparse/,entropic_aff
13,9,0.63382254456,0.63382254456,0.63382254456,0.63382254456,10,4,0,2510,./proteins/nup116_sparse/,entropic_aff
12,9,0.63382254456,0.63382254456,0.63382254456,0.63382254456,10,4,0,2510,./proteins/nup116_sparse/,entropic_aff
15,10,0.63382254456,0.63382254456,0.63382254456,0.63382254456,10,4,0,2510,./proteins/nup116_sparse/,entropic_aff
14,10,0.63382254456,0.63382254456,0.63382254456,0.63382254456,10,4,0,2510,./proteins/nup116_sparse/,entropic_aff
13,10,0.63382254456,0.63382254456,0.63382254456,0.63382254456,10,4,0,2510,./proteins/nup116_sparse/,entropic_aff
12,10,0.63382254456,0.63382254456,0.63382254456,0.63382254456,10,4,0,2510,./proteins/nup116_sparse/,entropic_aff
11,10,0.63382254456,0.63382254456,0.63382254456,0.63382254456,10,4,0,2510,./proteins/nup116_sparse/,entropic_aff
14,11,0.63382254456,0.63382254456,0.63382254456,0.63382254456,10,4,0,2510,./proteins/nup116_sparse/,entropic_aff
13,11,0.63382254456,0.63382254456,0.63382254456,0.63382254456,10,4,0,2510,./proteins/nup116_sparse/,entropic_aff
90,12,0.633765893906,0.633765893906,0.633765893906,0.633765893906,10,4,0,2510,./proteins/nup116_sparse/,entropic_aff
90,13,0.633765893906,0.633765893906,0.633765893906,0.633765893906,10,4,0,2510,./proteins/nup116_sparse/,entropic_aff
30,11,0.6336138653,0.6336138653,0.6336138653,0.6336138653,10,4,0,2510,./proteins/nup116_sparse/,entropic_aff
35,22,0.633548513967,0.633548513967,0.633548513967,0.633548513967,10,4,0,2510,./proteins/nup116_sparse/,entropic_aff
25,4,0.633415516598,0.633415516598,0.633415516598,0.633415516598,10,4,0,2510,./proteins/nup116_sparse/,entropic_aff
24,4,0.633415516598,0.633415516598,0.633415516598,0.633415516598,10,4,0,2510,./proteins/nup116_sparse/,entropic_aff
23,4,0.633415516598,0.633415516598,0.633415516598,0.633415516598,10,4,0,2510,./proteins/nup116_sparse/,entropic_aff
22,4,0.633415516598,0.633415516598,0.633415516598,0.633415516598,10,4,0,2510,./proteins/nup116_sparse/,entropic_aff
21,4,0.633415516598,0.633415516598,0.633415516598,0.633415516598,10,4,0,2510,./proteins/nup116_sparse/,entropic_aff
20,4,0.633415516598,0.633415516598,0.633415516598,0.633415516598,10,4,0,2510,./proteins/nup116_sparse/,entropic_aff
19,4,0.633415516598,0.633415516598,0.633415516598,0.633415516598,10,4,0,2510,./proteins/nup116_sparse/,entropic_aff
25,5,0.633415516598,0.633415516598,0.633415516598,0.633415516598,10,4,0,2510,./proteins/nup116_sparse/,entropic_aff
24,5,0.633415516598,0.633415516598,0.633415516598,0.633415516598,10,4,0,2510,./proteins/nup116_sparse/,entropic_aff
23,5,0.633415516598,0.633415516598,0.633415516598,0.633415516598,10,4,0,2510,./proteins/nup116_sparse/,entropic_aff
22,5,0.633415516598,0.633415516598,0.633415516598,0.633415516598,10,4,0,2510,./proteins/nup116_sparse/,entropic_aff
40,24,0.630750315129,0.630750315129,0.630750315129,0.630750315129,10,4,0,2510,./proteins/nup116_sparse/,entropic_aff
35,24,0.630750315129,0.630750315129,0.630750315129,0.630750315129,10,4,0,2510,./proteins/nup116_sparse/,entropic_aff
30,27,0.629676091735,0.629676091735,0.629676091735,0.629676091735,10,4,0,2510,./proteins/nup116_sparse/,entropic_aff
35,20,0.629570693495,0.629570693495,0.629570693495,0.629570693495,10,4,0,2510,./proteins/nup116_sparse/,entropic_aff
40,22,0.629570693495,0.629570693495,0.629570693495,0.629570693495,10,4,0,2510,./proteins/nup116_sparse/,entropic_aff
25,22,0.629304008276,0.629304008276,0.629304008276,0.629304008276,10,4,0,2510,./proteins/nup116_sparse/,entropic_aff
14,6,0.62895552546,0.62895552546,0.62895552546,0.62895552546,10,4,0,2510,./proteins/nup116_sparse/,entropic_aff
14,5,0.62881026599,0.62881026599,0.62881026599,0.62881026599,10,4,0,2510,./proteins/nup116_sparse/,entropic_aff
13,5,0.62881026599,0.62881026599,0.62881026599,0.62881026599,10,4,0,2510,./proteins/nup116_sparse/,entropic_aff
13,12,0.628419794345,0.628419794345,0.628419794345,0.628419794345,10,4,0,2510,./proteins/nup116_sparse/,entropic_aff
35,10,0.627385287702,0.627385287702,0.627385287702,0.627385287702,10,4,0,2510,./proteins/nup116_sparse/,entropic_aff
45,24,0.626784307371,0.626784307371,0.626784307371,0.626784307371,10,4,0,2510,./proteins/nup116_sparse/,entropic_aff
55,27,0.626784307371,0.626784307371,0.626784307371,0.626784307371,10,4,0,2510,./proteins/nup116_sparse/,entropic_aff
50,27,0.626784307371,0.626784307371,0.626784307371,0.626784307371,10,4,0,2510,./proteins/nup116_sparse/,entropic_aff
60,30,0.626784307371,0.626784307371,0.626784307371,0.626784307371,10,4,0,2510,./proteins/nup116_sparse/,entropic_aff
70,35,0.626784307371,0.622641970031,0.625955839903,0.626784307371,10,4,0,2510,./proteins/nup116_sparse/,entropic_aff
90,40,0.626784307371,0.626784307371,0.626784307371,0.626784307371,10,4,0,2510,./proteins/nup116_sparse/,entropic_aff
85,40,0.626784307371,0.626784307371,0.626784307371,0.626784307371,10,4,0,2510,./proteins/nup116_sparse/,entropic_aff
30,24,0.626570014654,0.626570014654,0.626570014654,0.626570014654,10,4,0,2510,./proteins/nup116_sparse/,entropic_aff
45,27,0.626570014654,0.626570014654,0.626570014654,0.626570014654,10,4,0,2510,./proteins/nup116_sparse/,entropic_aff
35,27,0.626570014654,0.626570014654,0.626570014654,0.626570014654,10,4,0,2510,./proteins/nup116_sparse/,entropic_aff
45,30,0.626570014654,0.626570014654,0.626570014654,0.626570014654,10,4,0,2510,./proteins/nup116_sparse/,entropic_aff
60,35,0.626570014654,0.626570014654,0.626570014654,0.626570014654,10,4,0,2510,./proteins/nup116_sparse/,entropic_aff
55,35,0.626570014654,0.626570014654,0.626570014654,0.626570014654,10,4,0,2510,./proteins/nup116_sparse/,entropic_aff
70,40,0.626570014654,0.626570014654,0.626570014654,0.626570014654,10,4,0,2510,./proteins/nup116_sparse/,entropic_aff
80,45,0.626570014654,0.626570014654,0.626570014654,0.626570014654,10,4,0,2510,./proteins/nup116_sparse/,entropic_aff
55,11,0.626354518854,0.626354518854,0.626354518854,0.626354518854,10,4,0,2510,./proteins/nup116_sparse/,entropic_aff
50,11,0.626354518854,0.626354518854,0.626354518854,0.626354518854,10,4,0,2510,./proteins/nup116_sparse/,entropic_aff
9,5,0.62605862815,0.62605862815,0.62605862815,0.62605862815,10,4,0,2510,./proteins/nup116_sparse/,entropic_aff
8,5,0.62605862815,0.62605862815,0.62605862815,0.62605862815,10,4,0,2510,./proteins/nup116_sparse/,entropic_aff
8,6,0.62605862815,0.62605862815,0.62605862815,0.62605862815,10,4,0,2510,./proteins/nup116_sparse/,entropic_aff
7,6,0.62605862815,0.62605862815,0.62605862815,0.62605862815,10,4,0,2510,./proteins/nup116_sparse/,entropic_aff
8,7,0.62605862815,0.62605862815,0.62605862815,0.62605862815,10,4,0,2510,./proteins/nup116_sparse/,entropic_aff
30,17,0.626027276055,0.626027276055,0.626027276055,0.626027276055,10,4,0,2510,./proteins/nup116_sparse/,entropic_aff
30,18,0.626027276055,0.626027276055,0.626027276055,0.626027276055,10,4,0,2510,./proteins/nup116_sparse/,entropic_aff
35,19,0.626027276055,0.626027276055,0.626027276055,0.626027276055,10,4,0,2510,./proteins/nup116_sparse/,entropic_aff
30,19,0.626027276055,0.626027276055,0.626027276055,0.626027276055,10,4,0,2510,./proteins/nup116_sparse/,entropic_aff
30,20,0.626027276055,0.626027276055,0.626027276055,0.626027276055,10,4,0,2510,./proteins/nup116_sparse/,entropic_aff
40,4,0.625998844448,0.60737392446,0.62227386045,0.625998844448,10,4,0,2510,./proteins/nup116_sparse/,entropic_aff
90,18,0.625839329551,0.625839329551,0.625839329551,0.625839329551,10,4,0,2510,./proteins/nup116_sparse/,entropic_aff
90,19,0.625839329551,0.625839329551,0.625839329551,0.625839329551,10,4,0,2510,./proteins/nup116_sparse/,entropic_aff
45,19,0.625367190768,0.625367190768,0.625367190768,0.625367190768,10,4,0,2510,./proteins/nup116_sparse/,entropic_aff
40,20,0.625367190768,0.625367190768,0.625367190768,0.625367190768,10,4,0,2510,./proteins/nup116_sparse/,entropic_aff
25,20,0.625343960932,0.625343960932,0.625343960932,0.625343960932,10,4,0,2510,./proteins/nup116_sparse/,entropic_aff
9,6,0.625334359693,0.625334359693,0.625334359693,0.625334359693,10,4,0,2510,./proteins/nup116_sparse/,entropic_aff
45,8,0.624948743464,0.624948743464,0.624948743464,0.624948743464,10,4,0,2510,./proteins/nup116_sparse/,entropic_aff
55,9,0.624948743464,0.624948743464,0.624948743464,0.624948743464,10,4,0,2510,./proteins/nup116_sparse/,entropic_aff
50,9,0.624948743464,0.624948743464,0.624948743464,0.624948743464,10,4,0,2510,./proteins/nup116_sparse/,entropic_aff
45,9,0.624948743464,0.624948743464,0.624948743464,0.624948743464,10,4,0,2510,./proteins/nup116_sparse/,entropic_aff
65,10,0.624948743464,0.624948743464,0.624948743464,0.624948743464,10,4,0,2510,./proteins/nup116_sparse/,entropic_aff
60,10,0.624948743464,0.624948743464,0.624948743464,0.624948743464,10,4,0,2510,./proteins/nup116_sparse/,entropic_aff
55,10,0.624948743464,0.624948743464,0.624948743464,0.624948743464,10,4,0,2510,./proteins/nup116_sparse/,entropic_aff
50,10,0.624948743464,0.624948743464,0.624948743464,0.624948743464,10,4,0,2510,./proteins/nup116_sparse/,entropic_aff
80,11,0.624948743464,0.624948743464,0.624948743464,0.624948743464,10,4,0,2510,./proteins/nup116_sparse/,entropic_aff
75,11,0.624948743464,0.624948743464,0.624948743464,0.624948743464,10,4,0,2510,./proteins/nup116_sparse/,entropic_aff
70,11,0.624948743464,0.624948743464,0.624948743464,0.624948743464,10,4,0,2510,./proteins/nup116_sparse/,entropic_aff
65,11,0.624948743464,0.624948743464,0.624948743464,0.624948743464,10,4,0,2510,./proteins/nup116_sparse/,entropic_aff
60,11,0.624948743464,0.624948743464,0.624948743464,0.624948743464,10,4,0,2510,./proteins/nup116_sparse/,entropic_aff
45,40,0.624862938876,0.624862938876,0.624862938876,0.624862938876,10,4,0,2510,./proteins/nup116_sparse/,entropic_aff
60,45,0.624636867587,0.624636867587,0.624636867587,0.624636867587,10,4,0,2510,./proteins/nup116_sparse/,entropic_aff
40,9,0.624634929564,0.624634929564,0.624634929564,0.624634929564,10,4,0,2510,./proteins/nup116_sparse/,entropic_aff
45,10,0.624634929564,0.624634929564,0.624634929564,0.624634929564,10,4,0,2510,./proteins/nup116_sparse/,entropic_aff
40,10,0.624634929564,0.624634929564,0.624634929564,0.624634929564,10,4,0,2510,./proteins/nup116_sparse/,entropic_aff
25,24,0.623527521622,0.623527521622,0.623527521622,0.623527521622,10,4,0,2510,./proteins/nup116_sparse/,entropic_aff
45,11,0.62281398995,0.62281398995,0.62281398995,0.62281398995,10,4,0,2510,./proteins/nup116_sparse/,entropic_aff
50,18,0.622641970031,0.622641970031,0.622641970031,0.622641970031,10,4,0,2510,./proteins/nup116_sparse/,entropic_aff
55,19,0.622641970031,0.622641970031,0.622641970031,0.622641970031,10,4,0,2510,./proteins/nup116_sparse/,entropic_aff
50,19,0.622641970031,0.622641970031,0.622641970031,0.622641970031,10,4,0,2510,./proteins/nup116_sparse/,entropic_aff
60,20,0.622641970031,0.622641970031,0.622641970031,0.622641970031,10,4,0,2510,./proteins/nup116_sparse/,entropic_aff
55,20,0.622641970031,0.622641970031,0.622641970031,0.622641970031,10,4,0,2510,./proteins/nup116_sparse/,entropic_aff
50,20,0.622641970031,0.622641970031,0.622641970031,0.622641970031,10,4,0,2510,./proteins/nup116_sparse/,entropic_aff
45,20,0.622641970031,0.622641970031,0.622641970031,0.622641970031,10,4,0,2510,./proteins/nup116_sparse/,entropic_aff
75,22,0.622641970031,0.622641970031,0.622641970031,0.622641970031,10,4,0,2510,./proteins/nup116_sparse/,entropic_aff
70,22,0.622641970031,0.622641970031,0.622641970031,0.622641970031,10,4,0,2510,./proteins/nup116_sparse/,entropic_aff
65,22,0.622641970031,0.622641970031,0.622641970031,0.622641970031,10,4,0,2510,./proteins/nup116_sparse/,entropic_aff
60,22,0.622641970031,0.622641970031,0.622641970031,0.622641970031,10,4,0,2510,./proteins/nup116_sparse/,entropic_aff
55,22,0.622641970031,0.622641970031,0.622641970031,0.622641970031,10,4,0,2510,./proteins/nup116_sparse/,entropic_aff
50,22,0.622641970031,0.622641970031,0.622641970031,0.622641970031,10,4,0,2510,./proteins/nup116_sparse/,entropic_aff
45,22,0.622641970031,0.622641970031,0.622641970031,0.622641970031,10,4,0,2510,./proteins/nup116_sparse/,entropic_aff
80,24,0.622641970031,0.622641970031,0.622641970031,0.622641970031,10,4,0,2510,./proteins/nup116_sparse/,entropic_aff
75,24,0.622641970031,0.622641970031,0.622641970031,0.622641970031,10,4,0,2510,./proteins/nup116_sparse/,entropic_aff
70,24,0.622641970031,0.622641970031,0.622641970031,0.622641970031,10,4,0,2510,./proteins/nup116_sparse/,entropic_aff
65,24,0.622641970031,0.622641970031,0.622641970031,0.622641970031,10,4,0,2510,./proteins/nup116_sparse/,entropic_aff
60,24,0.622641970031,0.622641970031,0.622641970031,0.622641970031,10,4,0,2510,./proteins/nup116_sparse/,entropic_aff
55,24,0.622641970031,0.622641970031,0.622641970031,0.622641970031,10,4,0,2510,./proteins/nup116_sparse/,entropic_aff
50,24,0.622641970031,0.622641970031,0.622641970031,0.622641970031,10,4,0,2510,./proteins/nup116_sparse/,entropic_aff
90,27,0.622641970031,0.622641970031,0.622641970031,0.622641970031,10,4,0,2510,./proteins/nup116_sparse/,entropic_aff
85,27,0.622641970031,0.622641970031,0.622641970031,0.622641970031,10,4,0,2510,./proteins/nup116_sparse/,entropic_aff
80,27,0.622641970031,0.622641970031,0.622641970031,0.622641970031,10,4,0,2510,./proteins/nup116_sparse/,entropic_aff
75,27,0.622641970031,0.622641970031,0.622641970031,0.622641970031,10,4,0,2510,./proteins/nup116_sparse/,entropic_aff
70,27,0.622641970031,0.622641970031,0.622641970031,0.622641970031,10,4,0,2510,./proteins/nup116_sparse/,entropic_aff
65,27,0.622641970031,0.622641970031,0.622641970031,0.622641970031,10,4,0,2510,./proteins/nup116_sparse/,entropic_aff
60,27,0.622641970031,0.622641970031,0.622641970031,0.622641970031,10,4,0,2510,./proteins/nup116_sparse/,entropic_aff
90,30,0.622641970031,0.622641970031,0.622641970031,0.622641970031,10,4,0,2510,./proteins/nup116_sparse/,entropic_aff
85,30,0.622641970031,0.622641970031,0.622641970031,0.622641970031,10,4,0,2510,./proteins/nup116_sparse/,entropic_aff
80,30,0.622641970031,0.622641970031,0.622641970031,0.622641970031,10,4,0,2510,./proteins/nup116_sparse/,entropic_aff
75,30,0.622641970031,0.622641970031,0.622641970031,0.622641970031,10,4,0,2510,./proteins/nup116_sparse/,entropic_aff
70,30,0.622641970031,0.622641970031,0.622641970031,0.622641970031,10,4,0,2510,./proteins/nup116_sparse/,entropic_aff
65,30,0.622641970031,0.622641970031,0.622641970031,0.622641970031,10,4,0,2510,./proteins/nup116_sparse/,entropic_aff
90,35,0.622641970031,0.622641970031,0.622641970031,0.622641970031,10,4,0,2510,./proteins/nup116_sparse/,entropic_aff
85,35,0.622641970031,0.622641970031,0.622641970031,0.622641970031,10,4,0,2510,./proteins/nup116_sparse/,entropic_aff
80,35,0.622641970031,0.622641970031,0.622641970031,0.622641970031,10,4,0,2510,./proteins/nup116_sparse/,entropic_aff
75,35,0.622641970031,0.622641970031,0.622641970031,0.622641970031,10,4,0,2510,./proteins/nup116_sparse/,entropic_aff
85,45,0.62262237765,0.62262237765,0.62262237765,0.62262237765,10,4,0,2510,./proteins/nup116_sparse/,entropic_aff
10,5,0.622592503602,0.622592503602,0.622592503602,0.622592503602,10,4,0,2510,./proteins/nup116_sparse/,entropic_aff
11,6,0.622592503602,0.622592503602,0.622592503602,0.622592503602,10,4,0,2510,./proteins/nup116_sparse/,entropic_aff
10,6,0.622592503602,0.622592503602,0.622592503602,0.622592503602,10,4,0,2510,./proteins/nup116_sparse/,entropic_aff
11,7,0.622592503602,0.622592503602,0.622592503602,0.622592503602,10,4,0,2510,./proteins/nup116_sparse/,entropic_aff
40,30,0.622034996554,0.622034996554,0.622034996554,0.622034996554,10,4,0,2510,./proteins/nup116_sparse/,entropic_aff
10,7,0.621869765897,0.621869765897,0.621869765897,0.621869765897,10,4,0,2510,./proteins/nup116_sparse/,entropic_aff
30,14,0.621787479902,0.621787479902,0.621787479902,0.621787479902,10,4,0,2510,./proteins/nup116_sparse/,entropic_aff
35,15,0.621787479902,0.621787479902,0.621787479902,0.621787479902,10,4,0,2510,./proteins/nup116_sparse/,entropic_aff
30,15,0.621787479902,0.621787479902,0.621787479902,0.621787479902,10,4,0,2510,./proteins/nup116_sparse/,entropic_aff
40,16,0.621787479902,0.621787479902,0.621787479902,0.621787479902,10,4,0,2510,./proteins/nup116_sparse/,entropic_aff
35,16,0.621787479902,0.621787479902,0.621787479902,0.621787479902,10,4,0,2510,./proteins/nup116_sparse/,entropic_aff
30,16,0.621787479902,0.621787479902,0.621787479902,0.621787479902,10,4,0,2510,./proteins/nup116_sparse/,entropic_aff
45,17,0.621787479902,0.621787479902,0.621787479902,0.621787479902,10,4,0,2510,./proteins/nup116_sparse/,entropic_aff
40,17,0.621787479902,0.621787479902,0.621787479902,0.621787479902,10,4,0,2510,./proteins/nup116_sparse/,entropic_aff
35,17,0.621787479902,0.621787479902,0.621787479902,0.621787479902,10,4,0,2510,./proteins/nup116_sparse/,entropic_aff
45,18,0.621787479902,0.621787479902,0.621787479902,0.621787479902,10,4,0,2510,./proteins/nup116_sparse/,entropic_aff
40,18,0.621787479902,0.621787479902,0.621787479902,0.621787479902,10,4,0,2510,./proteins/nup116_sparse/,entropic_aff
35,18,0.621787479902,0.621787479902,0.621787479902,0.621787479902,10,4,0,2510,./proteins/nup116_sparse/,entropic_aff
40,19,0.621787479902,0.621787479902,0.621787479902,0.621787479902,10,4,0,2510,./proteins/nup116_sparse/,entropic_aff
40,27,0.621481096776,0.621481096776,0.621481096776,0.621481096776,10,4,0,2510,./proteins/nup116_sparse/,entropic_aff
55,30,0.621481096776,0.621481096776,0.621481096776,0.621481096776,10,4,0,2510,./proteins/nup116_sparse/,entropic_aff
50,30,0.621481096776,0.621481096776,0.621481096776,0.621481096776,10,4,0,2510,./proteins/nup116_sparse/,entropic_aff
45,35,0.621410188943,0.621410188943,0.621410188943,0.621410188943,10,4,0,2510,./proteins/nup116_sparse/,entropic_aff
40,35,0.621078032342,0.621078032342,0.621078032342,0.621078032342,10,4,0,2510,./proteins/nup116_sparse/,entropic_aff
70,55,0.620955133206,0.620955133206,0.620955133206,0.620955133206,10,4,0,2510,./proteins/nup116_sparse/,entropic_aff
65,12,0.619773763188,0.619773763188,0.619773763188,0.619773763188,10,4,0,2510,./proteins/nup116_sparse/,entropic_aff
60,12,0.619773763188,0.619773763188,0.619773763188,0.619773763188,10,4,0,2510,./proteins/nup116_sparse/,entropic_aff
55,12,0.619773763188,0.619773763188,0.619773763188,0.619773763188,10,4,0,2510,./proteins/nup116_sparse/,entropic_aff
50,12,0.619773763188,0.619773763188,0.619773763188,0.619773763188,10,4,0,2510,./proteins/nup116_sparse/,entropic_aff
45,12,0.619773763188,0.619773763188,0.619773763188,0.619773763188,10,4,0,2510,./proteins/nup116_sparse/,entropic_aff
85,13,0.619773763188,0.619773763188,0.619773763188,0.619773763188,10,4,0,2510,./proteins/nup116_sparse/,entropic_aff
80,13,0.619773763188,0.619773763188,0.619773763188,0.619773763188,10,4,0,2510,./proteins/nup116_sparse/,entropic_aff
75,13,0.619773763188,0.619773763188,0.619773763188,0.619773763188,10,4,0,2510,./proteins/nup116_sparse/,entropic_aff
70,13,0.619773763188,0.619773763188,0.619773763188,0.619773763188,10,4,0,2510,./proteins/nup116_sparse/,entropic_aff
65,13,0.619773763188,0.619773763188,0.619773763188,0.619773763188,10,4,0,2510,./proteins/nup116_sparse/,entropic_aff
60,13,0.619773763188,0.619773763188,0.619773763188,0.619773763188,10,4,0,2510,./proteins/nup116_sparse/,entropic_aff
50,13,0.619773763188,0.619773763188,0.619773763188,0.619773763188,10,4,0,2510,./proteins/nup116_sparse/,entropic_aff
45,13,0.619773763188,0.619773763188,0.619773763188,0.619773763188,10,4,0,2510,./proteins/nup116_sparse/,entropic_aff
85,14,0.619773763188,0.619773763188,0.619773763188,0.619773763188,10,4,0,2510,./proteins/nup116_sparse/,entropic_aff
80,14,0.619773763188,0.619773763188,0.619773763188,0.619773763188,10,4,0,2510,./proteins/nup116_sparse/,entropic_aff
75,14,0.619773763188,0.619773763188,0.619773763188,0.619773763188,10,4,0,2510,./proteins/nup116_sparse/,entropic_aff
70,14,0.619773763188,0.619773763188,0.619773763188,0.619773763188,10,4,0,2510,./proteins/nup116_sparse/,entropic_aff
65,14,0.619773763188,0.619773763188,0.619773763188,0.619773763188,10,4,0,2510,./proteins/nup116_sparse/,entropic_aff
60,14,0.619773763188,0.619773763188,0.619773763188,0.619773763188,10,4,0,2510,./proteins/nup116_sparse/,entropic_aff
50,14,0.619773763188,0.619773763188,0.619773763188,0.619773763188,10,4,0,2510,./proteins/nup116_sparse/,entropic_aff
85,15,0.619773763188,0.619773763188,0.619773763188,0.619773763188,10,4,0,2510,./proteins/nup116_sparse/,entropic_aff
80,15,0.619773763188,0.619773763188,0.619773763188,0.619773763188,10,4,0,2510,./proteins/nup116_sparse/,entropic_aff
75,15,0.619773763188,0.619773763188,0.619773763188,0.619773763188,10,4,0,2510,./proteins/nup116_sparse/,entropic_aff
70,15,0.619773763188,0.619773763188,0.619773763188,0.619773763188,10,4,0,2510,./proteins/nup116_sparse/,entropic_aff
50,15,0.619773763188,0.619773763188,0.619773763188,0.619773763188,10,4,0,2510,./proteins/nup116_sparse/,entropic_aff
85,16,0.619773763188,0.619773763188,0.619773763188,0.619773763188,10,4,0,2510,./proteins/nup116_sparse/,entropic_aff
80,16,0.619773763188,0.619773763188,0.619773763188,0.619773763188,10,4,0,2510,./proteins/nup116_sparse/,entropic_aff
75,16,0.619773763188,0.619773763188,0.619773763188,0.619773763188,10,4,0,2510,./proteins/nup116_sparse/,entropic_aff
85,17,0.619773763188,0.619773763188,0.619773763188,0.619773763188,10,4,0,2510,./proteins/nup116_sparse/,entropic_aff
85,18,0.619773763188,0.619773763188,0.619773763188,0.619773763188,10,4,0,2510,./proteins/nup116_sparse/,entropic_aff
90,20,0.619773763188,0.619773763188,0.619773763188,0.619773763188,10,4,0,2510,./proteins/nup116_sparse/,entropic_aff
55,40,0.619263970023,0.619263970023,0.619263970023,0.619263970023,10,4,0,2510,./proteins/nup116_sparse/,entropic_aff
65,45,0.619263970023,0.619263970023,0.619263970023,0.619263970023,10,4,0,2510,./proteins/nup116_sparse/,entropic_aff
50,17,0.619176887528,0.619176887528,0.619176887528,0.619176887528,10,4,0,2510,./proteins/nup116_sparse/,entropic_aff
55,18,0.619176887528,0.619176887528,0.619176887528,0.619176887528,10,4,0,2510,./proteins/nup116_sparse/,entropic_aff
60,19,0.619176887528,0.619176887528,0.619176887528,0.619176887528,10,4,0,2510,./proteins/nup116_sparse/,entropic_aff
65,20,0.619176887528,0.619176887528,0.619176887528,0.619176887528,10,4,0,2510,./proteins/nup116_sparse/,entropic_aff
90,22,0.619176887528,0.619176887528,0.619176887528,0.619176887528,10,4,0,2510,./proteins/nup116_sparse/,entropic_aff
85,22,0.619176887528,0.619176887528,0.619176887528,0.619176887528,10,4,0,2510,./proteins/nup116_sparse/,entropic_aff
80,22,0.619176887528,0.619176887528,0.619176887528,0.619176887528,10,4,0,2510,./proteins/nup116_sparse/,entropic_aff
90,24,0.619176887528,0.619176887528,0.619176887528,0.619176887528,10,4,0,2510,./proteins/nup116_sparse/,entropic_aff
85,24,0.619176887528,0.619176887528,0.619176887528,0.619176887528,10,4,0,2510,./proteins/nup116_sparse/,entropic_aff
85,12,0.618376674939,0.618376674939,0.618376674939,0.618376674939,10,4,0,2510,./proteins/nup116_sparse/,entropic_aff
80,12,0.618376674939,0.618376674939,0.618376674939,0.618376674939,10,4,0,2510,./proteins/nup116_sparse/,entropic_aff
75,12,0.618376674939,0.618376674939,0.618376674939,0.618376674939,10,4,0,2510,./proteins/nup116_sparse/,entropic_aff
70,12,0.618376674939,0.618376674939,0.618376674939,0.618376674939,10,4,0,2510,./proteins/nup116_sparse/,entropic_aff
40,11,0.618326002166,0.618326002166,0.618326002166,0.618326002166,10,4,0,2510,./proteins/nup116_sparse/,entropic_aff
35,11,0.618326002166,0.618326002166,0.618326002166,0.618326002166,10,4,0,2510,./proteins/nup116_sparse/,entropic_aff
40,12,0.618326002166,0.618326002166,0.618326002166,0.618326002166,10,4,0,2510,./proteins/nup116_sparse/,entropic_aff
35,12,0.618326002166,0.618326002166,0.618326002166,0.618326002166,10,4,0,2510,./proteins/nup116_sparse/,entropic_aff
30,12,0.618326002166,0.618326002166,0.618326002166,0.618326002166,10,4,0,2510,./proteins/nup116_sparse/,entropic_aff
40,13,0.618326002166,0.618326002166,0.618326002166,0.618326002166,10,4,0,2510,./proteins/nup116_sparse/,entropic_aff
35,13,0.618326002166,0.618326002166,0.618326002166,0.618326002166,10,4,0,2510,./proteins/nup116_sparse/,entropic_aff
30,13,0.618326002166,0.618326002166,0.618326002166,0.618326002166,10,4,0,2510,./proteins/nup116_sparse/,entropic_aff
45,14,0.618326002166,0.618326002166,0.618326002166,0.618326002166,10,4,0,2510,./proteins/nup116_sparse/,entropic_aff
40,14,0.618326002166,0.618326002166,0.618326002166,0.618326002166,10,4,0,2510,./proteins/nup116_sparse/,entropic_aff
35,14,0.618326002166,0.618326002166,0.618326002166,0.618326002166,10,4,0,2510,./proteins/nup116_sparse/,entropic_aff
45,15,0.618326002166,0.618326002166,0.618326002166,0.618326002166,10,4,0,2510,./proteins/nup116_sparse/,entropic_aff
40,15,0.618326002166,0.618326002166,0.618326002166,0.618326002166,10,4,0,2510,./proteins/nup116_sparse/,entropic_aff
45,16,0.618326002166,0.618326002166,0.618326002166,0.618326002166,10,4,0,2510,./proteins/nup116_sparse/,entropic_aff
35,30,0.6181067379,0.6181067379,0.6181067379,0.6181067379,10,4,0,2510,./proteins/nup116_sparse/,entropic_aff
65,35,0.617556558645,0.617556558645,0.617556558645,0.617556558645,10,4,0,2510,./proteins/nup116_sparse/,entropic_aff
80,40,0.617556558645,0.617556558645,0.617556558645,0.617556558645,10,4,0,2510,./proteins/nup116_sparse/,entropic_aff
75,40,0.617556558645,0.617556558645,0.617556558645,0.617556558645,10,4,0,2510,./proteins/nup116_sparse/,entropic_aff
90,45,0.617556558645,0.617556558645,0.617556558645,0.617556558645,10,4,0,2510,./proteins/nup116_sparse/,entropic_aff
55,45,0.61729452395,0.61729452395,0.61729452395,0.61729452395,10,4,0,2510,./proteins/nup116_sparse/,entropic_aff
65,40,0.616189051743,0.616189051743,0.616189051743,0.616189051743,10,4,0,2510,./proteins/nup116_sparse/,entropic_aff
60,40,0.616189051743,0.616189051743,0.616189051743,0.616189051743,10,4,0,2510,./proteins/nup116_sparse/,entropic_aff
50,40,0.615727287729,0.615727287729,0.615727287729,0.615727287729,10,4,0,2510,./proteins/nup116_sparse/,entropic_aff
55,13,0.615700524133,0.615700524133,0.615700524133,0.615700524133,10,4,0,2510,./proteins/nup116_sparse/,entropic_aff
55,14,0.615700524133,0.615700524133,0.615700524133,0.615700524133,10,4,0,2510,./proteins/nup116_sparse/,entropic_aff
65,15,0.615700524133,0.615700524133,0.615700524133,0.615700524133,10,4,0,2510,./proteins/nup116_sparse/,entropic_aff
60,15,0.615700524133,0.615700524133,0.615700524133,0.615700524133,10,4,0,2510,./proteins/nup116_sparse/,entropic_aff
55,15,0.615700524133,0.615700524133,0.615700524133,0.615700524133,10,4,0,2510,./proteins/nup116_sparse/,entropic_aff
70,16,0.615700524133,0.615700524133,0.615700524133,0.615700524133,10,4,0,2510,./proteins/nup116_sparse/,entropic_aff
65,16,0.615700524133,0.615700524133,0.615700524133,0.615700524133,10,4,0,2510,./proteins/nup116_sparse/,entropic_aff
60,16,0.615700524133,0.615700524133,0.615700524133,0.615700524133,10,4,0,2510,./proteins/nup116_sparse/,entropic_aff
55,16,0.615700524133,0.615700524133,0.615700524133,0.615700524133,10,4,0,2510,./proteins/nup116_sparse/,entropic_aff
50,16,0.615700524133,0.615700524133,0.615700524133,0.615700524133,10,4,0,2510,./proteins/nup116_sparse/,entropic_aff
80,17,0.615700524133,0.615700524133,0.615700524133,0.615700524133,10,4,0,2510,./proteins/nup116_sparse/,entropic_aff
75,17,0.615700524133,0.615700524133,0.615700524133,0.615700524133,10,4,0,2510,./proteins/nup116_sparse/,entropic_aff
70,17,0.615700524133,0.615700524133,0.615700524133,0.615700524133,10,4,0,2510,./proteins/nup116_sparse/,entropic_aff
65,17,0.615700524133,0.615700524133,0.615700524133,0.615700524133,10,4,0,2510,./proteins/nup116_sparse/,entropic_aff
60,17,0.615700524133,0.615700524133,0.615700524133,0.615700524133,10,4,0,2510,./proteins/nup116_sparse/,entropic_aff
55,17,0.615700524133,0.615700524133,0.615700524133,0.615700524133,10,4,0,2510,./proteins/nup116_sparse/,entropic_aff
80,18,0.615700524133,0.615700524133,0.615700524133,0.615700524133,10,4,0,2510,./proteins/nup116_sparse/,entropic_aff
75,18,0.615700524133,0.615700524133,0.615700524133,0.615700524133,10,4,0,2510,./proteins/nup116_sparse/,entropic_aff
70,18,0.615700524133,0.615700524133,0.615700524133,0.615700524133,10,4,0,2510,./proteins/nup116_sparse/,entropic_aff
65,18,0.615700524133,0.615700524133,0.615700524133,0.615700524133,10,4,0,2510,./proteins/nup116_sparse/,entropic_aff
60,18,0.615700524133,0.615700524133,0.615700524133,0.615700524133,10,4,0,2510,./proteins/nup116_sparse/,entropic_aff
85,19,0.615700524133,0.615700524133,0.615700524133,0.615700524133,10,4,0,2510,./proteins/nup116_sparse/,entropic_aff
80,19,0.615700524133,0.615700524133,0.615700524133,0.615700524133,10,4,0,2510,./proteins/nup116_sparse/,entropic_aff
75,19,0.615700524133,0.615700524133,0.615700524133,0.615700524133,10,4,0,2510,./proteins/nup116_sparse/,entropic_aff
70,19,0.615700524133,0.615700524133,0.615700524133,0.615700524133,10,4,0,2510,./proteins/nup116_sparse/,entropic_aff
65,19,0.615700524133,0.615700524133,0.615700524133,0.615700524133,10,4,0,2510,./proteins/nup116_sparse/,entropic_aff
85,20,0.615700524133,0.615700524133,0.615700524133,0.615700524133,10,4,0,2510,./proteins/nup116_sparse/,entropic_aff
80,20,0.615700524133,0.615700524133,0.615700524133,0.615700524133,10,4,0,2510,./proteins/nup116_sparse/,entropic_aff
75,20,0.615700524133,0.615700524133,0.615700524133,0.615700524133,10,4,0,2510,./proteins/nup116_sparse/,entropic_aff
70,20,0.615700524133,0.615700524133,0.615700524133,0.615700524133,10,4,0,2510,./proteins/nup116_sparse/,entropic_aff
75,55,0.61560859934,0.61560859934,0.61560859934,0.61560859934,10,4,0,2510,./proteins/nup116_sparse/,entropic_aff
12,5,0.615601168867,0.615601168867,0.615601168867,0.615601168867,10,4,0,2510,./proteins/nup116_sparse/,entropic_aff
11,5,0.615601168867,0.615601168867,0.615601168867,0.615601168867,10,4,0,2510,./proteins/nup116_sparse/,entropic_aff
30,4,0.613884851019,0.613884851019,0.613884851019,0.613884851019,10,4,0,2510,./proteins/nup116_sparse/,entropic_aff
90,3,0.613490579805,0.613490579805,0.613490579805,0.613490579805,10,4,0,2510,./proteins/nup116_sparse/,entropic_aff
90,5,0.613265534705,0.613265534705,0.613265534705,0.613265534705,10,4,0,2510,./proteins/nup116_sparse/,entropic_aff
85,5,0.613265534705,0.613265534705,0.613265534705,0.613265534705,10,4,0,2510,./proteins/nup116_sparse/,entropic_aff
80,5,0.613265534705,0.613265534705,0.613265534705,0.613265534705,10,4,0,2510,./proteins/nup116_sparse/,entropic_aff
75,5,0.613265534705,0.613265534705,0.613265534705,0.613265534705,10,4,0,2510,./proteins/nup116_sparse/,entropic_aff
70,5,0.613265534705,0.613265534705,0.613265534705,0.613265534705,10,4,0,2510,./proteins/nup116_sparse/,entropic_aff
50,35,0.613094032122,0.613094032122,0.613094032122,0.613094032122,10,4,0,2510,./proteins/nup116_sparse/,entropic_aff
75,45,0.612885480186,0.612885480186,0.612885480186,0.612885480186,10,4,0,2510,./proteins/nup116_sparse/,entropic_aff
85,50,0.612885480186,0.612885480186,0.612885480186,0.612885480186,10,4,0,2510,./proteins/nup116_sparse/,entropic_aff
50,45,0.611520960354,0.611520960354,0.611520960354,0.611520960354,10,4,0,2510,./proteins/nup116_sparse/,entropic_aff
75,50,0.610066222639,0.607065119748,0.609466002061,0.610066222639,10,4,0,2510,./proteins/nup116_sparse/,entropic_aff
70,50,0.610066222639,0.610066222639,0.610066222639,0.610066222639,10,4,0,2510,./proteins/nup116_sparse/,entropic_aff
65,50,0.610066222639,0.606821240606,0.609417226232,0.610066222639,10,4,0,2510,./proteins/nup116_sparse/,entropic_aff
90,55,0.610066222639,0.610066222639,0.610066222639,0.610066222639,10,4,0,2510,./proteins/nup116_sparse/,entropic_aff
85,55,0.610066222639,0.610066222639,0.610066222639,0.610066222639,10,4,0,2510,./proteins/nup116_sparse/,entropic_aff
80,55,0.610066222639,0.610066222639,0.610066222639,0.610066222639,10,4,0,2510,./proteins/nup116_sparse/,entropic_aff
24,3,0.609878986235,0.609878986235,0.609878986235,0.609878986235,10,4,0,2510,./proteins/nup116_sparse/,entropic_aff
23,3,0.609878986235,0.609878986235,0.609878986235,0.609878986235,10,4,0,2510,./proteins/nup116_sparse/,entropic_aff
90,50,0.608998651587,0.608998651587,0.608998651587,0.608998651587,10,4,0,2510,./proteins/nup116_sparse/,entropic_aff
70,45,0.607065119748,0.607065119748,0.607065119748,0.607065119748,10,4,0,2510,./proteins/nup116_sparse/,entropic_aff
80,50,0.607065119748,0.607065119748,0.607065119748,0.607065119748,10,4,0,2510,./proteins/nup116_sparse/,entropic_aff
35,4,0.605924496504,0.605924496504,0.605924496504,0.605924496504,10,4,0,2510,./proteins/nup116_sparse/,entropic_aff
90,4,0.604635612033,0.604635612033,0.604635612033,0.604635612033,10,4,0,2510,./proteins/nup116_sparse/,entropic_aff
65,55,0.604017030249,0.604017030249,0.604017030249,0.604017030249,10,4,0,2510,./proteins/nup116_sparse/,entropic_aff
85,4,0.600609629841,0.600609629841,0.600609629841,0.600609629841,10,4,0,2510,./proteins/nup116_sparse/,entropic_aff
80,4,0.600609629841,0.600609629841,0.600609629841,0.600609629841,10,4,0,2510,./proteins/nup116_sparse/,entropic_aff
75,4,0.600609629841,0.600609629841,0.600609629841,0.600609629841,10,4,0,2510,./proteins/nup116_sparse/,entropic_aff
70,4,0.600609629841,0.600609629841,0.600609629841,0.600609629841,10,4,0,2510,./proteins/nup116_sparse/,entropic_aff
65,4,0.600609629841,0.600609629841,0.600609629841,0.600609629841,10,4,0,2510,./proteins/nup116_sparse/,entropic_aff
60,4,0.600609629841,0.600609629841,0.600609629841,0.600609629841,10,4,0,2510,./proteins/nup116_sparse/,entropic_aff
55,4,0.600609629841,0.600609629841,0.600609629841,0.600609629841,10,4,0,2510,./proteins/nup116_sparse/,entropic_aff
50,4,0.600609629841,0.600609629841,0.600609629841,0.600609629841,10,4,0,2510,./proteins/nup116_sparse/,entropic_aff
45,4,0.600609629841,0.600609629841,0.600609629841,0.600609629841,10,4,0,2510,./proteins/nup116_sparse/,entropic_aff
60,50,0.598484081069,0.598484081069,0.598484081069,0.598484081069,10,4,0,2510,./proteins/nup116_sparse/,entropic_aff
55,50,0.598473005094,0.598473005094,0.598473005094,0.598473005094,10,4,0,2510,./proteins/nup116_sparse/,entropic_aff
22,3,0.596291707145,0.567832362905,0.573524231753,0.567832362905,10,4,0,2510,./proteins/nup116_sparse/,entropic_aff
25,3,0.596113069474,0.596113069474,0.596113069474,0.596113069474,10,4,0,2510,./proteins/nup116_sparse/,entropic_aff
85,3,0.595642567058,0.595642567058,0.595642567058,0.595642567058,10,4,0,2510,./proteins/nup116_sparse/,entropic_aff
80,3,0.595642567058,0.595642567058,0.595642567058,0.595642567058,10,4,0,2510,./proteins/nup116_sparse/,entropic_aff
75,3,0.595642567058,0.595642567058,0.595642567058,0.595642567058,10,4,0,2510,./proteins/nup116_sparse/,entropic_aff
70,3,0.595642567058,0.595642567058,0.595642567058,0.595642567058,10,4,0,2510,./proteins/nup116_sparse/,entropic_aff
65,3,0.595642567058,0.595642567058,0.595642567058,0.595642567058,10,4,0,2510,./proteins/nup116_sparse/,entropic_aff
60,3,0.595642567058,0.595642567058,0.595642567058,0.595642567058,10,4,0,2510,./proteins/nup116_sparse/,entropic_aff
50,3,0.595642567058,0.595642567058,0.595642567058,0.595642567058,10,4,0,2510,./proteins/nup116_sparse/,entropic_aff
55,3,0.595642567058,0.595642567058,0.595642567058,0.595642567058,10,4,0,2510,./proteins/nup116_sparse/,entropic_aff
45,3,0.595642567058,0.595642567058,0.595642567058,0.595642567058,10,4,0,2510,./proteins/nup116_sparse/,entropic_aff
40,3,0.595642567058,0.595642567058,0.595642567058,0.595642567058,10,4,0,2510,./proteins/nup116_sparse/,entropic_aff
35,3,0.595642567058,0.595642567058,0.595642567058,0.595642567058,10,4,0,2510,./proteins/nup116_sparse/,entropic_aff
60,55,0.594756284572,0.594756284572,0.594756284572,0.594756284572,10,4,0,2510,./proteins/nup116_sparse/,entropic_aff
30,3,0.590702905751,0.590702905751,0.590702905751,0.590702905751,10,4,0,2510,./proteins/nup116_sparse/,entropic_aff
21,3,0.590253465717,0.590253465717,0.590253465717,0.590253465717,10,4,0,2510,./proteins/nup116_sparse/,entropic_aff
19,3,0.587055330197,0.587055330197,0.587055330197,0.587055330197,10,4,0,2510,./proteins/nup116_sparse/,entropic_aff
16,4,0.585098956492,0.585098956492,0.585098956492,0.585098956492,10,4,0,2510,./proteins/nup116_sparse/,entropic_aff
15,4,0.583177585303,0.583177585303,0.583177585303,0.583177585303,10,4,0,2510,./proteins/nup116_sparse/,entropic_aff
20,3,0.581084297313,0.581084297313,0.581084297313,0.581084297313,10,4,0,2510,./proteins/nup116_sparse/,entropic_aff
18,3,0.581084297313,0.581084297313,0.581084297313,0.581084297313,10,4,0,2510,./proteins/nup116_sparse/,entropic_aff
14,4,0.572525139541,0.572525139541,0.572525139541,0.572525139541,10,4,0,2510,./proteins/nup116_sparse/,entropic_aff
13,4,0.572525139541,0.572525139541,0.572525139541,0.572525139541,10,4,0,2510,./proteins/nup116_sparse/,entropic_aff
12,4,0.572525139541,0.572525139541,0.572525139541,0.572525139541,10,4,0,2510,./proteins/nup116_sparse/,entropic_aff
7,5,0.571327949045,0.571327949045,0.571327949045,0.571327949045,10,4,0,2510,./proteins/nup116_sparse/,entropic_aff
6,5,0.571327949045,0.571327949045,0.571327949045,0.571327949045,10,4,0,2510,./proteins/nup116_sparse/,entropic_aff
8,4,0.569884677733,0.569884677733,0.569884677733,0.569884677733,10,4,0,2510,./proteins/nup116_sparse/,entropic_aff
7,4,0.569884677733,0.569884677733,0.569884677733,0.569884677733,10,4,0,2510,./proteins/nup116_sparse/,entropic_aff
9,4,0.566727672972,0.566727672972,0.566727672972,0.566727672972,10,4,0,2510,./proteins/nup116_sparse/,entropic_aff
6,4,0.563708260605,0.563708260605,0.563708260605,0.563708260605,10,4,0,2510,./proteins/nup116_sparse/,entropic_aff
11,4,0.563606828237,0.563606828237,0.563606828237,0.563606828237,10,4,0,2510,./proteins/nup116_sparse/,entropic_aff
10,4,0.563606828237,0.563606828237,0.563606828237,0.563606828237,10,4,0,2510,./proteins/nup116_sparse/,entropic_aff
6,3,0.560919822561,0.560919822561,0.560919822561,0.560919822561,10,4,0,2510,./proteins/nup116_sparse/,entropic_aff
5,4,0.554555291363,0.554555291363,0.554555291363,0.554555291363,10,4,0,2510,./proteins/nup116_sparse/,entropic_aff
15,3,0.549485834404,0.549485834404,0.549485834404,0.549485834404,10,4,0,2510,./proteins/nup116_sparse/,entropic_aff
14,3,0.549485834404,0.549485834404,0.549485834404,0.549485834404,10,4,0,2510,./proteins/nup116_sparse/,entropic_aff
13,3,0.549485834404,0.549485834404,0.549485834404,0.549485834404,10,4,0,2510,./proteins/nup116_sparse/,entropic_aff
12,3,0.549485834404,0.549485834404,0.549485834404,0.549485834404,10,4,0,2510,./proteins/nup116_sparse/,entropic_aff
17,3,0.545630673311,0.545630673311,0.545630673311,0.545630673311,10,4,0,2510,./proteins/nup116_sparse/,entropic_aff
16,3,0.545630673311,0.545630673311,0.545630673311,0.545630673311,10,4,0,2510,./proteins/nup116_sparse/,entropic_aff
11,3,0.540623477051,0.540623477051,0.540623477051,0.540623477051,10,4,0,2510,./proteins/nup116_sparse/,entropic_aff
10,3,0.540623477051,0.540623477051,0.540623477051,0.540623477051,10,4,0,2510,./proteins/nup116_sparse/,entropic_aff
9,3,0.535607359468,0.535607359468,0.535607359468,0.535607359468,10,4,0,2510,./proteins/nup116_sparse/,entropic_aff
8,3,0.535607359468,0.535607359468,0.535607359468,0.535607359468,10,4,0,2510,./proteins/nup116_sparse/,entropic_aff
7,3,0.531822785078,0.531822785078,0.531822785078,0.531822785078,10,4,0,2510,./proteins/nup116_sparse/,entropic_aff
5,3,0.519821855837,0.519821855837,0.519821855837,0.519821855837,10,4,0,2510,./proteins/nup116_sparse/,entropic_aff
