K_cap,k_low,NMI_max,NMI_min,NMI_avg,NMI_med,algo_choice,,,,,,,,,
71,70,0.543167087203,0.543167087203,0.543167087203,0.543167087203,3,,,,,,,,,
71,70,0.543167087203,0.543167087203,0.543167087203,0.543167087203,3,,,,,,,,,
71,70,0.543167087203,0.542653640872,0.542756330138,0.542653640872,3,,,,,,,,,
250,105,0.541083251203,0.541083251203,0.541083251203,0.541083251203,3,,,,,,,,,
250,105,0.541083251203,0.541083251203,0.541083251203,0.541083251203,3,,,,,,,,,
250,105,0.541083251203,0.541083251203,0.541083251203,0.541083251203,3,,,,,,,,,
250,115,0.540217131679,0.540217131679,0.540217131679,0.540217131679,3,,,,,,,,,
250,115,0.540217131679,0.540217131679,0.540217131679,0.540217131679,3,,,,,,,,,
250,115,0.540217131679,0.540217131679,0.540217131679,0.540217131679,3,,,,,,,,,
220,85,0.540026472175,0.540026472175,0.540026472175,0.540026472175,3,,,,,,,,,
220,89,0.540026472175,0.540026472175,0.540026472175,0.540026472175,3,,,,,,,,,
250,75,0.539865790674,0.539865790674,0.539865790674,0.539865790674,3,,,,,,,,,
270,124,0.539821935026,0.539821935026,0.539821935026,0.539821935026,3,,,,,,,,,
250,125,0.539645285837,0.539645285837,0.539645285837,0.539645285837,3,,,,,,,,,
250,125,0.539645285837,0.539645285837,0.539645285837,0.539645285837,3,,,,,,,,,
250,125,0.539645285837,0.539645285837,0.539645285837,0.539645285837,3,,,,,,,,,
220,95,0.539613958649,0.538475557569,0.539386278433,0.539613958649,3,,,,,,,,,
250,70,0.539384033366,0.539384033366,0.539384033366,0.539384033366,3,,,,,,,,,
250,70,0.539384033366,0.539384033366,0.539384033366,0.539384033366,3,,,,,,,,,
250,70,0.539384033366,0.539384033366,0.539384033366,0.539384033366,3,,,,,,,,,
250,95,0.539310848727,0.539310848727,0.539310848727,0.539310848727,3,,,,,,,,,
250,80,0.539301381886,0.539301381886,0.539301381886,0.539301381886,3,,,,,,,,,
250,85,0.539301381886,0.539301381886,0.539301381886,0.539301381886,3,,,,,,,,,
270,129,0.539274535947,0.539274535947,0.539274535947,0.539274535947,3,,,,,,,,,\
240,85,0.539189112793,0.539189112793,0.539189112793,0.539189112793,3,,,,,,,,,
240,80,0.539146708694,0.539146708694,0.539146708694,0.539146708694,3,,,,,,,,,
240,75,0.539104595318,0.539104595318,0.539104595318,0.539104595318,3,,,,,,,,,
220,80,0.539083509077,0.538931747439,0.53905315675,0.539083509077,3,,,,,,,,,
220,65,0.538957139009,0.538957139009,0.538957139009,0.538957139009,3,,,,,,,,,
220,75,0.5388957785,0.5388957785,0.5388957785,0.5388957785,3,,,,,,,,,
250,69,0.538886653337,0.538886653337,0.538886653337,0.538886653337,3,,,,,,,,,
270,119,0.538662622988,0.538662622988,0.538662622988,0.538662622988,3,,,,,,,,,
220,69,0.538516814276,0.538516814276,0.538516814276,0.538516814276,3,,,,,,,,,
250,109,0.538321187707,0.538321187707,0.538321187707,0.538321187707,3,,,,,,,,,
250,114,0.538321187707,0.538321187707,0.538321187707,0.538321187707,3,,,,,,,,,
250,89,0.538161925572,0.538161925572,0.538161925572,0.538161925572,3,,,,,,,,,
240,89,0.538115957065,0.538115957065,0.538115957065,0.538115957065,3,,,,,,,,,
240,69,0.538005699588,0.538005699588,0.538005699588,0.538005699588,3,,,,,,,,,
240,95,0.537895192738,0.537895192738,0.537895192738,0.537895192738,3,,,,,,,,,
240,50,0.537876227568,0.53783585724,0.537868153502,0.537876227568,3,,,,,,,,,
240,55,0.537866056184,0.537866056184,0.537866056184,0.537866056184,3,,,,,,,,,
250,104,0.537757074509,0.537757074509,0.537757074509,0.537757074509,3,,,,,,,,,
250,65,0.537732182779,0.537732182779,0.537732182779,0.537732182779,3,,,,,,,,,
220,60,0.537628048713,0.537628048713,0.537628048713,0.537628048713,3,,,,,,,,,
240,60,0.537592121765,0.537592121765,0.537592121765,0.537592121765,3,,,,,,,,,
240,65,0.537592121765,0.537592121765,0.537592121765,0.537592121765,3,,,,,,,,,
220,55,0.537579611325,0.537579611325,0.537579611325,0.537579611325,3,,,,,,,,,
220,99,0.537552041701,0.537552041701,0.537552041701,0.537552041701,3,,,,,,,,,
270,210,0.53745313884,0.53745313884,0.53745313884,0.53745313884,3,,,,,,,,,
270,114,0.537432986303,0.537432986303,0.537432986303,0.537432986303,3,,,,,,,,,
270,199,0.537409420733,0.537409420733,0.537409420733,0.537409420733,3,,,,,,,,,
270,139,0.537391990842,0.537391990842,0.537391990842,0.537391990842,3,,,,,,,,,
240,114,0.537388542512,0.537388542512,0.537388542512,0.537388542512,3,,,,,,,,,
240,119,0.537388542512,0.537388542512,0.537388542512,0.537388542512,3,,,,,,,,,
240,99,0.537342274315,0.537342274315,0.537342274315,0.537342274315,3,,,,,,,,,
270,190,0.53724123157,0.53724123157,0.53724123157,0.53724123157,3,,,,,,,,,
270,85,0.537146842619,0.537146842619,0.537146842619,0.537146842619,3,,,,,,,,,
250,99,0.536990412575,0.536990412575,0.536990412575,0.536990412575,3,,,,,,,,,
270,179,0.537023831126,0.536608752633,0.536940815427,0.537023831126,3,,,,,,,,,
270,89,0.536935929382,0.536935929382,0.536935929382,0.536935929382,3,,,,,,,,,
240,104,0.536930439047,0.536930439047,0.536930439047,0.536930439047,3,,,,,,,,,
240,109,0.536930439047,0.536930439047,0.536930439047,0.536930439047,3,,,,,,,,,
270,99,0.536926942712,0.536926942712,0.536926942712,0.536926942712,3,,,,,,,,,
270,104,0.536857297303,0.536857297303,0.536857297303,0.536857297303,3,,,,,,,,,
270,109,0.536845558939,0.536845558939,0.536845558939,0.536845558939,3,,,,,,,,,
270,80,0.536733100298,0.536733100298,0.536733100298,0.536733100298,3,,,,,,,,,
250,60,0.536412895651,0.536412895651,0.536412895651,0.536412895651,3,,,,,,,,,
250,199,0.536360818557,0.536360818557,0.536360818557,0.536360818557,3,,,,,,,,,
250,199,0.536360818557,0.536360818557,0.536360818557,0.536360818557,3,,,,,,,,,
270,65,0.536204725049,0.536204725049,0.536204725049,0.536204725049,3,,,,,,,,,
270,69,0.536204725049,0.536204725049,0.536204725049,0.536204725049,3,,,,,,,,,
270,75,0.536204725049,0.536204725049,0.536204725049,0.536204725049,3,,,,,,,,,
250,55,0.536146770592,0.536146770592,0.536146770592,0.536146770592,3,,,,,,,,,
220,50,0.536394950425,0.536050438539,0.536119340916,0.536050438539,3,,,,,,,,,
250,149,0.536094160742,0.536094160742,0.536094160742,0.536094160742,3,,,,,,,,,
250,149,0.536094160742,0.536094160742,0.536094160742,0.536094160742,3,,,,,,,,,
270,50,0.536083463272,0.536083463272,0.536083463272,0.536083463272,3,,,,,,,,,
270,55,0.535836095945,0.535836095945,0.535836095945,0.535836095945,3,,,,,,,,,
250,50,0.535813425763,0.535813425763,0.535813425763,0.535813425763,3,,,,,,,,,
270,149,0.535775876408,0.535775876408,0.535775876408,0.535775876408,3,,,,,,,,,
250,124,0.53574851775,0.53574851775,0.53574851775,0.53574851775,3,,,,,,,,,
250,119,0.535566186961,0.535566186961,0.535566186961,0.535566186961,3,,,,,,,,,
200,50,0.535219238404,0.535219238404,0.535219238404,0.535219238404,3,,,,,,,,,
270,159,0.535185556426,0.535185556426,0.535185556426,0.535185556426,3,,,,,,,,,
270,60,0.535156277544,0.535156277544,0.535156277544,0.535156277544,3,,,,,,,,,
300,105,0.535039221455,0.535039221455,0.535039221455,0.535039221455,3,,,,,,,,,
300,105,0.535039221455,0.535039221455,0.535039221455,0.535039221455,3,,,,,,,,,
300,105,0.535039221455,0.535039221455,0.535039221455,0.535039221455,3,,,,,,,,,
270,95,0.535022981545,0.535022981545,0.535022981545,0.535022981545,3,,,,,,,,,
250,129,0.534865490395,0.534865490395,0.534865490395,0.534865490395,3,,,,,,,,,
240,139,0.535364498812,0.534505989165,0.534677691095,0.534505989165,3,,,,,,,,,
200,60,0.534481251824,0.534481251824,0.534481251824,0.534481251824,3,,,,,,,,,
270,230,0.534479643764,0.534479643764,0.534479643764,0.534479643764,3,,,,,,,,,
250,179,0.534429018329,0.534429018329,0.534429018329,0.534429018329,3,,,,,,,,,
220,104,0.534319126537,0.534319126537,0.534319126537,0.534319126537,3,,,,,,,,,
250,149,0.534158881685,0.534158881685,0.534158881685,0.534158881685,3,,,,,,,,,
220,109,0.534048185524,0.534048185524,0.534048185524,0.534048185524,3,,,,,,,,,
200,55,0.534020142218,0.534020142218,0.534020142218,0.534020142218,3,,,,,,,,,
300,70,0.534017490864,0.534017490864,0.534017490864,0.534017490864,3,,,,,,,,,
300,70,0.534017490864,0.534017490864,0.534017490864,0.534017490864,3,,,,,,,,,
300,70,0.534017490864,0.534017490864,0.534017490864,0.534017490864,3,,,,,,,,,
240,129,0.533968298487,0.533968298487,0.533968298487,0.533968298487,3,,,,,,,,,
240,124,0.534479636094,0.533702653834,0.533858050286,0.533702653834,3,,,,,,,,,
200,69,0.533828067765,0.533357742329,0.533451807417,0.533357742329,3,,,,,,,,,
250,139,0.533281656652,0.533281656652,0.533281656652,0.533281656652,3,,,,,,,,,
300,249,0.53322318541,0.53322318541,0.53322318541,0.53322318541,3,,,,,,,,,
300,199,0.533050184748,0.533050184748,0.533050184748,0.533050184748,3,,,,,,,,,
300,199,0.533050184748,0.533050184748,0.533050184748,0.533050184748,3,,,,,,,,,
200,75,0.533048629651,0.533048629651,0.533048629651,0.533048629651,3,,,,,,,,,
300,115,0.532951535758,0.532951535758,0.532951535758,0.532951535758,3,,,,,,,,,
300,125,0.532951535758,0.532951535758,0.532951535758,0.532951535758,3,,,,,,,,,
300,115,0.532951535758,0.532951535758,0.532951535758,0.532951535758,3,,,,,,,,,
300,125,0.532951535758,0.532951535758,0.532951535758,0.532951535758,3,,,,,,,,,
300,115,0.532951535758,0.532951535758,0.532951535758,0.532951535758,3,,,,,,,,,
300,125,0.532951535758,0.532951535758,0.532951535758,0.532951535758,3,,,,,,,,,
300,199,0.532908583386,0.532908583386,0.532908583386,0.532908583386,3,,,,,,,,,
300,55,0.532889527434,0.532889527434,0.532889527434,0.532889527434,3,,,,,,,,,
300,249,0.532856598829,0.532856598829,0.532856598829,0.532856598829,3,,,,,,,,,
300,249,0.532856598829,0.532856598829,0.532856598829,0.532856598829,3,,,,,,,,,
200,65,0.532831854015,0.532788875936,0.532797471552,0.532788875936,3,,,,,,,,,
300,60,0.532539739492,0.532539739492,0.532539739492,0.532539739492,3,,,,,,,,,
240,149,0.532512050927,0.532512050927,0.532512050927,0.532512050927,3,,,,,,,,,
220,114,0.532393426139,0.532393426139,0.532393426139,0.532393426139,3,,,,,,,,,
300,190,0.532294983695,0.531521224569,0.53214023187,0.532294983695,3,,,,,,,,,
250,75,0.531960848942,0.531960848942,0.531960848942,0.531960848942,3,,,,,,,,,
250,75,0.531960848942,0.531960848942,0.531960848942,0.531960848942,3,,,,,,,,,
300,85,0.531824232934,0.531824232934,0.531824232934,0.531824232934,3,,,,,,,,,
200,80,0.532715985113,0.531591687124,0.531816546722,0.531591687124,3,,,,,,,,,
250,159,0.53172646279,0.53172646279,0.53172646279,0.53172646279,3,,,,,,,,,
300,149,0.531470813813,0.531470813813,0.531470813813,0.531470813813,3,,,,,,,,,
300,159,0.531470813813,0.531470813813,0.531470813813,0.531470813813,3,,,,,,,,,
300,69,0.531467552349,0.531467552349,0.531467552349,0.531467552349,3,,,,,,,,,
300,75,0.531467552349,0.531467552349,0.531467552349,0.531467552349,3,,,,,,,,,
300,80,0.531467552349,0.531467552349,0.531467552349,0.531467552349,3,,,,,,,,,
300,179,0.531431796411,0.531431796411,0.531431796411,0.531431796411,3,,,,,,,,,
200,70,0.531402630347,0.531402630347,0.531402630347,0.531402630347,3,,,,,,,,,
200,70,0.531402630347,0.531402630347,0.531402630347,0.531402630347,3,,,,,,,,,
200,70,0.531402630347,0.531402630347,0.531402630347,0.531402630347,3,,,,,,,,,
300,210,0.531369843321,0.531369843321,0.531369843321,0.531369843321,3,,,,,,,,,
300,99,0.531352042206,0.531352042206,0.531352042206,0.531352042206,3,,,,,,,,,
300,104,0.531352042206,0.531352042206,0.531352042206,0.531352042206,3,,,,,,,,,
300,95,0.531301302132,0.531301302132,0.531301302132,0.531301302132,3,,,,,,,,,
300,65,0.530862481747,0.530862481747,0.530862481747,0.530862481747,3,,,,,,,,,
300,230,0.530791055747,0.530791055747,0.530791055747,0.530791055747,3,,,,,,,,,
250,249,0.530641521697,0.530641521697,0.530641521697,0.530641521697,3,,,,,,,,,
250,249,0.530641521697,0.530641521697,0.530641521697,0.530641521697,3,,,,,,,,,
300,149,0.530607626656,0.530607626656,0.530607626656,0.530607626656,3,,,,,,,,,
300,149,0.530607626656,0.530607626656,0.530607626656,0.530607626656,3,,,,,,,,,
300,109,0.530554902768,0.530554902768,0.530554902768,0.530554902768,3,,,,,,,,,
300,139,0.530451402909,0.530451402909,0.530451402909,0.530451402909,3,,,,,,,,,
300,114,0.530419665074,0.530419665074,0.530419665074,0.530419665074,3,,,,,,,,,
300,119,0.530419665074,0.530419665074,0.530419665074,0.530419665074,3,,,,,,,,,
300,124,0.530419665074,0.530419665074,0.530419665074,0.530419665074,3,,,,,,,,,
250,190,0.53055562921,0.530378830521,0.530414190259,0.530378830521,3,,,,,,,,,
300,129,0.530208568872,0.530208568872,0.530208568872,0.530208568872,3,,,,,,,,,
200,75,0.530158496952,0.530158496952,0.530158496952,0.530158496952,3,,,,,,,,,
200,75,0.530158496952,0.530158496952,0.530158496952,0.530158496952,3,,,,,,,,,
220,119,0.530921235772,0.529947839752,0.530142518956,0.529947839752,3,,,,,,,,,
300,50,0.53013923589,0.53013923589,0.53013923589,0.53013923589,3,,,,,,,,,
240,159,0.529762234069,0.529762234069,0.529762234069,0.529762234069,3,,,,,,,,,
300,299,0.529792843843,0.529038904305,0.529189692213,0.529038904305,3,,,,,,,,,
300,89,0.529166907874,0.529166907874,0.529166907874,0.529166907874,3,,,,,,,,,
180,50,0.529068779579,0.529000342539,0.529055092171,0.529068779579,3,,,,,,,,,
250,199,0.529125883312,0.528716838414,0.529044074333,0.529125883312,3,,,,,,,,,
300,299,0.529038904305,0.529038904305,0.529038904305,0.529038904305,3,,,,,,,,,
300,299,0.529038904305,0.529038904305,0.529038904305,0.529038904305,3,,,,,,,,,
300,299,0.529038904305,0.529038904305,0.529038904305,0.529038904305,3,,,,,,,,,
270,249,0.528315407156,0.528126326958,0.528164142998,0.528126326958,3,,,,,,,,,
200,89,0.527980605976,0.527980605976,0.527980605976,0.527980605976,3,,,,,,,,,
220,124,0.528381460376,0.527834668353,0.527944026758,0.527834668353,3,,,,,,,,,
200,105,0.52781878763,0.52725636542,0.527706303188,0.52781878763,3,,,,,,,,,
180,55,0.527785583313,0.52682219584,0.527592905819,0.527785583313,3,,,,,,,,,
200,85,0.527475027037,0.527337488644,0.527447519358,0.527475027037,3,,,,,,,,,
200,105,0.52725636542,0.52725636542,0.52725636542,0.52725636542,3,,,,,,,,,
200,105,0.52725636542,0.52725636542,0.52725636542,0.52725636542,3,,,,,,,,,
200,115,0.526996837738,0.526996837738,0.526996837738,0.526996837738,3,,,,,,,,,
200,115,0.526996837738,0.526996837738,0.526996837738,0.526996837738,3,,,,,,,,,
200,115,0.526996837738,0.526996837738,0.526996837738,0.526996837738,3,,,,,,,,,
240,179,0.526698941363,0.526698941363,0.526698941363,0.526698941363,3,,,,,,,,,
220,129,0.526460472243,0.526460472243,0.526460472243,0.526460472243,3,,,,,,,,,
220,139,0.526225454406,0.526225454406,0.526225454406,0.526225454406,3,,,,,,,,,
220,179,0.526018054654,0.526018054654,0.526018054654,0.526018054654,3,,,,,,,,,
200,95,0.525528882454,0.525528882454,0.525528882454,0.525528882454,3,,,,,,,,,
200,149,0.525393555481,0.525393555481,0.525393555481,0.525393555481,3,,,,,,,,,
350,249,0.525190338693,0.52499413966,0.525151098886,0.525190338693,3,,,,,,,,,
350,230,0.524737220969,0.524737220969,0.524737220969,0.524737220969,3,,,,,,,,,
240,190,0.524701714418,0.524701714418,0.524701714418,0.524701714418,3,,,,,,,,,
350,299,0.5247085048,0.524336135561,0.524634030953,0.5247085048,3,,,,,,,,,
240,230,0.523970272739,0.523970272739,0.523970272739,0.523970272739,3,,,,,,,,,
180,60,0.523821309474,0.523342832648,0.523725614109,0.523821309474,3,,,,,,,,,
350,349,0.523745741907,0.523558296977,0.523708252921,0.523745741907,3,,,,,,,,,
350,210,0.522821000571,0.522821000571,0.522821000571,0.522821000571,3,,,,,,,,,
30,29,0.522650238153,0.522650238153,0.522650238153,0.522650238153,3,,,,,,,,,
220,190,0.522642311504,0.522642311504,0.522642311504,0.522642311504,3,,,,,,,,,
400,399,0.522640862226,0.52173467414,0.522459624609,0.522640862226,3,,,,,,,,,
250,210,0.522351677641,0.522351677641,0.522351677641,0.522351677641,3,,,,,,,,,
200,125,0.52225665231,0.52225665231,0.52225665231,0.52225665231,3,,,,,,,,,
200,125,0.52225665231,0.52225665231,0.52225665231,0.52225665231,3,,,,,,,,,
200,125,0.52225665231,0.52225665231,0.52225665231,0.52225665231,3,,,,,,,,,
400,399,0.522281903222,0.521835509428,0.522192624463,0.522281903222,3,,,,,,,,,
200,159,0.523075897872,0.521865266505,0.522107392779,0.521865266505,3,,,,,,,,,
220,149,0.522059909335,0.522059909335,0.522059909335,0.522059909335,3,,,,,,,,,
200,99,0.522441689798,0.521669398986,0.521823857148,0.521669398986,3,,,,,,,,,
220,199,0.521776863106,0.521776863106,0.521776863106,0.521776863106,3,,,,,,,,,
115,50,0.521671773326,0.521671773326,0.521671773326,0.521671773326,3,,,,,,,,,
350,159,0.52166638817,0.52166638817,0.52166638817,0.52166638817,3,,,,,,,,,
350,179,0.521495448424,0.521495448424,0.521495448424,0.521495448424,3,,,,,,,,,
250,230,0.521445674186,0.521445674186,0.521445674186,0.521445674186,3,,,,,,,,,
110,50,0.521533917045,0.521274665371,0.521326515706,0.521274665371,3,,,,,,,,,
350,149,0.521290093592,0.521290093592,0.521290093592,0.521290093592,3,,,,,,,,,
200,104,0.521383388738,0.520902549683,0.521287220927,0.521383388738,3,,,,,,,,,
220,159,0.520946053427,0.520946053427,0.520946053427,0.520946053427,3,,,,,,,,,
300,75,0.520942402761,0.520942402761,0.520942402761,0.520942402761,3,,,,,,,,,
300,75,0.520942402761,0.520942402761,0.520942402761,0.520942402761,3,,,,,,,,,
350,139,0.520918792509,0.520918792509,0.520918792509,0.520918792509,3,,,,,,,,,
350,129,0.520872003908,0.520872003908,0.520872003908,0.520872003908,3,,,,,,,,,
350,119,0.520818428648,0.520818428648,0.520818428648,0.520818428648,3,,,,,,,,,
350,124,0.520818428648,0.520818428648,0.520818428648,0.520818428648,3,,,,,,,,,
350,114,0.520818428648,0.51998031054,0.520650805026,0.520818428648,3,,,,,,,,,
180,139,0.52046446465,0.52046446465,0.52046446465,0.52046446465,3,,,,,,,,,
200,109,0.520571468051,0.519882957474,0.520433765935,0.520571468051,3,,,,,,,,,
350,199,0.52042011507,0.52042011507,0.52042011507,0.52042011507,3,,,,,,,,,
240,199,0.520273234185,0.520273234185,0.520273234185,0.520273234185,3,,,,,,,,,
220,210,0.52009569708,0.52009569708,0.52009569708,0.52009569708,3,,,,,,,,,
350,190,0.520037044438,0.520037044438,0.520037044438,0.520037044438,3,,,,,,,,,
110,69,0.519855261889,0.519855261889,0.519855261889,0.519855261889,3,,,,,,,,,
110,60,0.519851741746,0.519851741746,0.519851741746,0.519851741746,3,,,,,,,,,
200,199,0.519809627057,0.519809627057,0.519809627057,0.519809627057,3,,,,,,,,,
200,199,0.519809627057,0.519809627057,0.519809627057,0.519809627057,3,,,,,,,,,
400,299,0.519946201115,0.518865529583,0.519730066808,0.519946201115,3,,,,,,,,,
380,299,0.519726544956,0.519726544956,0.519726544956,0.519726544956,3,,,,,,,,,
110,65,0.519809570683,0.519264276105,0.519700511767,0.519809570683,3,,,,,,,,,
350,69,0.52014182725,0.519557620372,0.519674461747,0.519557620372,3,,,,,,,,,
380,230,0.519660520625,0.519660520625,0.519660520625,0.519660520625,3,,,,,,,,,
350,80,0.519598625511,0.519598625511,0.519598625511,0.519598625511,3,,,,,,,,,
110,55,0.520802176128,0.519262901638,0.519570756536,0.519262901638,3,,,,,,,,,
240,210,0.519316669344,0.519316669344,0.519316669344,0.519316669344,3,,,,,,,,,
380,349,0.519627315236,0.519100865926,0.519206155788,0.519100865926,3,,,,,,,,,
400,349,0.519880513521,0.518934082171,0.519123368441,0.518934082171,3,,,,,,,,,
180,149,0.519168995172,0.518868894846,0.519108975107,0.519168995172,3,,,,,,,,,
380,249,0.519090058313,0.519090058313,0.519090058313,0.519090058313,3,,,,,,,,,
115,69,0.519303867345,0.517720092698,0.518987112416,0.519303867345,3,,,,,,,,,
350,75,0.518952407735,0.518952407735,0.518952407735,0.518952407735,3,,,,,,,,,
180,159,0.518883538126,0.518883538126,0.518883538126,0.518883538126,3,,,,,,,,,
160,129,0.518642288558,0.518642288558,0.518642288558,0.518642288558,3,,,,,,,,,
400,299,0.519007638738,0.518471598956,0.518578806912,0.518471598956,3,,,,,,,,,
350,104,0.518554828813,0.518554828813,0.518554828813,0.518554828813,3,,,,,,,,,
200,114,0.518977927911,0.518433288353,0.518542216265,0.518433288353,3,,,,,,,,,
350,65,0.518455903428,0.518455903428,0.518455903428,0.518455903428,3,,,,,,,,,
200,179,0.518431799216,0.518431799216,0.518431799216,0.518431799216,3,,,,,,,,,
160,50,0.518385831163,0.518327336536,0.518374132238,0.518385831163,3,,,,,,,,,
400,299,0.519379845128,0.518104758183,0.518359775572,0.518104758183,3,,,,,,,,,
350,99,0.518554828813,0.517539789393,0.518351820929,0.518554828813,3,,,,,,,,,
150,55,0.518264625209,0.518264625209,0.518264625209,0.518264625209,3,,,,,,,,,
115,75,0.518348642862,0.517821136716,0.518243141633,0.518348642862,3,,,,,,,,,
350,89,0.5182806871,0.517707040884,0.518165957857,0.5182806871,3,,,,,,,,,
350,85,0.519561876178,0.517707040884,0.518078007943,0.517707040884,3,,,,,,,,,
115,55,0.518028574307,0.518028574307,0.518028574307,0.518028574307,3,,,,,,,,,
115,60,0.518028574307,0.518028574307,0.518028574307,0.518028574307,3,,,,,,,,,
160,139,0.518109390091,0.517397348934,0.51796698186,0.518109390091,3,,,,,,,,,
150,60,0.517659008126,0.517659008126,0.517659008126,0.517659008126,3,,,,,,,,,
160,55,0.517531537412,0.517531537412,0.517531537412,0.517531537412,3,,,,,,,,,
160,60,0.517531537412,0.517531537412,0.517531537412,0.517531537412,3,,,,,,,,,
150,69,0.517415441128,0.517415441128,0.517415441128,0.517415441128,3,,,,,,,,,
135,50,0.51737376592,0.51737376592,0.51737376592,0.51737376592,3,,,,,,,,,
150,65,0.517378406211,0.517108586378,0.517324442244,0.517378406211,3,,,,,,,,,
150,50,0.517278131066,0.517278131066,0.517278131066,0.517278131066,3,,,,,,,,,
380,210,0.517250750027,0.517250750027,0.517250750027,0.517250750027,3,,,,,,,,,
160,65,0.517133213561,0.517133213561,0.517133213561,0.517133213561,3,,,,,,,,,
180,65,0.517121865792,0.517121865792,0.517121865792,0.517121865792,3,,,,,,,,,
180,69,0.517121865792,0.517121865792,0.517121865792,0.517121865792,3,,,,,,,,,
115,65,0.517083279261,0.517083279261,0.517083279261,0.517083279261,3,,,,,,,,,
350,55,0.517063684283,0.517063684283,0.517063684283,0.517063684283,3,,,,,,,,,
100,75,0.517035023563,0.517035023563,0.517035023563,0.517035023563,3,,,,,,,,,
180,75,0.516956836111,0.516956836111,0.516956836111,0.516956836111,3,,,,,,,,,
180,80,0.516956836111,0.516956836111,0.516956836111,0.516956836111,3,,,,,,,,,
350,109,0.516932372778,0.516932372778,0.516932372778,0.516932372778,3,,,,,,,,,
200,190,0.517017556585,0.516373742834,0.516888793835,0.517017556585,3,,,,,,,,,
200,149,0.516862716415,0.516862716415,0.516862716415,0.516862716415,3,,,,,,,,,
200,149,0.516862716415,0.516862716415,0.516862716415,0.516862716415,3,,,,,,,,,
110,75,0.516801361113,0.516801361113,0.516801361113,0.516801361113,3,,,,,,,,,
380,199,0.516736413819,0.516736413819,0.516736413819,0.516736413819,3,,,,,,,,,
135,55,0.517052827325,0.515455476261,0.516733357112,0.517052827325,3,,,,,,,,,
180,85,0.516660424636,0.516660424636,0.516660424636,0.516660424636,3,,,,,,,,,
350,60,0.516550544353,0.516550544353,0.516550544353,0.516550544353,3,,,,,,,,,
350,95,0.516656416823,0.516049738871,0.516535081232,0.516656416823,3,,,,,,,,,
350,50,0.516557051181,0.516416912434,0.516529023432,0.516557051181,3,,,,,,,,,
135,60,0.517059413664,0.516294428514,0.516447425544,0.516294428514,3,,,,,,,,,
400,399,0.516441431614,0.516441431614,0.516441431614,0.516441431614,3,,,,,,,,,
135,65,0.516308234536,0.516308234536,0.516308234536,0.516308234536,3,,,,,,,,,
135,69,0.516308234536,0.516308234536,0.516308234536,0.516308234536,3,,,,,,,,,
150,75,0.516290296968,0.516290296968,0.516290296968,0.516290296968,3,,,,,,,,,
400,249,0.51627437897,0.51627437897,0.51627437897,0.51627437897,3,,,,,,,,,
400,249,0.51627437897,0.51627437897,0.51627437897,0.51627437897,3,,,,,,,,,
400,249,0.51627437897,0.51627437897,0.51627437897,0.51627437897,3,,,,,,,,,
50,49,0.516131746085,0.516131746085,0.516131746085,0.516131746085,3,,,,,,,,,
100,85,0.516116804139,0.516116804139,0.516116804139,0.516116804139,3,,,,,,,,,
110,80,0.516323929975,0.515253189442,0.516109781869,0.516323929975,3,,,,,,,,,
160,69,0.517133213561,0.51574963512,0.516026350808,0.51574963512,3,,,,,,,,,
200,119,0.516074140626,0.515591520481,0.515977616597,0.516074140626,3,,,,,,,,,
200,124,0.515740803178,0.515740803178,0.515740803178,0.515740803178,3,,,,,,,,,
180,89,0.515709046152,0.515709046152,0.515709046152,0.515709046152,3,,,,,,,,,
380,179,0.515807668783,0.515246665971,0.51569546822,0.515807668783,3,,,,,,,,,
400,249,0.51627437897,0.51553765863,0.515685002698,0.51553765863,3,,,,,,,,,
380,190,0.515614393513,0.515614393513,0.515614393513,0.515614393513,3,,,,,,,,,
100,80,0.515532229436,0.515532229436,0.515532229436,0.515532229436,3,,,,,,,,,
140,50,0.515458573001,0.515458573001,0.515458573001,0.515458573001,3,,,,,,,,,
115,80,0.51550116399,0.515281441784,0.515457219549,0.51550116399,3,,,,,,,,,
140,55,0.515204109226,0.515204109226,0.515204109226,0.515204109226,3,,,,,,,,,
200,129,0.515192974999,0.515192974999,0.515192974999,0.515192974999,3,,,,,,,,,
140,69,0.515169715322,0.515169715322,0.515169715322,0.515169715322,3,,,,,,,,,
135,85,0.515153592153,0.515153592153,0.515153592153,0.515153592153,3,,,,,,,,,
120,50,0.515146437598,0.515146437598,0.515146437598,0.515146437598,3,,,,,,,,,
150,75,0.515137271113,0.515137271113,0.515137271113,0.515137271113,3,,,,,,,,,
40,39,0.515161077126,0.514910933759,0.515111048452,0.515161077126,3,,,,,,,,,
135,75,0.515313634973,0.515052024914,0.515104346926,0.515052024914,3,,,,,,,,,
180,95,0.515065177485,0.515065177485,0.515065177485,0.515065177485,3,,,,,,,,,
135,80,0.515052024914,0.514833758051,0.515008371542,0.515052024914,3,,,,,,,,,
40,29,0.514946560145,0.514946560145,0.514946560145,0.514946560145,3,,,,,,,,,
380,149,0.514783757988,0.514783757988,0.514783757988,0.514783757988,3,,,,,,,,,
380,159,0.514783757988,0.514783757988,0.514783757988,0.514783757988,3,,,,,,,,,
150,80,0.514682438874,0.513948165623,0.514535584224,0.514682438874,3,,,,,,,,,
200,139,0.514501602402,0.514501602402,0.514501602402,0.514501602402,3,,,,,,,,,
125,60,0.514440900225,0.514440900225,0.514440900225,0.514440900225,3,,,,,,,,,
130,69,0.514436994759,0.514436994759,0.514436994759,0.514436994759,3,,,,,,,,,
130,55,0.515095464413,0.514268780694,0.514434117437,0.514268780694,3,,,,,,,,,
180,99,0.514385182006,0.514385182006,0.514385182006,0.514385182006,3,,,,,,,,,
150,95,0.514375516852,0.514375516852,0.514375516852,0.514375516852,3,,,,,,,,,
160,75,0.514316422877,0.514316422877,0.514316422877,0.514316422877,3,,,,,,,,,
400,230,0.514237231597,0.514237231597,0.514237231597,0.514237231597,3,,,,,,,,,
125,65,0.514221177263,0.514221177263,0.514221177263,0.514221177263,3,,,,,,,,,
125,69,0.514221177263,0.514221177263,0.514221177263,0.514221177263,3,,,,,,,,,
140,80,0.514177026852,0.514177026852,0.514177026852,0.514177026852,3,,,,,,,,,
180,104,0.514148227506,0.514148227506,0.514148227506,0.514148227506,3,,,,,,,,,
125,75,0.514109189649,0.514109189649,0.514109189649,0.514109189649,3,,,,,,,,,
50,39,0.514083886889,0.514083886889,0.514083886889,0.514083886889,3,,,,,,,,,
160,80,0.514042484749,0.514042484749,0.514042484749,0.514042484749,3,,,,,,,,,
125,55,0.514020128562,0.514020128562,0.514020128562,0.514020128562,3,,,,,,,,,
140,85,0.51394347499,0.51394347499,0.51394347499,0.51394347499,3,,,,,,,,,
120,55,0.513934920316,0.513934920316,0.513934920316,0.513934920316,3,,,,,,,,,
130,60,0.514030782552,0.513513794573,0.513927384956,0.514030782552,3,,,,,,,,,
140,75,0.514210010128,0.51383722837,0.513911784722,0.51383722837,3,,,,,,,,,
180,109,0.513907952706,0.513907952706,0.513907952706,0.513907952706,3,,,,,,,,,
180,114,0.513907952706,0.513907952706,0.513907952706,0.513907952706,3,,,,,,,,,
110,89,0.513844417887,0.513844417887,0.513844417887,0.513844417887,3,,,,,,,,,
150,89,0.513831908749,0.513831908749,0.513831908749,0.513831908749,3,,,,,,,,,
150,75,0.513784833724,0.513784833724,0.513784833724,0.513784833724,3,,,,,,,,,
130,65,0.513561891958,0.513561891958,0.513561891958,0.513561891958,3,,,,,,,,,
100,89,0.513544584579,0.513544584579,0.513544584579,0.513544584579,3,,,,,,,,,
115,85,0.51352587266,0.51352587266,0.51352587266,0.51352587266,3,,,,,,,,,
130,75,0.513481249753,0.513481249753,0.513481249753,0.513481249753,3,,,,,,,,,
115,99,0.51388605456,0.511803432956,0.513469530239,0.51388605456,3,,,,,,,,,
150,85,0.513789968317,0.513367777087,0.513452215333,0.513367777087,3,,,,,,,,,
130,80,0.513437762715,0.513437762715,0.513437762715,0.513437762715,3,,,,,,,,,
140,60,0.513421184276,0.513421184276,0.513421184276,0.513421184276,3,,,,,,,,,
130,50,0.513398985037,0.513398985037,0.513398985037,0.513398985037,3,,,,,,,,,
160,85,0.513327525127,0.513327525127,0.513327525127,0.513327525127,3,,,,,,,,,
160,149,0.513315718651,0.513315718651,0.513315718651,0.513315718651,3,,,,,,,,,
110,95,0.513422352593,0.512722236173,0.513282329309,0.513422352593,3,,,,,,,,,
180,119,0.51327820138,0.51327820138,0.51327820138,0.51327820138,3,,,,,,,,,
180,124,0.513189861781,0.513189861781,0.513189861781,0.513189861781,3,,,,,,,,,
120,60,0.513092975356,0.513092975356,0.513092975356,0.513092975356,3,,,,,,,,,
120,65,0.513092975356,0.513092975356,0.513092975356,0.513092975356,3,,,,,,,,,
140,65,0.512993879461,0.512993879461,0.512993879461,0.512993879461,3,,,,,,,,,
250,249,0.51286823965,0.51286823965,0.51286823965,0.51286823965,3,,,,,,,,,
125,50,0.513547704224,0.512690903063,0.512862263295,0.512690903063,3,,,,,,,,,
50,29,0.512854456551,0.512854456551,0.512854456551,0.512854456551,3,,,,,,,,,
100,95,0.513051109036,0.512777516143,0.512832234721,0.512777516143,3,,,,,,,,,
110,85,0.512759974149,0.512759974149,0.512759974149,0.512759974149,3,,,,,,,,,
110,99,0.512720189033,0.512720189033,0.512720189033,0.512720189033,3,,,,,,,,,
115,95,0.514283417261,0.512198558379,0.512615530156,0.512198558379,3,,,,,,,,,
135,89,0.512610096922,0.512610096922,0.512610096922,0.512610096922,3,,,,,,,,,
125,80,0.512567834967,0.512567834967,0.512567834967,0.512567834967,3,,,,,,,,,
120,75,0.512724706434,0.51230097255,0.512385719327,0.51230097255,3,,,,,,,,,
150,99,0.512358653295,0.512358653295,0.512358653295,0.512358653295,3,,,,,,,,,
150,104,0.512358653295,0.512358653295,0.512358653295,0.512358653295,3,,,,,,,,,
140,89,0.512626956087,0.511271107549,0.51235578638,0.512626956087,3,,,,,,,,,
120,69,0.51230097255,0.51230097255,0.51230097255,0.51230097255,3,,,,,,,,,
150,139,0.512261921063,0.512261921063,0.512261921063,0.512261921063,3,,,,,,,,,
160,89,0.512252900198,0.512252900198,0.512252900198,0.512252900198,3,,,,,,,,,
115,89,0.512198558379,0.512198558379,0.512198558379,0.512198558379,3,,,,,,,,,
115,104,0.512428179856,0.51103657343,0.512149858571,0.512428179856,3,,,,,,,,,
130,85,0.512090710599,0.512090710599,0.512090710599,0.512090710599,3,,,,,,,,,
160,99,0.511919458243,0.511919458243,0.511919458243,0.511919458243,3,,,,,,,,,
400,199,0.511880563271,0.511880563271,0.511880563271,0.511880563271,3,,,,,,,,,
400,199,0.511880563271,0.511880563271,0.511880563271,0.511880563271,3,,,,,,,,,
150,70,0.511871822406,0.511871822406,0.511871822406,0.511871822406,3,,,,,,,,,
150,70,0.511871822406,0.511871822406,0.511871822406,0.511871822406,3,,,,,,,,,
150,70,0.511871822406,0.511871822406,0.511871822406,0.511871822406,3,,,,,,,,,
380,139,0.511772374976,0.511772374976,0.511772374976,0.511772374976,3,,,,,,,,,
180,179,0.511745307366,0.51129581883,0.511655409658,0.511745307366,3,,,,,,,,,
110,104,0.511641712033,0.511641712033,0.511641712033,0.511641712033,3,,,,,,,,,
160,95,0.511579442944,0.511579442944,0.511579442944,0.511579442944,3,,,,,,,,,
150,105,0.511507460372,0.511507460372,0.511507460372,0.511507460372,3,,,,,,,,,
150,105,0.511507460372,0.511507460372,0.511507460372,0.511507460372,3,,,,,,,,,
150,105,0.511507460372,0.511507460372,0.511507460372,0.511507460372,3,,,,,,,,,
380,129,0.511481309997,0.511481309997,0.511481309997,0.511481309997,3,,,,,,,,,
440,299,0.511590161871,0.511031379254,0.511478405347,0.511590161871,3,,,,,,,,,
440,349,0.511398769831,0.511398769831,0.511398769831,0.511398769831,3,,,,,,,,,
200,199,0.511321512805,0.511321512805,0.511321512805,0.511321512805,3,,,,,,,,,
125,85,0.511306563717,0.511306563717,0.511306563717,0.511306563717,3,,,,,,,,,
180,129,0.511233483503,0.511233483503,0.511233483503,0.511233483503,3,,,,,,,,,
150,115,0.511228479003,0.511228479003,0.511228479003,0.511228479003,3,,,,,,,,,
150,125,0.511228479003,0.511228479003,0.511228479003,0.511228479003,3,,,,,,,,,
150,115,0.511228479003,0.511228479003,0.511228479003,0.511228479003,3,,,,,,,,,
150,125,0.511228479003,0.511228479003,0.511228479003,0.511228479003,3,,,,,,,,,
150,115,0.511228479003,0.511228479003,0.511228479003,0.511228479003,3,,,,,,,,,
150,125,0.511228479003,0.511228479003,0.511228479003,0.511228479003,3,,,,,,,,,
160,104,0.511175561865,0.511175561865,0.511175561865,0.511175561865,3,,,,,,,,,
105,50,0.51109789621,0.51109789621,0.51109789621,0.51109789621,3,,,,,,,,,
115,109,0.511428978368,0.511001822908,0.511087254,0.511001822908,3,,,,,,,,,
105,65,0.511081550738,0.511081550738,0.511081550738,0.511081550738,3,,,,,,,,,
135,95,0.510983040493,0.510983040493,0.510983040493,0.510983040493,3,,,,,,,,,
120,80,0.510964819606,0.510964819606,0.510964819606,0.510964819606,3,,,,,,,,,
400,210,0.510853355586,0.510853355586,0.510853355586,0.510853355586,3,,,,,,,,,
380,114,0.510835390035,0.510835390035,0.510835390035,0.510835390035,3,,,,,,,,,
380,119,0.510835390035,0.510835390035,0.510835390035,0.510835390035,3,,,,,,,,,
380,124,0.510835390035,0.510835390035,0.510835390035,0.510835390035,3,,,,,,,,,
105,60,0.510823350251,0.510823350251,0.510823350251,0.510823350251,3,,,,,,,,,
160,109,0.510811061017,0.510811061017,0.510811061017,0.510811061017,3,,,,,,,,,
380,99,0.51079771402,0.51079771402,0.51079771402,0.51079771402,3,,,,,,,,,
380,104,0.510799262484,0.510206195369,0.510680649061,0.510799262484,3,,,,,,,,,
105,69,0.510561370653,0.510561370653,0.510561370653,0.510561370653,3,,,,,,,,,
105,55,0.510823350251,0.510432538946,0.510510701207,0.510432538946,3,,,,,,,,,
100,65,0.510927931996,0.508702830002,0.510482911597,0.510927931996,3,,,,,,,,,
100,60,0.510692935568,0.509384594707,0.510431267396,0.510692935568,3,,,,,,,,,
90,29,0.510398769306,0.510398769306,0.510398769306,0.510398769306,3,,,,,,,,,
130,89,0.511423332482,0.510043114613,0.510319158187,0.510043114613,3,,,,,,,,,
140,139,0.509987892446,0.509987892446,0.509987892446,0.509987892446,3,,,,,,,,,
380,109,0.509949836285,0.509949836285,0.509949836285,0.509949836285,3,,,,,,,,,
400,199,0.510187169798,0.509616988078,0.509731024422,0.509616988078,3,,,,,,,,,
150,149,0.509720209107,0.509338685172,0.50964390432,0.509720209107,3,,,,,,,,,
140,95,0.509791991871,0.509373128885,0.509456901482,0.509373128885,3,,,,,,,,,
380,95,0.509966343216,0.509317998302,0.509447667284,0.509317998302,3,,,,,,,,,
150,149,0.509720209107,0.509338685172,0.509414989959,0.509338685172,3,,,,,,,,,
400,179,0.509388549848,0.509388549848,0.509388549848,0.509388549848,3,,,,,,,,,
400,190,0.509388549848,0.509388549848,0.509388549848,0.509388549848,3,,,,,,,,,
160,114,0.509338819522,0.508967414161,0.50926453845,0.509338819522,3,,,,,,,,,
150,109,0.509120912551,0.509120912551,0.509120912551,0.509120912551,3,,,,,,,,,
90,49,0.509091947701,0.509091947701,0.509091947701,0.509091947701,3,,,,,,,,,
380,89,0.509168009936,0.508566855178,0.509047778984,0.509168009936,3,,,,,,,,,
100,55,0.508775799344,0.508775799344,0.508775799344,0.508775799344,3,,,,,,,,,
100,50,0.508729705306,0.508729705306,0.508729705306,0.508729705306,3,,,,,,,,,
440,399,0.508534445171,0.508534445171,0.508534445171,0.508534445171,3,,,,,,,,,
140,99,0.508448734946,0.508448734946,0.508448734946,0.508448734946,3,,,,,,,,,
100,69,0.509965850758,0.508000059648,0.50839321787,0.508000059648,3,,,,,,,,,
380,80,0.508480388921,0.507887042293,0.508361719595,0.508480388921,3,,,,,,,,,
90,39,0.508303802092,0.508303802092,0.508303802092,0.508303802092,3,,,,,,,,,
380,85,0.50829715949,0.50829715949,0.50829715949,0.50829715949,3,,,,,,,,,
90,50,0.508226403363,0.508226403363,0.508226403363,0.508226403363,3,,,,,,,,,
160,119,0.50819937179,0.50819937179,0.50819937179,0.50819937179,3,,,,,,,,,
160,124,0.508128840958,0.508128840958,0.508128840958,0.508128840958,3,,,,,,,,,
150,114,0.508057049566,0.508057049566,0.508057049566,0.508057049566,3,,,,,,,,,
80,29,0.50798147831,0.50798147831,0.50798147831,0.50798147831,3,,,,,,,,,
120,89,0.507908179403,0.507908179403,0.507908179403,0.507908179403,3,,,,,,,,,
105,75,0.508352061212,0.505917890567,0.507865227083,0.508352061212,3,,,,,,,,,
140,104,0.507900309942,0.507804879861,0.507823965877,0.507804879861,3,,,,,,,,,
80,39,0.507800609931,0.507800609931,0.507800609931,0.507800609931,3,,,,,,,,,
160,159,0.507741410931,0.507741410931,0.507741410931,0.507741410931,3,,,,,,,,,
90,55,0.507694364419,0.507694364419,0.507694364419,0.507694364419,3,,,,,,,,,
80,70,0.507666180905,0.507666180905,0.507666180905,0.507666180905,3,,,,,,,,,
80,70,0.507666180905,0.507666180905,0.507666180905,0.507666180905,3,,,,,,,,,
80,70,0.507666180905,0.507666180905,0.507666180905,0.507666180905,3,,,,,,,,,
70,39,0.507315592695,0.507315592695,0.507315592695,0.507315592695,3,,,,,,,,,
90,59,0.507262033907,0.507262033907,0.507262033907,0.507262033907,3,,,,,,,,,
80,49,0.507171866879,0.507171866879,0.507171866879,0.507171866879,3,,,,,,,,,
60,49,0.507136671947,0.507136671947,0.507136671947,0.507136671947,3,,,,,,,,,
125,89,0.507104196451,0.507104196451,0.507104196451,0.507104196451,3,,,,,,,,,
150,149,0.5070857485,0.5070857485,0.5070857485,0.5070857485,3,,,,,,,,,
120,85,0.506786748295,0.506786748295,0.506786748295,0.506786748295,3,,,,,,,,,
70,29,0.506751367771,0.506751367771,0.506751367771,0.506751367771,3,,,,,,,,,
70,59,0.507085721688,0.506583853058,0.506684226784,0.506583853058,3,,,,,,,,,
400,159,0.506682962365,0.506682962365,0.506682962365,0.506682962365,3,,,,,,,,,
60,39,0.506533069782,0.506533069782,0.506533069782,0.506533069782,3,,,,,,,,,
400,149,0.507701658342,0.506237491307,0.506530324714,0.506237491307,3,,,,,,,,,
120,95,0.506444168744,0.506444168744,0.506444168744,0.506444168744,3,,,,,,,,,
120,99,0.506444168744,0.506444168744,0.506444168744,0.506444168744,3,,,,,,,,,
150,119,0.506406894154,0.506406894154,0.506406894154,0.506406894154,3,,,,,,,,,
80,59,0.506350493394,0.506350493394,0.506350493394,0.506350493394,3,,,,,,,,,
135,99,0.506261724643,0.506261724643,0.506261724643,0.506261724643,3,,,,,,,,,
70,55,0.506218514388,0.506218514388,0.506218514388,0.506218514388,3,,,,,,,,,
400,149,0.506215661143,0.506215661143,0.506215661143,0.506215661143,3,,,,,,,,,
90,60,0.506197222548,0.506197222548,0.506197222548,0.506197222548,3,,,,,,,,,
130,95,0.506191827472,0.506191827472,0.506191827472,0.506191827472,3,,,,,,,,,
400,149,0.506238406793,0.505654386531,0.50612160274,0.506238406793,3,,,,,,,,,
60,29,0.506106723523,0.506106723523,0.506106723523,0.506106723523,3,,,,,,,,,
125,104,0.506018266214,0.506018266214,0.506018266214,0.506018266214,3,,,,,,,,,
60,59,0.505878110184,0.505878110184,0.505878110184,0.505878110184,3,,,,,,,,,
400,139,0.506260551016,0.505742178073,0.505845852662,0.505742178073,3,,,,,,,,,
400,149,0.506237491307,0.505654386531,0.505771007487,0.505654386531,3,,,,,,,,,
70,50,0.505713537691,0.505713537691,0.505713537691,0.505713537691,3,,,,,,,,,
70,60,0.505648155085,0.505648155085,0.505648155085,0.505648155085,3,,,,,,,,,
125,95,0.505587954026,0.505587954026,0.505587954026,0.505587954026,3,,,,,,,,,
125,99,0.505587954026,0.505587954026,0.505587954026,0.505587954026,3,,,,,,,,,
105,80,0.505663412311,0.505185634185,0.505567856685,0.505663412311,3,,,,,,,,,
70,49,0.505381012613,0.505381012613,0.505381012613,0.505381012613,3,,,,,,,,,
130,99,0.505355130197,0.505355130197,0.505355130197,0.505355130197,3,,,,,,,,,
120,104,0.505343297505,0.505343297505,0.505343297505,0.505343297505,3,,,,,,,,,
76,70,0.505271444887,0.505271444887,0.505271444887,0.505271444887,3,,,,,,,,,
76,70,0.505271444887,0.505271444887,0.505271444887,0.505271444887,3,,,,,,,,,
76,70,0.505271444887,0.505271444887,0.505271444887,0.505271444887,3,,,,,,,,,
105,89,0.505408155516,0.504987334546,0.50507149874,0.504987334546,3,,,,,,,,,
150,124,0.505055122978,0.504562383828,0.504956575148,0.505055122978,3,,,,,,,,,
105,85,0.50525044015,0.504830005897,0.504914092747,0.504830005897,3,,,,,,,,,
135,104,0.505367040322,0.504518592899,0.504688282384,0.504518592899,3,,,,,,,,,
125,109,0.50462380807,0.50462380807,0.50462380807,0.50462380807,3,,,,,,,,,
125,119,0.504589169966,0.504589169966,0.504589169966,0.504589169966,3,,,,,,,,,
90,79,0.504776398397,0.503556940574,0.504532506832,0.504776398397,3,,,,,,,,,
400,125,0.504718653432,0.503670013175,0.50450892538,0.504718653432,3,,,,,,,,,
120,109,0.504965150528,0.504296703074,0.504430392565,0.504296703074,3,,,,,,,,,
130,104,0.504363390018,0.504363390018,0.504363390018,0.504363390018,3,,,,,,,,,
90,65,0.504296434668,0.504296434668,0.504296434668,0.504296434668,3,,,,,,,,,
90,69,0.504244809598,0.504244809598,0.504244809598,0.504244809598,3,,,,,,,,,
90,69,0.504244809598,0.504244809598,0.504244809598,0.504244809598,3,,,,,,,,,
125,114,0.50422222037,0.50422222037,0.50422222037,0.50422222037,3,,,,,,,,,
105,95,0.504381155344,0.504125747359,0.504176828956,0.504125747359,3,,,,,,,,,
135,114,0.504170988383,0.504170988383,0.504170988383,0.504170988383,3,,,,,,,,,
400,125,0.504114350974,0.504068390493,0.504077582589,0.504068390493,3,,,,,,,,,
120,114,0.504347465261,0.50284711521,0.504047395251,0.504347465261,3,,,,,,,,,
400,125,0.504181658928,0.503497717516,0.504044870646,0.504181658928,3,,,,,,,,,
400,124,0.5040061358,0.5040061358,0.5040061358,0.5040061358,3,,,,,,,,,
135,119,0.503635651909,0.503635651909,0.503635651909,0.503635651909,3,,,,,,,,,
140,119,0.503583150527,0.503583150527,0.503583150527,0.503583150527,3,,,,,,,,,
90,75,0.50354768994,0.50354768994,0.50354768994,0.50354768994,3,,,,,,,,,
400,129,0.503545082036,0.503545082036,0.503545082036,0.503545082036,3,,,,,,,,,
130,114,0.503540134868,0.503540134868,0.503540134868,0.503540134868,3,,,,,,,,,
130,109,0.503526810201,0.503526810201,0.503526810201,0.503526810201,3,,,,,,,,,
480,399,0.503335784606,0.503335784606,0.503335784606,0.503335784606,3,,,,,,,,,
400,119,0.50327853584,0.50327853584,0.50327853584,0.50327853584,3,,,,,,,,,
400,114,0.503076378604,0.503076378604,0.503076378604,0.503076378604,3,,,,,,,,,
400,115,0.503116896602,0.503046351959,0.503060460887,0.503046351959,3,,,,,,,,,
440,249,0.50296390968,0.50296390968,0.50296390968,0.50296390968,3,,,,,,,,,
150,129,0.50295650171,0.50295650171,0.50295650171,0.50295650171,3,,,,,,,,,
135,109,0.503241043296,0.502826308503,0.502909255461,0.502826308503,3,,,,,,,,,
400,105,0.503029340697,0.50200440742,0.502824354042,0.503029340697,3,,,,,,,,,
140,124,0.50308542888,0.501722034296,0.502812749963,0.50308542888,3,,,,,,,,,
140,109,0.502804722268,0.502804722268,0.502804722268,0.502804722268,3,,,,,,,,,
400,115,0.502863571502,0.502419481999,0.502774753602,0.502863571502,3,,,,,,,,,
90,80,0.502734214832,0.502734214832,0.502734214832,0.502734214832,3,,,,,,,,,
70,65,0.502648873661,0.502648873661,0.502648873661,0.502648873661,3,,,,,,,,,
80,69,0.502609107429,0.502609107429,0.502609107429,0.502609107429,3,,,,,,,,,
105,99,0.502480955697,0.502480955697,0.502480955697,0.502480955697,3,,,,,,,,,
400,115,0.502419481999,0.502419481999,0.502419481999,0.502419481999,3,,,,,,,,,
130,119,0.502286977256,0.502286977256,0.502286977256,0.502286977256,3,,,,,,,,,
400,105,0.502847419969,0.50200440742,0.50217300993,0.50200440742,3,,,,,,,,,
135,124,0.502157052754,0.502157052754,0.502157052754,0.502157052754,3,,,,,,,,,
140,114,0.502123127886,0.502123127886,0.502123127886,0.502123127886,3,,,,,,,,,
70,69,0.502051701936,0.502051701936,0.502051701936,0.502051701936,3,,,,,,,,,
70,69,0.502051701936,0.502051701936,0.502051701936,0.502051701936,3,,,,,,,,,
400,105,0.50200440742,0.50200440742,0.50200440742,0.50200440742,3,,,,,,,,,
400,109,0.501987194994,0.50126955572,0.501843667139,0.501987194994,3,,,,,,,,,
440,230,0.501630720726,0.501630720726,0.501630720726,0.501630720726,3,,,,,,,,,
76,75,0.501297578738,0.501297578738,0.501297578738,0.501297578738,3,,,,,,,,,
76,75,0.501297578738,0.501297578738,0.501297578738,0.501297578738,3,,,,,,,,,
76,75,0.501297578738,0.501297578738,0.501297578738,0.501297578738,3,,,,,,,,,
90,85,0.501321256931,0.500954795722,0.501247964689,0.501321256931,3,,,,,,,,,
440,210,0.501117457169,0.501117457169,0.501117457169,0.501117457169,3,,,,,,,,,
130,124,0.501087815221,0.501087815221,0.501087815221,0.501087815221,3,,,,,,,,,
80,79,0.501047200074,0.501047200074,0.501047200074,0.501047200074,3,,,,,,,,,
140,129,0.500900954609,0.500900954609,0.500900954609,0.500900954609,3,,,,,,,,,
400,104,0.500847059034,0.500847059034,0.500847059034,0.500847059034,3,,,,,,,,,
80,75,0.500713843138,0.500713843138,0.500713843138,0.500713843138,3,,,,,,,,,
80,75,0.500713843138,0.500713843138,0.500713843138,0.500713843138,3,,,,,,,,,
100,99,0.500367404595,0.500367404595,0.500367404595,0.500367404595,3,,,,,,,,,
110,109,0.500360069382,0.500360069382,0.500360069382,0.500360069382,3,,,,,,,,,
135,129,0.500213849162,0.500213849162,0.500213849162,0.500213849162,3,,,,,,,,,
105,104,0.499898461189,0.499898461189,0.499898461189,0.499898461189,3,,,,,,,,,
90,89,0.499723469232,0.499723469232,0.499723469232,0.499723469232,3,,,,,,,,,
90,89,0.499723469232,0.499723469232,0.499723469232,0.499723469232,3,,,,,,,,,
115,114,0.500927614339,0.498705047739,0.499149561059,0.498705047739,3,,,,,,,,,
120,119,0.498966820939,0.498311737394,0.498442754103,0.498311737394,3,,,,,,,,,
440,179,0.49840181302,0.49840181302,0.49840181302,0.49840181302,3,,,,,,,,,
440,190,0.498636322035,0.498338933907,0.498398411533,0.498338933907,3,,,,,,,,,
440,199,0.498213051201,0.498213051201,0.498213051201,0.498213051201,3,,,,,,,,,
480,349,0.497315202328,0.497276580746,0.497284305063,0.497276580746,3,,,,,,,,,
130,129,0.49685004916,0.49685004916,0.49685004916,0.49685004916,3,,,,,,,,,
125,124,0.495919631645,0.495919631645,0.495919631645,0.495919631645,3,,,,,,,,,
500,399,0.493235037943,0.493056974437,0.493199425242,0.493235037943,3,,,,,,,,,
500,399,0.493396418551,0.493056974437,0.49312486326,0.493056974437,3,,,,,,,,,
380,60,0.49296523264,0.49296523264,0.49296523264,0.49296523264,3,,,,,,,,,
500,399,0.493056974437,0.492198115598,0.492885202669,0.493056974437,3,,,,,,,,,
500,399,0.493056974437,0.491110113543,0.492667602258,0.493056974437,3,,,,,,,,,
380,50,0.491976831924,0.491976831924,0.491976831924,0.491976831924,3,,,,,,,,,
380,55,0.491976831924,0.491976831924,0.491976831924,0.491976831924,3,,,,,,,,,
380,69,0.491589634646,0.491589634646,0.491589634646,0.491589634646,3,,,,,,,,,
380,65,0.491533136491,0.491533136491,0.491533136491,0.491533136491,3,,,,,,,,,
380,75,0.490828869737,0.490382831107,0.490472038833,0.490382831107,3,,,,,,,,,
480,450,0.490409245936,0.490268964565,0.490381189661,0.490409245936,3,,,,,,,,,
400,70,0.489683167901,0.489683167901,0.489683167901,0.489683167901,3,,,,,,,,,
400,70,0.489683167901,0.489683167901,0.489683167901,0.489683167901,3,,,,,,,,,
400,70,0.489683167901,0.489683167901,0.489683167901,0.489683167901,3,,,,,,,,,
400,65,0.489867225781,0.489167994285,0.489307840584,0.489167994285,3,,,,,,,,,
400,69,0.488901532294,0.488901532294,0.488901532294,0.488901532294,3,,,,,,,,,
400,50,0.48876365491,0.48876365491,0.48876365491,0.48876365491,3,,,,,,,,,
400,55,0.48876365491,0.48876365491,0.48876365491,0.48876365491,3,,,,,,,,,
400,60,0.48876365491,0.48876365491,0.48876365491,0.48876365491,3,,,,,,,,,
400,75,0.48860998251,0.486843916238,0.487197129492,0.486843916238,3,,,,,,,,,
400,80,0.486899418354,0.486802511789,0.486880037041,0.486899418354,3,,,,,,,,,
400,85,0.487215602564,0.486203979658,0.486406304239,0.486203979658,3,,,,,,,,,
500,450,0.486293836924,0.486094554107,0.48613441067,0.486094554107,3,,,,,,,,,
400,89,0.486198049864,0.48563653282,0.485748836229,0.48563653282,3,,,,,,,,,
500,349,0.485545332026,0.484597287109,0.485355723043,0.485545332026,3,,,,,,,,,
440,65,0.484503615675,0.484503615675,0.484503615675,0.484503615675,3,,,,,,,,,
500,299,0.485281991411,0.484265948769,0.484469157298,0.484265948769,3,,,,,,,,,
440,60,0.484404910826,0.484404910826,0.484404910826,0.484404910826,3,,,,,,,,,
440,69,0.484503615675,0.483724019309,0.484347696402,0.484503615675,3,,,,,,,,,
400,95,0.484235528955,0.484197382998,0.484227899764,0.484235528955,3,,,,,,,,,
500,299,0.484184432383,0.483951233992,0.484137792705,0.484184432383,3,,,,,,,,,
480,299,0.484030445284,0.484030445284,0.484030445284,0.484030445284,3,,,,,,,,,
400,99,0.484010903385,0.484010903385,0.484010903385,0.484010903385,3,,,,,,,,,
480,249,0.4838353179,0.482923578103,0.48365296994,0.4838353179,3,,,,,,,,,
440,75,0.483045052363,0.483045052363,0.483045052363,0.483045052363,3,,,,,,,,,
440,104,0.482992810458,0.482992810458,0.482992810458,0.482992810458,3,,,,,,,,,
700,59,0.482921012959,0.482547800212,0.482846370409,0.482921012959,3,,,,,,,,,
440,99,0.482826685047,0.482826685047,0.482826685047,0.482826685047,3,,,,,,,,,
440,95,0.482808165303,0.482712231533,0.482788978549,0.482808165303,3,,,,,,,,,
440,109,0.483169377503,0.482200901401,0.482394596621,0.482200901401,3,,,,,,,,,
440,85,0.482541659819,0.481760315328,0.482385390921,0.482541659819,3,,,,,,,,,
700,69,0.482547800212,0.48197204135,0.482087193122,0.48197204135,3,,,,,,,,,
700,39,0.482125134638,0.481698369572,0.482039781625,0.482125134638,3,,,,,,,,,
440,114,0.48189916109,0.48189916109,0.48189916109,0.48189916109,3,,,,,,,,,
440,80,0.481834075995,0.481834075995,0.481834075995,0.481834075995,3,,,,,,,,,
520,399,0.481908163086,0.48111400838,0.481749332145,0.481908163086,3,,,,,,,,,
440,119,0.481946329742,0.48091906925,0.481740877644,0.481946329742,3,,,,,,,,,
440,89,0.481706782585,0.481706782585,0.481706782585,0.481706782585,3,,,,,,,,,
500,249,0.481776789944,0.481335108892,0.481688453734,0.481776789944,3,,,,,,,,,
800,39,0.4816996893,0.480973183217,0.481554388083,0.4816996893,3,,,,,,,,,
440,55,0.481409181208,0.481409181208,0.481409181208,0.481409181208,3,,,,,,,,,
500,249,0.481776789944,0.479596805078,0.481340792971,0.481776789944,3,,,,,,,,,
800,49,0.481379604541,0.481284700531,0.481303681333,0.481284700531,3,,,,,,,,,
700,49,0.481379714713,0.481060916306,0.481124675987,0.481060916306,3,,,,,,,,,
440,129,0.481217115057,0.479082568815,0.480790205809,0.481217115057,3,,,,,,,,,
480,129,0.480681776997,0.480681776997,0.480681776997,0.480681776997,3,,,,,,,,,
480,139,0.480830117748,0.480493590065,0.480560895602,0.480493590065,3,,,,,,,,,
440,124,0.481663517213,0.480021407207,0.480349829208,0.480021407207,3,,,,,,,,,
500,299,0.480319404061,0.480151501358,0.48028582352,0.480319404061,3,,,,,,,,,
480,104,0.480280833999,0.480280833999,0.480280833999,0.480280833999,3,,,,,,,,,
800,59,0.480459159058,0.479523564295,0.480272040106,0.480459159058,3,,,,,,,,,
480,149,0.480180032171,0.480180032171,0.480180032171,0.480180032171,3,,,,,,,,,
400,75,0.480071392129,0.480071392129,0.480071392129,0.480071392129,3,,,,,,,,,
400,75,0.480071392129,0.480071392129,0.480071392129,0.480071392129,3,,,,,,,,,
520,109,0.480081827231,0.479882855576,0.4800420329,0.480081827231,3,,,,,,,,,
440,50,0.479885670633,0.479885670633,0.479885670633,0.479885670633,3,,,,,,,,,
500,75,0.479846524457,0.479846524457,0.479846524457,0.479846524457,3,,,,,,,,,
500,75,0.479846524457,0.479846524457,0.479846524457,0.479846524457,3,,,,,,,,,
440,139,0.479813643975,0.479609999689,0.479772915118,0.479813643975,3,,,,,,,,,
480,109,0.479647508273,0.479647508273,0.479647508273,0.479647508273,3,,,,,,,,,
480,114,0.479647508273,0.479647508273,0.479647508273,0.479647508273,3,,,,,,,,,
500,104,0.479646761201,0.479646761201,0.479646761201,0.479646761201,3,,,,,,,,,
500,85,0.479712266779,0.479615352267,0.47963473517,0.479615352267,3,,,,,,,,,
500,69,0.479605538146,0.479605538146,0.479605538146,0.479605538146,3,,,,,,,,,
500,109,0.479530381612,0.479530381612,0.479530381612,0.479530381612,3,,,,,,,,,
480,50,0.479511861021,0.479511861021,0.479511861021,0.479511861021,3,,,,,,,,,
520,450,0.479539696449,0.479392465701,0.479510250299,0.479539696449,3,,,,,,,,,
480,119,0.479504737499,0.479504737499,0.479504737499,0.479504737499,3,,,,,,,,,
500,80,0.479574558631,0.47892375499,0.479444397903,0.479574558631,3,,,,,,,,,
480,159,0.479333777881,0.479333777881,0.479333777881,0.479333777881,3,,,,,,,,,
480,124,0.479169772857,0.479169772857,0.479169772857,0.479169772857,3,,,,,,,,,
520,104,0.479097103277,0.479097103277,0.479097103277,0.479097103277,3,,,,,,,,,
440,159,0.478796282112,0.478796282112,0.478796282112,0.478796282112,3,,,,,,,,,
500,89,0.479000828823,0.47838148319,0.478505352317,0.47838148319,3,,,,,,,,,
500,95,0.478646819322,0.478399792141,0.478449197577,0.478399792141,3,,,,,,,,,
500,70,0.478434980729,0.478434980729,0.478434980729,0.478434980729,3,,,,,,,,,
500,99,0.478646819322,0.478321455526,0.478386528285,0.478321455526,3,,,,,,,,,
500,70,0.478434980729,0.477912656135,0.478017121054,0.477912656135,3,,,,,,,,,
500,75,0.47790962031,0.47790962031,0.47790962031,0.47790962031,3,,,,,,,,,
500,70,0.477912656135,0.477862426867,0.477872472721,0.477862426867,3,,,,,,,,,
440,149,0.478529917698,0.477541616547,0.477739276777,0.477541616547,3,,,,,,,,,
500,105,0.477943632388,0.477618539648,0.477683558196,0.477618539648,3,,,,,,,,,
500,105,0.477618539648,0.477393092608,0.47757345024,0.477618539648,3,,,,,,,,,
500,115,0.47843337435,0.477335920051,0.477555410911,0.477335920051,3,,,,,,,,,
520,114,0.477902573917,0.475740302273,0.477470119588,0.477902573917,3,,,,,,,,,
500,105,0.477393092608,0.477393092608,0.477393092608,0.477393092608,3,,,,,,,,,
800,69,0.477280261123,0.477280261123,0.477280261123,0.477280261123,3,,,,,,,,,
480,99,0.47702822217,0.47702822217,0.47702822217,0.47702822217,3,,,,,,,,,
480,55,0.477278283416,0.476801193376,0.476896611384,0.476801193376,3,,,,,,,,,
480,89,0.477046915404,0.475997650401,0.476837062404,0.477046915404,3,,,,,,,,,
480,60,0.47778189925,0.47656442273,0.476807918034,0.47656442273,3,,,,,,,,,
480,69,0.476762159439,0.476762159439,0.476762159439,0.476762159439,3,,,,,,,,,
480,190,0.476956310819,0.475783037894,0.476721656234,0.476956310819,3,,,,,,,,,
480,65,0.47668434118,0.47668434118,0.47668434118,0.47668434118,3,,,,,,,,,
500,114,0.476624463829,0.476624463829,0.476624463829,0.476624463829,3,,,,,,,,,
500,115,0.476556088695,0.476556088695,0.476556088695,0.476556088695,3,,,,,,,,,
500,199,0.477119467878,0.476283728936,0.476450876724,0.476283728936,3,,,,,,,,,
480,85,0.476415999543,0.476406825875,0.476414164809,0.476415999543,3,,,,,,,,,
480,179,0.477317947686,0.476074535536,0.476323217966,0.476074535536,3,,,,,,,,,
800,89,0.477261790398,0.476087511609,0.476322367367,0.476087511609,3,,,,,,,,,
480,95,0.476262169673,0.476262169673,0.476262169673,0.476262169673,3,,,,,,,,,
500,199,0.476283728936,0.475698368766,0.476166656902,0.476283728936,3,,,,,,,,,
520,119,0.476215925007,0.476136491106,0.476152377886,0.476136491106,3,,,,,,,,,
800,79,0.477371020749,0.475807800307,0.476120444396,0.475807800307,3,,,,,,,,,
700,79,0.47671127045,0.475726572135,0.475923511798,0.475726572135,3,,,,,,,,,
480,75,0.476273470201,0.475637598987,0.47576477323,0.475637598987,3,,,,,,,,,
500,124,0.475734545709,0.475197731119,0.475627182791,0.475734545709,3,,,,,,,,,
500,119,0.475577915849,0.475577915849,0.475577915849,0.475577915849,3,,,,,,,,,
500,149,0.475456556334,0.475456556334,0.475456556334,0.475456556334,3,,,,,,,,,
500,149,0.475456556334,0.475456556334,0.475456556334,0.475456556334,3,,,,,,,,,
500,115,0.476784861402,0.474928313449,0.475299623039,0.474928313449,3,,,,,,,,,
480,80,0.475159249494,0.475159249494,0.475159249494,0.475159249494,3,,,,,,,,,
480,210,0.475146193727,0.475146193727,0.475146193727,0.475146193727,3,,,,,,,,,
500,159,0.47547530755,0.475005428593,0.475099404385,0.475005428593,3,,,,,,,,,
480,230,0.474952054672,0.474952054672,0.474952054672,0.474952054672,3,,,,,,,,,
500,125,0.474548281313,0.474548281313,0.474548281313,0.474548281313,3,,,,,,,,,
500,179,0.474681834135,0.474464432686,0.474507912976,0.474464432686,3,,,,,,,,,
700,89,0.474821904004,0.474415650285,0.474496901029,0.474415650285,3,,,,,,,,,
480,199,0.474445670836,0.474445670836,0.474445670836,0.474445670836,3,,,,,,,,,
500,125,0.474548281313,0.474162465215,0.474239628435,0.474162465215,3,,,,,,,,,
500,125,0.474166408591,0.474166408591,0.474166408591,0.474166408591,3,,,,,,,,,
520,124,0.474098881739,0.474098881739,0.474098881739,0.474098881739,3,,,,,,,,,
700,29,0.474089692868,0.473964137189,0.473989248325,0.473964137189,3,,,,,,,,,
520,129,0.473898488336,0.473898488336,0.473898488336,0.473898488336,3,,,,,,,,,
520,95,0.47385846393,0.472701641889,0.473627099522,0.47385846393,3,,,,,,,,,
500,190,0.473491152417,0.473491152417,0.473491152417,0.473491152417,3,,,,,,,,,
500,199,0.473400161702,0.4732082379,0.473246622661,0.4732082379,3,,,,,,,,,
600,75,0.473184400182,0.47246295568,0.473040111282,0.473184400182,3,,,,,,,,,
500,129,0.472955628201,0.472955628201,0.472955628201,0.472955628201,3,,,,,,,,,
500,230,0.473044304057,0.472511698601,0.472937782966,0.473044304057,3,,,,,,,,,
600,75,0.473184400182,0.47246295568,0.47260724458,0.47246295568,3,,,,,,,,,
500,249,0.472319093568,0.472319093568,0.472319093568,0.472319093568,3,,,,,,,,,
800,29,0.472575225294,0.47103006946,0.472266194127,0.472575225294,3,,,,,,,,,
500,210,0.472240098324,0.472240098324,0.472240098324,0.472240098324,3,,,,,,,,,
500,139,0.472194030453,0.472194030453,0.472194030453,0.472194030453,3,,,,,,,,,
520,149,0.472835983609,0.471649478331,0.471886779386,0.471649478331,3,,,,,,,,,
520,139,0.471709273985,0.471709273985,0.471709273985,0.471709273985,3,,,,,,,,,
520,99,0.472335113186,0.471522084073,0.471684689895,0.471522084073,3,,,,,,,,,
500,65,0.472192785729,0.470754141923,0.471041870684,0.470754141923,3,,,,,,,,,
500,149,0.47178553784,0.470568092182,0.470811581313,0.470568092182,3,,,,,,,,,
520,349,0.472035753135,0.470430134061,0.470751257876,0.470430134061,3,,,,,,,,,
520,159,0.470661870007,0.470661870007,0.470661870007,0.470661870007,3,,,,,,,,,
560,399,0.470612728036,0.469231622856,0.470336507,0.470612728036,3,,,,,,,,,
560,230,0.469475585536,0.469286350362,0.469324197397,0.469286350362,3,,,,,,,,,
520,179,0.468578257649,0.468578257649,0.468578257649,0.468578257649,3,,,,,,,,,
560,299,0.468605619831,0.467450728496,0.468374641564,0.468605619831,3,,,,,,,,,
560,249,0.468326332266,0.468326332266,0.468326332266,0.468326332266,3,,,,,,,,,
520,85,0.467960944314,0.467804875347,0.467836089141,0.467804875347,3,,,,,,,,,
520,190,0.467822353148,0.46767057046,0.467700926998,0.46767057046,3,,,,,,,,,
520,89,0.467635756716,0.467635756716,0.467635756716,0.467635756716,3,,,,,,,,,
520,299,0.467533052425,0.46735754407,0.467392645741,0.46735754407,3,,,,,,,,,
520,199,0.467707777527,0.467046629124,0.467178858804,0.467046629124,3,,,,,,,,,
500,60,0.467366000514,0.466414461338,0.467175692679,0.467366000514,3,,,,,,,,,
520,230,0.467042211333,0.467042211333,0.467042211333,0.467042211333,3,,,,,,,,,
560,450,0.466982347601,0.466982347601,0.466982347601,0.466982347601,3,,,,,,,,,
500,50,0.4669463867,0.466149990368,0.466787107433,0.4669463867,3,,,,,,,,,
520,249,0.467556406652,0.466593783373,0.466786308029,0.466593783373,3,,,,,,,,,
520,210,0.4666691605,0.4666691605,0.4666691605,0.4666691605,3,,,,,,,,,
500,55,0.466238761841,0.466008051968,0.466192619866,0.466238761841,3,,,,,,,,,
560,179,0.466414211173,0.466082043962,0.466148477405,0.466082043962,3,,,,,,,,,
560,50,0.466118045597,0.464948979767,0.465884232431,0.466118045597,3,,,,,,,,,
600,149,0.465787143983,0.465787143983,0.465787143983,0.465787143983,3,,,,,,,,,
600,149,0.465787143983,0.465787143983,0.465787143983,0.465787143983,3,,,,,,,,,
520,50,0.465514299754,0.465514299754,0.465514299754,0.465514299754,3,,,,,,,,,
560,190,0.465496439376,0.465496439376,0.465496439376,0.465496439376,3,,,,,,,,,
520,80,0.465077056586,0.464938054876,0.464965855218,0.464938054876,3,,,,,,,,,
520,69,0.46472545427,0.46472545427,0.46472545427,0.46472545427,3,,,,,,,,,
520,55,0.464942590775,0.464655615921,0.464713010891,0.464655615921,3,,,,,,,,,
520,60,0.464655615921,0.464655615921,0.464655615921,0.464655615921,3,,,,,,,,,
520,65,0.464655615921,0.464655615921,0.464655615921,0.464655615921,3,,,,,,,,,
560,199,0.464562415008,0.464562415008,0.464562415008,0.464562415008,3,,,,,,,,,
520,75,0.46478516585,0.464400461538,0.4644774024,0.464400461538,3,,,,,,,,,
600,199,0.464420450701,0.464342544047,0.46440486937,0.464420450701,3,,,,,,,,,
600,190,0.464420450701,0.464371164601,0.464381021821,0.464371164601,3,,,,,,,,,
600,199,0.464371164601,0.464371164601,0.464371164601,0.464371164601,3,,,,,,,,,
600,199,0.464371164601,0.464311837957,0.464359299272,0.464371164601,3,,,,,,,,,
600,199,0.464371164601,0.464311837957,0.464323703286,0.464311837957,3,,,,,,,,,
560,55,0.464225853272,0.464225853272,0.464225853272,0.464225853272,3,,,,,,,,,
560,60,0.464225853272,0.464225853272,0.464225853272,0.464225853272,3,,,,,,,,,
600,210,0.464190085442,0.46414082368,0.464150676032,0.46414082368,3,,,,,,,,,
560,65,0.464105957857,0.464105957857,0.464105957857,0.464105957857,3,,,,,,,,,
600,95,0.4639354879,0.463649991121,0.463878388544,0.4639354879,3,,,,,,,,,
560,499,0.463795526017,0.463621040496,0.463760628913,0.463795526017,3,,,,,,,,,
600,85,0.463523747411,0.463502844585,0.463507025151,0.463502844585,3,,,,,,,,,
560,89,0.463470209366,0.46343362129,0.463462891751,0.463470209366,3,,,,,,,,,
600,60,0.463539136557,0.463143483907,0.463460006027,0.463539136557,3,,,,,,,,,
600,70,0.463557321391,0.462849975848,0.463415852283,0.463557321391,3,,,,,,,,,
600,55,0.463582757677,0.463369618959,0.463412246702,0.463369618959,3,,,,,,,,,
560,95,0.463460097733,0.463107390411,0.463389556268,0.463460097733,3,,,,,,,,,
600,230,0.463372866241,0.463372866241,0.463372866241,0.463372866241,3,,,,,,,,,
600,89,0.46336962059,0.46336962059,0.46336962059,0.46336962059,3,,,,,,,,,
600,75,0.463291961049,0.463135636553,0.463166901452,0.463135636553,3,,,,,,,,,
560,210,0.463213283175,0.462957252854,0.463162077111,0.463213283175,3,,,,,,,,,
600,69,0.463196204939,0.463135636553,0.46314775023,0.463135636553,3,,,,,,,,,
600,70,0.463188354254,0.462910521449,0.463132787693,0.463188354254,3,,,,,,,,,
560,75,0.463079976598,0.463079976598,0.463079976598,0.463079976598,3,,,,,,,,,
600,70,0.463135636553,0.462849975848,0.463078504412,0.463135636553,3,,,,,,,,,
600,50,0.463369618959,0.46282861974,0.462936819584,0.46282861974,3,,,,,,,,,
600,65,0.462910521449,0.462910521449,0.462910521449,0.462910521449,3,,,,,,,,,
600,80,0.463135636553,0.462849975848,0.462907107989,0.462849975848,3,,,,,,,,,
560,349,0.464648154082,0.462378163666,0.462832161749,0.462378163666,3,,,,,,,,,
600,99,0.462865689322,0.462705117684,0.462737232012,0.462705117684,3,,,,,,,,,
560,85,0.463818061309,0.462410339732,0.462691884047,0.462410339732,3,,,,,,,,,
800,289,0.462736658539,0.462663776996,0.462678353304,0.462663776996,3,,,,,,,,,
560,80,0.462724687278,0.462355718556,0.462650893534,0.462724687278,3,,,,,,,,,
600,499,0.463159019598,0.460529299037,0.462633075486,0.463159019598,3,,,,,,,,,
600,115,0.462570440581,0.461402495233,0.462336851511,0.462570440581,3,,,,,,,,,
600,104,0.462578940108,0.461320484188,0.462327248924,0.462578940108,3,,,,,,,,,
560,104,0.462253079116,0.462086477621,0.462219758817,0.462253079116,3,,,,,,,,,
600,109,0.462243464173,0.461823465529,0.462159464444,0.462243464173,3,,,,,,,,,
560,69,0.4623826032,0.462099872232,0.462156418426,0.462099872232,3,,,,,,,,,
560,109,0.462179931076,0.462039350982,0.462067467001,0.462039350982,3,,,,,,,,,
560,114,0.462039350982,0.462039350982,0.462039350982,0.462039350982,3,,,,,,,,,
560,119,0.462039350982,0.461880150979,0.462007510981,0.462039350982,3,,,,,,,,,
560,99,0.465101548718,0.461216858724,0.461993796722,0.461216858724,3,,,,,,,,,
800,269,0.462319245393,0.459792589707,0.461813914256,0.462319245393,3,,,,,,,,,
600,114,0.461823465529,0.461668031666,0.461792378757,0.461823465529,3,,,,,,,,,
600,105,0.461784911865,0.461784911865,0.461784911865,0.461784911865,3,,,,,,,,,
600,105,0.461784911865,0.461784911865,0.461784911865,0.461784911865,3,,,,,,,,,
700,269,0.461650484456,0.461532839117,0.461626955389,0.461650484456,3,,,,,,,,,
600,105,0.461784911865,0.460739580344,0.46157584556,0.461784911865,3,,,,,,,,,
800,309,0.461612058324,0.461499299888,0.461521851575,0.461499299888,3,,,,,,,,,
700,229,0.462301700601,0.461317868812,0.46151463517,0.461317868812,3,,,,,,,,,
700,259,0.461481150153,0.461481150153,0.461481150153,0.461481150153,3,,,,,,,,,
800,319,0.461602740353,0.461330025871,0.461384568768,0.461330025871,3,,,,,,,,,
600,115,0.46163452703,0.460339871614,0.461375595947,0.46163452703,3,,,,,,,,,
600,115,0.461379662443,0.461020964785,0.461307922911,0.461379662443,3,,,,,,,,,
600,125,0.461394944128,0.460946743962,0.461305304094,0.461394944128,3,,,,,,,,,
600,499,0.463321340458,0.460721247756,0.461241266296,0.460721247756,3,,,,,,,,,
800,329,0.461236238805,0.461236238805,0.461236238805,0.461236238805,3,,,,,,,,,
600,299,0.461580106495,0.460932143701,0.46106173626,0.460932143701,3,,,,,,,,,
800,299,0.461555438135,0.460776124545,0.460931987263,0.460776124545,3,,,,,,,,,
700,289,0.461108327086,0.460164598778,0.460919581424,0.461108327086,3,,,,,,,,,
800,229,0.460930789131,0.460880367386,0.460890451735,0.460880367386,3,,,,,,,,,
800,219,0.46205653398,0.460591986254,0.460884895799,0.460591986254,3,,,,,,,,,
560,124,0.460766469098,0.460766469098,0.460766469098,0.460766469098,3,,,,,,,,,
560,129,0.460766469098,0.460766469098,0.460766469098,0.460766469098,3,,,,,,,,,
800,259,0.460899543788,0.459792589707,0.460678152971,0.460899543788,3,,,,,,,,,
800,249,0.460694943455,0.460560750373,0.460668104839,0.460694943455,3,,,,,,,,,
600,249,0.461327445597,0.460430490947,0.460609881877,0.460430490947,3,,,,,,,,,
700,249,0.460580468823,0.460580468823,0.460580468823,0.460580468823,3,,,,,,,,,
600,119,0.460522118292,0.46035547437,0.460488789508,0.460522118292,3,,,,,,,,,
800,339,0.460475865253,0.460148871891,0.46041046658,0.460475865253,3,,,,,,,,,
600,249,0.460422013152,0.459337053369,0.460205021195,0.460422013152,3,,,,,,,,,
520,499,0.460122764143,0.460122764143,0.460122764143,0.460122764143,3,,,,,,,,,
560,149,0.460113458732,0.460066453328,0.460075854409,0.460066453328,3,,,,,,,,,
560,139,0.460293961604,0.459961830596,0.460028256798,0.459961830596,3,,,,,,,,,
700,299,0.460015659587,0.459917133957,0.459995954461,0.460015659587,3,,,,,,,,,
600,599,0.459898885746,0.459897872426,0.45989807509,0.459897872426,3,,,,,,,,,
560,550,0.46030333241,0.459786963333,0.459890237148,0.459786963333,3,,,,,,,,,
600,450,0.460122543121,0.459755432941,0.459828854977,0.459755432941,3,,,,,,,,,
600,249,0.459809945078,0.459783261588,0.459788598286,0.459783261588,3,,,,,,,,,
600,399,0.459684170159,0.459684170159,0.459684170159,0.459684170159,3,,,,,,,,,
600,124,0.459754170089,0.45903904659,0.459611145389,0.459754170089,3,,,,,,,,,
600,399,0.459575701363,0.459008894449,0.459462339981,0.459575701363,3,,,,,,,,,
600,599,0.459533521769,0.459049003155,0.459436618046,0.459533521769,3,,,,,,,,,
600,349,0.459487789015,0.458628399131,0.459315911039,0.459487789015,3,,,,,,,,,
600,399,0.459575701363,0.459162320776,0.459244996893,0.459162320776,3,,,,,,,,,
700,309,0.459068454628,0.459068454628,0.459068454628,0.459068454628,3,,,,,,,,,
600,125,0.459141806356,0.459039276654,0.459059782595,0.459039276654,3,,,,,,,,,
600,129,0.458835505761,0.458782647476,0.458824934104,0.458835505761,3,,,,,,,,,
560,159,0.459035058537,0.458650992532,0.458727805733,0.458650992532,3,,,,,,,,,
500,499,0.45906372569,0.458495119813,0.458608840988,0.458495119813,3,,,,,,,,,
600,149,0.459244014295,0.458270154205,0.458464926223,0.458270154205,3,,,,,,,,,
600,599,0.458619417727,0.457341183414,0.458363770865,0.458619417727,3,,,,,,,,,
600,125,0.460559231371,0.457770463432,0.45832821702,0.457770463432,3,,,,,,,,,
600,139,0.458309531484,0.45726414874,0.458100454935,0.458309531484,3,,,,,,,,,
500,499,0.458168231921,0.457857783954,0.457919873547,0.457857783954,3,,,,,,,,,
600,599,0.457887798086,0.457887798086,0.457887798086,0.457887798086,3,,,,,,,,,
600,179,0.457934921863,0.456457861285,0.457639509748,0.457934921863,3,,,,,,,,,
500,499,0.457783001972,0.457312311403,0.457406449517,0.457312311403,3,,,,,,,,,
500,499,0.457177176745,0.456796561833,0.457101053762,0.457177176745,3,,,,,,,,,
600,499,0.456904923565,0.456584582721,0.45664865089,0.456584582721,3,,,,,,,,,
600,299,0.456679079572,0.455885225917,0.456520308841,0.456679079572,3,,,,,,,,,
600,159,0.456179241428,0.456060337738,0.45615546069,0.456179241428,3,,,,,,,,,
600,299,0.455885225917,0.455470612519,0.455553535199,0.455470612519,3,,,,,,,,,
700,199,0.455417717914,0.455417717914,0.455417717914,0.455417717914,3,,,,,,,,,
700,219,0.455202951659,0.455008140368,0.455047102627,0.455008140368,3,,,,,,,,,
600,550,0.454260454173,0.454069528398,0.454222269018,0.454260454173,3,,,,,,,,,
700,319,0.453472613161,0.451435476247,0.453065185778,0.453472613161,3,,,,,,,,,
800,349,0.450532863431,0.449186864218,0.450263663588,0.450532863431,3,,,,,,,,,
700,339,0.449973796934,0.449871565633,0.449892011894,0.449871565633,3,,,,,,,,,
700,349,0.449871565633,0.449871565633,0.449871565633,0.449871565633,3,,,,,,,,,
700,399,0.449505515513,0.449109167413,0.449426245893,0.449505515513,3,,,,,,,,,
800,399,0.449173088982,0.449173088982,0.449173088982,0.449173088982,3,,,,,,,,,
700,329,0.451156689944,0.448676723123,0.449172716488,0.448676723123,3,,,,,,,,,
