K_cap,k_low,NMI_max,NMI_min,NMI_avg,NMI_med
60,59,0.466164469856,0.466164469856,0.466164469856,0.466164469856
180,149,0.452728800059,0.452728800059,0.452728800059,0.452728800059
180,179,0.452500554888,0.452500554888,0.452500554888,0.452500554888
180,89,0.452325961435,0.452325961435,0.452325961435,0.452325961435
180,95,0.452325961435,0.452325961435,0.452325961435,0.452325961435
180,99,0.452325961435,0.452325961435,0.452325961435,0.452325961435
200,159,0.452264454202,0.452264454202,0.452264454202,0.452264454202
180,104,0.45222759389,0.45222759389,0.45222759389,0.45222759389
180,109,0.45212217351,0.45212217351,0.45212217351,0.45212217351
180,114,0.452094846108,0.452094846108,0.452094846108,0.452094846108
180,119,0.452094846108,0.452094846108,0.452094846108,0.452094846108
200,199,0.452051452285,0.452051452285,0.452051452285,0.452051452285
180,75,0.452050457816,0.452050457816,0.452050457816,0.452050457816
180,80,0.452028858506,0.452028858506,0.452028858506,0.452028858506
180,85,0.452028858506,0.452028858506,0.452028858506,0.452028858506
180,124,0.451977886666,0.451977886666,0.451977886666,0.451977886666
180,129,0.451977886666,0.451977886666,0.451977886666,0.451977886666
180,139,0.451792394881,0.451792394881,0.451792394881,0.451792394881
200,190,0.45175119441,0.45175119441,0.45175119441,0.45175119441
180,159,0.451321404791,0.451321404791,0.451321404791,0.451321404791
200,179,0.451271858464,0.451271858464,0.451271858464,0.451271858464
240,199,0.451269006301,0.451269006301,0.451269006301,0.451269006301
200,119,0.451197580396,0.451197580396,0.451197580396,0.451197580396
200,124,0.451015130447,0.451015130447,0.451015130447,0.451015130447
200,129,0.451015130447,0.451015130447,0.451015130447,0.451015130447
200,99,0.450936571427,0.450936571427,0.450936571427,0.450936571427
200,104,0.450936571427,0.450936571427,0.450936571427,0.450936571427
200,109,0.450936571427,0.450936571427,0.450936571427,0.450936571427
200,139,0.450915253538,0.450915253538,0.450915253538,0.450915253538
200,114,0.450838909855,0.450838909855,0.450838909855,0.450838909855
160,149,0.450662234034,0.450662234034,0.450662234034,0.450662234034
220,199,0.450552485196,0.450552485196,0.450552485196,0.450552485196
200,149,0.450363566743,0.450363566743,0.450363566743,0.450363566743
220,190,0.45035526477,0.45035526477,0.45035526477,0.45035526477
150,129,0.450216809465,0.450216809465,0.450216809465,0.450216809465
180,69,0.450105729788,0.450105729788,0.450105729788,0.450105729788
220,159,0.44975402541,0.44975402541,0.44975402541,0.44975402541
240,190,0.449569961028,0.449569961028,0.449569961028,0.449569961028
160,159,0.449563939665,0.449563939665,0.449563939665,0.449563939665
180,60,0.449344254875,0.449344254875,0.449344254875,0.449344254875
150,139,0.449341582898,0.449341582898,0.449341582898,0.449341582898
150,149,0.449338324054,0.449338324054,0.449338324054,0.449338324054
180,65,0.449240581706,0.449240581706,0.449240581706,0.449240581706
200,85,0.449230536818,0.449230536818,0.449230536818,0.449230536818
200,89,0.449230536818,0.449230536818,0.449230536818,0.449230536818
200,95,0.449230536818,0.449230536818,0.449230536818,0.449230536818
220,179,0.449166945335,0.449166945335,0.449166945335,0.449166945335
220,149,0.449152069568,0.449152069568,0.449152069568,0.449152069568
150,119,0.44898312113,0.44898312113,0.44898312113,0.44898312113
200,69,0.448953867481,0.448953867481,0.448953867481,0.448953867481
200,70,0.4489455657,0.4489455657,0.4489455657,0.4489455657
250,199,0.448782568317,0.448782568317,0.448782568317,0.448782568317
150,124,0.448770662258,0.448770662258,0.448770662258,0.448770662258
200,60,0.448717535318,0.448717535318,0.448717535318,0.448717535318
200,65,0.448717535318,0.448717535318,0.448717535318,0.448717535318
200,75,0.448699774057,0.448699774057,0.448699774057,0.448699774057
200,80,0.44866028562,0.44866028562,0.44866028562,0.44866028562
180,50,0.448617320247,0.448617320247,0.448617320247,0.448617320247
180,55,0.448617320247,0.448617320247,0.448617320247,0.448617320247
200,50,0.448599486544,0.448599486544,0.448599486544,0.448599486544
200,55,0.448599486544,0.448599486544,0.448599486544,0.448599486544
150,114,0.448447058218,0.448447058218,0.448447058218,0.448447058218
250,190,0.448286818389,0.448286818389,0.448286818389,0.448286818389
220,139,0.448102273319,0.448102273319,0.448102273319,0.448102273319
160,104,0.448027770549,0.448027770549,0.448027770549,0.448027770549
160,109,0.448027770549,0.448027770549,0.448027770549,0.448027770549
220,95,0.448002444861,0.448002444861,0.448002444861,0.448002444861
220,99,0.448002444861,0.448002444861,0.448002444861,0.448002444861
220,104,0.448002444861,0.448002444861,0.448002444861,0.448002444861
160,139,0.447979493391,0.447979493391,0.447979493391,0.447979493391
140,119,0.447975810849,0.447975810849,0.447975810849,0.447975810849
160,114,0.447929887853,0.447929887853,0.447929887853,0.447929887853
160,119,0.447924824002,0.447924824002,0.447924824002,0.447924824002
140,139,0.447909174462,0.447909174462,0.447909174462,0.447909174462
160,124,0.447737604942,0.447737604942,0.447737604942,0.447737604942
160,129,0.447737604942,0.447737604942,0.447737604942,0.447737604942
160,95,0.447720333856,0.447720333856,0.447720333856,0.447720333856
160,99,0.44761850299,0.44761850299,0.44761850299,0.44761850299
220,109,0.447539257115,0.447539257115,0.447539257115,0.447539257115
220,114,0.447539257115,0.447539257115,0.447539257115,0.447539257115
220,119,0.447539257115,0.447539257115,0.447539257115,0.447539257115
150,99,0.447432997505,0.447432997505,0.447432997505,0.447432997505
150,104,0.447432997505,0.447432997505,0.447432997505,0.447432997505
240,80,0.447420288564,0.447420288564,0.447420288564,0.447420288564
220,124,0.447416248518,0.447416248518,0.447416248518,0.447416248518
140,109,0.447358607011,0.447358607011,0.447358607011,0.447358607011
140,114,0.447333148234,0.447333148234,0.447333148234,0.447333148234
150,109,0.447302660865,0.447302660865,0.447302660865,0.447302660865
240,179,0.447248209062,0.447248209062,0.447248209062,0.447248209062
220,89,0.447176689539,0.447176689539,0.447176689539,0.447176689539
140,129,0.447118220374,0.447118220374,0.447118220374,0.447118220374
160,65,0.447109580992,0.447109580992,0.447109580992,0.447109580992
160,69,0.447109580992,0.447109580992,0.447109580992,0.447109580992
140,124,0.447103302426,0.447103302426,0.447103302426,0.447103302426
220,60,0.447046382973,0.447046382973,0.447046382973,0.447046382973
160,75,0.447007619799,0.447007619799,0.447007619799,0.447007619799
160,60,0.446990859054,0.446990859054,0.446990859054,0.446990859054
220,65,0.446988318733,0.446988318733,0.446988318733,0.446988318733
220,69,0.446988318733,0.446988318733,0.446988318733,0.446988318733
220,75,0.446988318733,0.446988318733,0.446988318733,0.446988318733
220,55,0.446928323333,0.446928323333,0.446928323333,0.446928323333
160,80,0.446901418077,0.446901418077,0.446901418077,0.446901418077
220,50,0.446897398328,0.446897398328,0.446897398328,0.446897398328
220,85,0.446886045367,0.446886045367,0.446886045367,0.446886045367
220,80,0.446864017038,0.446864017038,0.446864017038,0.446864017038
160,85,0.446817306068,0.446817306068,0.446817306068,0.446817306068
160,89,0.446817306068,0.446817306068,0.446817306068,0.446817306068
220,129,0.446686364725,0.446686364725,0.446686364725,0.446686364725
140,104,0.446459194158,0.446459194158,0.446459194158,0.446459194158
250,179,0.446448756975,0.446448756975,0.446448756975,0.446448756975
240,99,0.44625845472,0.44625845472,0.44625845472,0.44625845472
240,104,0.44625845472,0.44625845472,0.44625845472,0.44625845472
240,85,0.446106564299,0.446106564299,0.446106564299,0.446106564299
240,89,0.446087838181,0.446087838181,0.446087838181,0.446087838181
240,95,0.446087838181,0.446087838181,0.446087838181,0.446087838181
240,114,0.445983033181,0.445983033181,0.445983033181,0.445983033181
240,109,0.445964301482,0.445964301482,0.445964301482,0.445964301482
240,119,0.445826581704,0.445826581704,0.445826581704,0.445826581704
150,80,0.445769225685,0.445769225685,0.445769225685,0.445769225685
150,85,0.445769225685,0.445769225685,0.445769225685,0.445769225685
150,89,0.445769225685,0.445769225685,0.445769225685,0.445769225685
150,75,0.445652653118,0.445652653118,0.445652653118,0.445652653118
250,159,0.445595103042,0.445595103042,0.445595103042,0.445595103042
160,55,0.445576431029,0.445576431029,0.445576431029,0.445576431029
240,159,0.445534233345,0.445534233345,0.445534233345,0.445534233345
240,139,0.445244955908,0.445244955908,0.445244955908,0.445244955908
240,149,0.445244955908,0.445244955908,0.445244955908,0.445244955908
150,95,0.445154579766,0.445154579766,0.445154579766,0.445154579766
240,124,0.445099073836,0.445099073836,0.445099073836,0.445099073836
240,129,0.445099073836,0.445099073836,0.445099073836,0.445099073836
135,104,0.444980943051,0.444980943051,0.444980943051,0.444980943051
135,109,0.444980943051,0.444980943051,0.444980943051,0.444980943051
135,114,0.444980943051,0.444980943051,0.444980943051,0.444980943051
150,65,0.444694555313,0.444694555313,0.444694555313,0.444694555313
150,69,0.444683796345,0.444683796345,0.444683796345,0.444683796345
250,55,0.44463009709,0.44463009709,0.44463009709,0.44463009709
150,60,0.444573419207,0.444573419207,0.444573419207,0.444573419207
250,50,0.444513209024,0.444513209024,0.444513209024,0.444513209024
250,85,0.444504744236,0.444504744236,0.444504744236,0.444504744236
250,89,0.444504744236,0.444504744236,0.444504744236,0.444504744236
250,95,0.444504744236,0.444504744236,0.444504744236,0.444504744236
250,99,0.444485038801,0.444485038801,0.444485038801,0.444485038801
135,99,0.444480878829,0.444480878829,0.444480878829,0.444480878829
250,69,0.444467524195,0.444467524195,0.444467524195,0.444467524195
250,104,0.444453284694,0.444453284694,0.444453284694,0.444453284694
250,109,0.444453284694,0.444453284694,0.444453284694,0.444453284694
250,75,0.444343889608,0.444343889608,0.444343889608,0.444343889608
250,80,0.444343889608,0.444343889608,0.444343889608,0.444343889608
250,65,0.44424663261,0.44424663261,0.44424663261,0.44424663261
50,49,0.444136155533,0.444136155533,0.444136155533,0.444136155533
135,129,0.444125671313,0.444125671313,0.444125671313,0.444125671313
135,119,0.444112484081,0.444112484081,0.444112484081,0.444112484081
135,124,0.444084914279,0.444084914279,0.444084914279,0.444084914279
250,60,0.444072470772,0.444072470772,0.444072470772,0.444072470772
150,55,0.44396297008,0.44396297008,0.44396297008,0.44396297008
250,149,0.443740207904,0.443740207904,0.443740207904,0.443740207904
250,149,0.443740207904,0.443740207904,0.443740207904,0.443740207904
135,95,0.443587619429,0.443587619429,0.443587619429,0.443587619429
140,99,0.443513008552,0.443513008552,0.443513008552,0.443513008552
240,50,0.443431436245,0.443431436245,0.443431436245,0.443431436245
130,119,0.443355723093,0.443355723093,0.443355723093,0.443355723093
140,95,0.443336949677,0.443336949677,0.443336949677,0.443336949677
240,60,0.443317078423,0.443317078423,0.443317078423,0.443317078423
240,65,0.443317078423,0.443317078423,0.443317078423,0.443317078423
240,69,0.443317078423,0.443317078423,0.443317078423,0.443317078423
240,55,0.44325740773,0.442972595105,0.44302955763,0.442972595105
160,50,0.443248483662,0.443248483662,0.443248483662,0.443248483662
130,114,0.443146947054,0.443146947054,0.443146947054,0.443146947054
250,70,0.443129077133,0.443129077133,0.443129077133,0.443129077133
240,75,0.442989038211,0.442989038211,0.442989038211,0.442989038211
140,80,0.442981803569,0.442981803569,0.442981803569,0.442981803569
150,50,0.442971950592,0.442971950592,0.442971950592,0.442971950592
250,114,0.442954451702,0.442954451702,0.442954451702,0.442954451702
140,85,0.442887457755,0.442887457755,0.442887457755,0.442887457755
140,89,0.442887457755,0.442887457755,0.442887457755,0.442887457755
250,119,0.442690168407,0.442690168407,0.442690168407,0.442690168407
130,124,0.442628272022,0.442628272022,0.442628272022,0.442628272022
250,139,0.442516518174,0.442516518174,0.442516518174,0.442516518174
250,124,0.442502756052,0.442502756052,0.442502756052,0.442502756052
250,129,0.442502756052,0.442502756052,0.442502756052,0.442502756052
135,85,0.442371716745,0.441186511078,0.442134675611,0.442371716745
130,129,0.442138944369,0.442138944369,0.442138944369,0.442138944369
140,75,0.441911925424,0.441911925424,0.441911925424,0.441911925424
135,89,0.441857178181,0.441857178181,0.441857178181,0.441857178181
130,109,0.441471737928,0.441471737928,0.441471737928,0.441471737928
140,65,0.441459317638,0.441459317638,0.441459317638,0.441459317638
140,69,0.441459317638,0.441459317638,0.441459317638,0.441459317638
150,70,0.441236781689,0.441236781689,0.441236781689,0.441236781689
140,50,0.441076024612,0.441076024612,0.441076024612,0.441076024612
125,109,0.441041564611,0.441041564611,0.441041564611,0.441041564611
130,104,0.440587390971,0.440587390971,0.440587390971,0.440587390971
140,55,0.440474490982,0.440474490982,0.440474490982,0.440474490982
140,60,0.440435773438,0.440435773438,0.440435773438,0.440435773438
125,114,0.440174284108,0.440174284108,0.440174284108,0.440174284108
130,95,0.439715301549,0.439715301549,0.439715301549,0.439715301549
135,80,0.439697014087,0.439697014087,0.439697014087,0.439697014087
130,99,0.439590281295,0.439590281295,0.439590281295,0.439590281295
130,89,0.439004760813,0.439004760813,0.439004760813,0.439004760813
130,85,0.438892226291,0.438892226291,0.438892226291,0.438892226291
135,69,0.438799777731,0.438799777731,0.438799777731,0.438799777731
135,75,0.438799777731,0.438799777731,0.438799777731,0.438799777731
50,39,0.438435537153,0.438435537153,0.438435537153,0.438435537153
125,119,0.438367041782,0.438367041782,0.438367041782,0.438367041782
135,65,0.438280989456,0.438280989456,0.438280989456,0.438280989456
125,124,0.438269469378,0.438269469378,0.438269469378,0.438269469378
135,60,0.438255161014,0.438255161014,0.438255161014,0.438255161014
135,55,0.437456321342,0.437456321342,0.437456321342,0.437456321342
130,80,0.437206033309,0.437206033309,0.437206033309,0.437206033309
125,95,0.436823438568,0.436823438568,0.436823438568,0.436823438568
125,99,0.436823438568,0.436823438568,0.436823438568,0.436823438568
125,104,0.436823438568,0.436823438568,0.436823438568,0.436823438568
120,119,0.436765841342,0.436765841342,0.436765841342,0.436765841342
135,50,0.436692752851,0.436692752851,0.436692752851,0.436692752851
130,65,0.43607859933,0.43607859933,0.43607859933,0.43607859933
130,69,0.436072434807,0.436072434807,0.436072434807,0.436072434807
130,75,0.436072434807,0.436072434807,0.436072434807,0.436072434807
125,89,0.43584315322,0.43584315322,0.43584315322,0.43584315322
130,60,0.435687573591,0.435687573591,0.435687573591,0.435687573591
120,114,0.434919060915,0.434919060915,0.434919060915,0.434919060915
50,29,0.434888749047,0.434888749047,0.434888749047,0.434888749047
125,75,0.434278156438,0.434278156438,0.434278156438,0.434278156438
60,49,0.434257938983,0.434257938983,0.434257938983,0.434257938983
250,249,0.434193895417,0.434193895417,0.434193895417,0.434193895417
125,80,0.434184484137,0.434184484137,0.434184484137,0.434184484137
125,85,0.434184484137,0.434184484137,0.434184484137,0.434184484137
130,55,0.434119117908,0.434119117908,0.434119117908,0.434119117908
400,95,0.433749352012,0.433749352012,0.433749352012,0.433749352012
400,99,0.433717357407,0.433717357407,0.433717357407,0.433717357407
125,69,0.433541576514,0.433541576514,0.433541576514,0.433541576514
130,50,0.433495499597,0.433495499597,0.433495499597,0.433495499597
500,190,0.433315693874,0.433315693874,0.433315693874,0.433315693874
500,199,0.433310512663,0.433310512663,0.433310512663,0.433310512663
125,65,0.433171770138,0.433171770138,0.433171770138,0.433171770138
450,199,0.433056414564,0.433056414564,0.433056414564,0.433056414564
450,190,0.432991055424,0.432991055424,0.432991055424,0.432991055424
500,129,0.432979413726,0.432979413726,0.432979413726,0.432979413726
400,70,0.432978812099,0.432978812099,0.432978812099,0.432978812099
450,139,0.4329304354,0.4329304354,0.4329304354,0.4329304354
450,149,0.4329304354,0.4329304354,0.4329304354,0.4329304354
450,129,0.432905796198,0.432905796198,0.432905796198,0.432905796198
400,89,0.432733334221,0.432733334221,0.432733334221,0.432733334221
500,139,0.432729133449,0.432687175783,0.432695567316,0.432687175783
400,65,0.432669890774,0.432669890774,0.432669890774,0.432669890774
450,179,0.432659929123,0.432659929123,0.432659929123,0.432659929123
520,179,0.43260513728,0.43260513728,0.43260513728,0.43260513728
400,85,0.432588788087,0.432588788087,0.432588788087,0.432588788087
400,69,0.43256987718,0.43256987718,0.43256987718,0.43256987718
400,75,0.43256987718,0.43256987718,0.43256987718,0.43256987718
400,80,0.43256987718,0.43256987718,0.43256987718,0.43256987718
125,50,0.432565565583,0.432565565583,0.432565565583,0.432565565583
500,124,0.432552096127,0.43250775999,0.4325432289,0.432552096127
520,159,0.432435691869,0.432435691869,0.432435691869,0.432435691869
520,149,0.432435631406,0.432435631406,0.432435631406,0.432435631406
500,179,0.43243010529,0.43243010529,0.43243010529,0.43243010529
450,159,0.432389021056,0.432389021056,0.432389021056,0.432389021056
500,159,0.432371034458,0.432371034458,0.432371034458,0.432371034458
520,249,0.432334371585,0.432334371585,0.432334371585,0.432334371585
520,199,0.43233073423,0.43233073423,0.43233073423,0.43233073423
500,149,0.432214460884,0.432214460884,0.432214460884,0.432214460884
520,139,0.432199645091,0.432199645091,0.432199645091,0.432199645091
450,124,0.432117766729,0.432117766729,0.432117766729,0.432117766729
520,190,0.43209026945,0.43209026945,0.43209026945,0.43209026945
125,60,0.432060562775,0.432060562775,0.432060562775,0.432060562775
125,55,0.431939567838,0.431939567838,0.431939567838,0.431939567838
450,119,0.431774864251,0.431774864251,0.431774864251,0.431774864251
500,299,0.431725711129,0.431725711129,0.431725711129,0.431725711129
500,299,0.431725711129,0.431725711129,0.431725711129,0.431725711129
520,349,0.431541306319,0.431541306319,0.431541306319,0.431541306319
500,249,0.431491212224,0.431491212224,0.431491212224,0.431491212224
500,249,0.431491212224,0.431491212224,0.431491212224,0.431491212224
400,104,0.431484201455,0.431484201455,0.431484201455,0.431484201455
450,109,0.431452160063,0.431452160063,0.431452160063,0.431452160063
450,114,0.431452160063,0.431452160063,0.431452160063,0.431452160063
550,299,0.43139512657,0.43139512657,0.43139512657,0.43139512657
600,349,0.431385977522,0.431385977522,0.431385977522,0.431385977522
500,119,0.431373770146,0.431373770146,0.431373770146,0.431373770146
550,179,0.431292432306,0.431292432306,0.431292432306,0.431292432306
600,299,0.431240088887,0.431240088887,0.431240088887,0.431240088887
400,109,0.431208690679,0.431208690679,0.431208690679,0.431208690679
550,249,0.43120208425,0.43120208425,0.43120208425,0.43120208425
550,149,0.431023952207,0.429956037713,0.430810369309,0.431023952207
500,114,0.431020646817,0.430876754284,0.43099186831,0.431020646817
450,104,0.430969982443,0.430969982443,0.430969982443,0.430969982443
400,60,0.430967806165,0.430967806165,0.430967806165,0.430967806165
400,50,0.430956081607,0.430956081607,0.430956081607,0.430956081607
550,199,0.430948840992,0.430948840992,0.430948840992,0.430948840992
520,129,0.430891790004,0.430891790004,0.430891790004,0.430891790004
550,159,0.430874848904,0.430874848904,0.430874848904,0.430874848904
450,95,0.430868550048,0.430868550048,0.430868550048,0.430868550048
450,99,0.430860215393,0.430860215393,0.430860215393,0.430860215393
550,349,0.430852698748,0.430852698748,0.430852698748,0.430852698748
520,299,0.430832879551,0.430832879551,0.430832879551,0.430832879551
500,349,0.43081835152,0.43081835152,0.43081835152,0.43081835152
550,190,0.430784999528,0.430784999528,0.430784999528,0.430784999528
520,124,0.430781157725,0.430781157725,0.430781157725,0.430781157725
450,89,0.430718363728,0.430718363728,0.430718363728,0.430718363728
60,39,0.430692244481,0.430692244481,0.430692244481,0.430692244481
450,75,0.430640340103,0.430357592618,0.430414142115,0.430357592618
400,55,0.43058609122,0.43058609122,0.43058609122,0.43058609122
400,129,0.430461270065,0.430461270065,0.430461270065,0.430461270065
400,124,0.430460483078,0.430460483078,0.430460483078,0.430460483078
450,85,0.430458302929,0.430458302929,0.430458302929,0.430458302929
450,80,0.430428682797,0.430428682797,0.430428682797,0.430428682797
400,114,0.430394391645,0.430390602073,0.43039363373,0.430394391645
400,119,0.430390602073,0.430390602073,0.430390602073,0.430390602073
600,249,0.430083408955,0.430014454904,0.430028245714,0.430014454904
520,114,0.430011644019,0.430011644019,0.430011644019,0.430011644019
520,119,0.430011644019,0.430011644019,0.430011644019,0.430011644019
400,149,0.430008628319,0.430008628319,0.430008628319,0.430008628319
450,299,0.430002109542,0.430002109542,0.430002109542,0.430002109542
400,139,0.429941649669,0.429941649669,0.429941649669,0.429941649669
500,109,0.429873701279,0.429726115599,0.429755632735,0.429726115599
550,129,0.429788807841,0.429788807841,0.429788807841,0.429788807841
550,124,0.429770882554,0.429770882554,0.429770882554,0.429770882554
450,249,0.429662494581,0.429662494581,0.429662494581,0.429662494581
600,399,0.429593171602,0.429593171602,0.429593171602,0.429593171602
450,69,0.429588370559,0.429588370559,0.429588370559,0.429588370559
550,139,0.429579231843,0.429579231843,0.429579231843,0.429579231843
500,99,0.429296501283,0.429296501283,0.429296501283,0.429296501283
520,109,0.429280908377,0.429256141611,0.429261094964,0.429256141611
500,104,0.429242272259,0.429242272259,0.429242272259,0.429242272259
600,199,0.429165692396,0.429165692396,0.429165692396,0.429165692396
550,399,0.429146686643,0.429146686643,0.429146686643,0.429146686643
520,104,0.429143937937,0.429143937937,0.429143937937,0.429143937937
520,399,0.429112612572,0.429112612572,0.429112612572,0.429112612572
600,159,0.429030518616,0.429030518616,0.429030518616,0.429030518616
600,190,0.42902404871,0.42902404871,0.42902404871,0.42902404871
600,179,0.429007636289,0.429007636289,0.429007636289,0.429007636289
500,399,0.428913028723,0.428702677015,0.428870958382,0.428913028723
270,179,0.428811385818,0.428753802754,0.428799869205,0.428811385818
300,70,0.428752170566,0.428752170566,0.428752170566,0.428752170566
500,399,0.428702677015,0.428702677015,0.428702677015,0.428702677015
600,139,0.428653729753,0.428653729753,0.428653729753,0.428653729753
550,119,0.428548185458,0.428194005315,0.428477349429,0.428548185458
300,50,0.428495294365,0.428495294365,0.428495294365,0.428495294365
300,55,0.428483028622,0.428483028622,0.428483028622,0.428483028622
350,80,0.428437835369,0.428437835369,0.428437835369,0.428437835369
350,85,0.428437835369,0.428437835369,0.428437835369,0.428437835369
350,89,0.428437835369,0.428437835369,0.428437835369,0.428437835369
600,149,0.428420359236,0.428420359236,0.428420359236,0.428420359236
400,159,0.428388953135,0.428388953135,0.428388953135,0.428388953135
300,75,0.428341663018,0.428341663018,0.428341663018,0.428341663018
300,80,0.428341663018,0.428341663018,0.428341663018,0.428341663018
300,95,0.428328868285,0.428328868285,0.428328868285,0.428328868285
300,85,0.428310739329,0.428310739329,0.428310739329,0.428310739329
300,89,0.428310739329,0.428310739329,0.428310739329,0.428310739329
400,199,0.428258728908,0.428258728908,0.428258728908,0.428258728908
400,199,0.428258728908,0.428258728908,0.428258728908,0.428258728908
300,65,0.428251493391,0.428251493391,0.428251493391,0.428251493391
300,69,0.428251493391,0.428251493391,0.428251493391,0.428251493391
300,60,0.4282361979,0.4282361979,0.4282361979,0.4282361979
500,95,0.42822841373,0.428185289578,0.428193914408,0.428185289578
300,99,0.428219034758,0.428219034758,0.428219034758,0.428219034758
550,450,0.428107023111,0.428050116298,0.428061497661,0.428050116298
270,159,0.427980742373,0.427980742373,0.427980742373,0.427980742373
350,69,0.427904965491,0.427904965491,0.427904965491,0.427904965491
350,75,0.427904965491,0.427904965491,0.427904965491,0.427904965491
350,95,0.427894154424,0.427894154424,0.427894154424,0.427894154424
350,99,0.427894154424,0.427894154424,0.427894154424,0.427894154424
520,95,0.427828008284,0.427828008284,0.427828008284,0.427828008284
520,99,0.427828008284,0.427828008284,0.427828008284,0.427828008284
270,139,0.427824802201,0.427550542689,0.427605394592,0.427550542689
270,129,0.427805396659,0.427759455218,0.42779620837,0.427805396659
350,65,0.427761625909,0.427761625909,0.427761625909,0.427761625909
270,124,0.427757308125,0.426586089685,0.426820333373,0.426586089685
350,60,0.4277470409,0.4277470409,0.4277470409,0.4277470409
350,55,0.427742670122,0.427742670122,0.427742670122,0.427742670122
270,149,0.427739046481,0.427739046481,0.427739046481,0.427739046481
270,119,0.427735102437,0.426563907711,0.426798146656,0.426563907711
350,129,0.427721635545,0.427721635545,0.427721635545,0.427721635545
350,104,0.427717111046,0.427717111046,0.427717111046,0.427717111046
350,159,0.427709758346,0.427709758346,0.427709758346,0.427709758346
350,139,0.427702743099,0.427702743099,0.427702743099,0.427702743099
350,149,0.42768291518,0.42768291518,0.42768291518,0.42768291518
300,104,0.42767961891,0.42767961891,0.42767961891,0.42767961891
300,109,0.42767961891,0.42767961891,0.42767961891,0.42767961891
350,50,0.427663235943,0.427663235943,0.427663235943,0.427663235943
550,95,0.427535627382,0.427535627382,0.427535627382,0.427535627382
300,249,0.427531638184,0.427531638184,0.427531638184,0.427531638184
550,99,0.427530319265,0.427530319265,0.427530319265,0.427530319265
550,104,0.427530319265,0.427489582706,0.427522171953,0.427530319265
550,114,0.427509802646,0.427509802646,0.427509802646,0.427509802646
350,249,0.427498070176,0.427498070176,0.427498070176,0.427498070176
550,109,0.427489582706,0.427489582706,0.427489582706,0.427489582706
270,109,0.427449229889,0.427449229889,0.427449229889,0.427449229889
600,450,0.427447358359,0.427447358359,0.427447358359,0.427447358359
270,50,0.427430740449,0.427430740449,0.427430740449,0.427430740449
270,69,0.427420953759,0.427420953759,0.427420953759,0.427420953759
270,104,0.427398867699,0.427398867699,0.427398867699,0.427398867699
350,199,0.427359317918,0.427359317918,0.427359317918,0.427359317918
600,129,0.427357736471,0.427357736471,0.427357736471,0.427357736471
70,69,0.427342518287,0.427342518287,0.427342518287,0.427342518287
70,69,0.427342518287,0.427342518287,0.427342518287,0.427342518287
270,75,0.427330877572,0.427330877572,0.427330877572,0.427330877572
270,80,0.427330877572,0.427330877572,0.427330877572,0.427330877572
270,85,0.427330877572,0.427330877572,0.427330877572,0.427330877572
270,60,0.427292684318,0.427292684318,0.427292684318,0.427292684318
270,65,0.427290380859,0.427290380859,0.427290380859,0.427290380859
270,89,0.42726385936,0.42726385936,0.42726385936,0.42726385936
270,95,0.42726385936,0.42726385936,0.42726385936,0.42726385936
270,99,0.42726385936,0.42726385936,0.42726385936,0.42726385936
300,199,0.42722623112,0.42722623112,0.42722623112,0.42722623112
350,179,0.427212915697,0.427212915697,0.427212915697,0.427212915697
350,299,0.427203910955,0.427203910955,0.427203910955,0.427203910955
350,109,0.427199437032,0.427199437032,0.427199437032,0.427199437032
350,114,0.427199437032,0.427199437032,0.427199437032,0.427199437032
270,249,0.427184808468,0.427184808468,0.427184808468,0.427184808468
300,114,0.427166129243,0.427166129243,0.427166129243,0.427166129243
270,55,0.427152200118,0.427152200118,0.427152200118,0.427152200118
270,190,0.427124231012,0.427124231012,0.427124231012,0.427124231012
270,199,0.427124231012,0.427124231012,0.427124231012,0.427124231012
400,179,0.427108877467,0.427108877467,0.427108877467,0.427108877467
400,190,0.427108877467,0.427108877467,0.427108877467,0.427108877467
350,190,0.427105445656,0.427105445656,0.427105445656,0.427105445656
500,85,0.427016244587,0.427016244587,0.427016244587,0.427016244587
300,149,0.427006441788,0.427006441788,0.427006441788,0.427006441788
300,159,0.427006441788,0.427006441788,0.427006441788,0.427006441788
300,179,0.426988448143,0.426988448143,0.426988448143,0.426988448143
700,199,0.426986617362,0.426986617362,0.426986617362,0.426986617362
500,89,0.426956911022,0.426956911022,0.426956911022,0.426956911022
350,119,0.426922376698,0.426922376698,0.426922376698,0.426922376698
700,219,0.426892613877,0.426892613877,0.426892613877,0.426892613877
700,229,0.426892613877,0.426019719558,0.426718035013,0.426892613877
350,124,0.426815347065,0.426815347065,0.426815347065,0.426815347065
520,89,0.426800891762,0.426426829679,0.426501642095,0.426426829679
270,114,0.42675225246,0.426488952929,0.426699592554,0.42675225246
60,29,0.426741173976,0.426741173976,0.426741173976,0.426741173976
300,124,0.426714214936,0.426714214936,0.426714214936,0.426714214936
300,129,0.426714214936,0.426714214936,0.426714214936,0.426714214936
300,139,0.426711284237,0.426711284237,0.426711284237,0.426711284237
300,119,0.426649827726,0.426649827726,0.426649827726,0.426649827726
300,299,0.426586801446,0.426586801446,0.426586801446,0.426586801446
400,249,0.426516424185,0.426516424185,0.426516424185,0.426516424185
600,124,0.426407428303,0.426193423773,0.426236224679,0.426193423773
450,399,0.426374554589,0.426374554589,0.426374554589,0.426374554589
450,65,0.42633647539,0.42633647539,0.42633647539,0.42633647539
400,299,0.426284567077,0.426284567077,0.426284567077,0.426284567077
300,190,0.426255300027,0.426255300027,0.426255300027,0.426255300027
400,349,0.425957967942,0.425913684055,0.425949111165,0.425957967942
700,249,0.425927550755,0.424948724952,0.425731785595,0.425927550755
450,349,0.425879842043,0.425879842043,0.425879842043,0.425879842043
700,269,0.425872104177,0.424892868399,0.425676257021,0.425872104177
71,70,0.425721094897,0.425721094897,0.425721094897,0.425721094897
600,114,0.425604568713,0.425604568713,0.425604568713,0.425604568713
600,119,0.425604568713,0.425604568713,0.425604568713,0.425604568713
520,85,0.425545617285,0.42550120114,0.425536734056,0.425545617285
520,450,0.425144443465,0.424381645237,0.424534204883,0.424381645237
600,109,0.424833069156,0.424833069156,0.424833069156,0.424833069156
550,85,0.424822524816,0.424822524816,0.424822524816,0.424822524816
700,259,0.424770916698,0.424770916698,0.424770916698,0.424770916698
600,85,0.424731674368,0.424731674368,0.424731674368,0.424731674368
600,89,0.424731674368,0.424731674368,0.424731674368,0.424731674368
700,289,0.424720583289,0.424720583289,0.424720583289,0.424720583289
600,95,0.424692192873,0.424692192873,0.424692192873,0.424692192873
600,99,0.424692192873,0.424652902321,0.424684334763,0.424692192873
600,499,0.424679949887,0.424679949887,0.424679949887,0.424679949887
600,499,0.424679949887,0.424679949887,0.424679949887,0.424679949887
500,80,0.424645339693,0.424645339693,0.424645339693,0.424645339693
550,89,0.4245920155,0.4245920155,0.4245920155,0.4245920155
350,349,0.424575309554,0.424575309554,0.424575309554,0.424575309554
600,104,0.424428959615,0.424428959615,0.424428959615,0.424428959615
550,499,0.424192842626,0.424192842626,0.424192842626,0.424192842626
500,450,0.42418552389,0.42418552389,0.42418552389,0.42418552389
400,399,0.42394396355,0.42394396355,0.42394396355,0.42394396355
70,55,0.42380598602,0.42380598602,0.42380598602,0.42380598602
70,59,0.42380598602,0.42380598602,0.42380598602,0.42380598602
70,60,0.423722000093,0.423722000093,0.423722000093,0.423722000093
70,65,0.423532467696,0.423532467696,0.423532467696,0.423532467696
70,50,0.423383557413,0.423383557413,0.423383557413,0.423383557413
70,49,0.423383557413,0.423383557413,0.423383557413,0.423383557413
600,80,0.423108394947,0.423108394947,0.423108394947,0.423108394947
600,75,0.423103674728,0.423103674728,0.423103674728,0.423103674728
550,80,0.422674315348,0.422674315348,0.422674315348,0.422674315348
70,39,0.422597527541,0.422597527541,0.422597527541,0.422597527541
700,299,0.422452871758,0.422452871758,0.422452871758,0.422452871758
700,309,0.4223739095,0.4223739095,0.4223739095,0.4223739095
700,319,0.4223739095,0.42228750197,0.422304783476,0.42228750197
700,329,0.422347354045,0.422347354045,0.422347354045,0.422347354045
700,399,0.422034598553,0.422034598553,0.422034598553,0.422034598553
76,70,0.421904078347,0.421904078347,0.421904078347,0.421904078347
700,349,0.421895920633,0.421711375622,0.421859011631,0.421895920633
500,75,0.421479733552,0.421222954591,0.421274310383,0.421222954591
520,80,0.421327032999,0.421327032999,0.421327032999,0.421327032999
600,550,0.421247421564,0.421247421564,0.421247421564,0.421247421564
700,339,0.421211133193,0.421211133193,0.421211133193,0.421211133193
600,70,0.421089822134,0.421089822134,0.421089822134,0.421089822134
600,65,0.421089822134,0.421089822134,0.421089822134,0.421089822134
600,69,0.421089822134,0.421089822134,0.421089822134,0.421089822134
520,499,0.420733521301,0.420733521301,0.420733521301,0.420733521301
70,29,0.420314011646,0.420314011646,0.420314011646,0.420314011646
450,60,0.420216292517,0.420216292517,0.420216292517,0.420216292517
80,70,0.420079790102,0.420079790102,0.420079790102,0.420079790102
90,60,0.419751245765,0.419751245765,0.419751245765,0.419751245765
90,59,0.419751245765,0.419751245765,0.419751245765,0.419751245765
90,65,0.419533008739,0.419533008739,0.419533008739,0.419533008739
90,69,0.419533008739,0.419533008739,0.419533008739,0.419533008739
90,69,0.419533008739,0.419533008739,0.419533008739,0.419533008739
800,269,0.419374760802,0.419374760802,0.419374760802,0.419374760802
800,249,0.419238047191,0.419238047191,0.419238047191,0.419238047191
80,59,0.41922004001,0.41922004001,0.41922004001,0.41922004001
800,259,0.419127863452,0.419127863452,0.419127863452,0.419127863452
90,55,0.419112667603,0.419112667603,0.419112667603,0.419112667603
800,289,0.418856400126,0.418856400126,0.418856400126,0.418856400126
450,55,0.418780072673,0.418780072673,0.418780072673,0.418780072673
800,299,0.418738096268,0.418738096268,0.418738096268,0.418738096268
90,80,0.418670112547,0.418670112547,0.418670112547,0.418670112547
90,79,0.418670112547,0.418670112547,0.418670112547,0.418670112547
80,49,0.418660975064,0.418660975064,0.418660975064,0.418660975064
90,75,0.418649804987,0.418649804987,0.418649804987,0.418649804987
800,319,0.418619870712,0.418619870712,0.418619870712,0.418619870712
800,329,0.418619870712,0.418619870712,0.418619870712,0.418619870712
800,309,0.418529152847,0.418529152847,0.418529152847,0.418529152847
90,50,0.418308236765,0.418308236765,0.418308236765,0.418308236765
90,49,0.418308236765,0.418308236765,0.418308236765,0.418308236765
80,79,0.418167498858,0.418167498858,0.418167498858,0.418167498858
520,75,0.417922894213,0.417655408439,0.417708905594,0.417655408439
90,29,0.417658110269,0.417658110269,0.417658110269,0.417658110269
80,39,0.417617014932,0.417617014932,0.417617014932,0.417617014932
100,69,0.417598063749,0.417598063749,0.417598063749,0.417598063749
100,80,0.417573156005,0.417573156005,0.417573156005,0.417573156005
90,39,0.417572733736,0.417572733736,0.417572733736,0.417572733736
100,75,0.417516098166,0.417516098166,0.417516098166,0.417516098166
500,70,0.417460923427,0.417460923427,0.417460923427,0.417460923427
80,69,0.417379488899,0.417379488899,0.417379488899,0.417379488899
100,85,0.417309289179,0.417309289179,0.417309289179,0.417309289179
450,50,0.417278828094,0.417278828094,0.417278828094,0.417278828094
800,339,0.417274011453,0.417274011453,0.417274011453,0.417274011453
800,349,0.417274011453,0.417274011453,0.417274011453,0.417274011453
500,69,0.417195274863,0.417195274863,0.417195274863,0.417195274863
800,399,0.417130652309,0.417130652309,0.417130652309,0.417130652309
100,65,0.417099866972,0.417099866972,0.417099866972,0.417099866972
500,65,0.416937268115,0.416937268115,0.416937268115,0.416937268115
800,219,0.416896651623,0.416896651623,0.416896651623,0.416896651623
110,104,0.416891383145,0.416891383145,0.416891383145,0.416891383145
520,69,0.416748444962,0.416748444962,0.416748444962,0.416748444962
105,80,0.416694336342,0.416694336342,0.416694336342,0.416694336342
90,85,0.416645641574,0.416645641574,0.416645641574,0.416645641574
100,89,0.416608077594,0.416608077594,0.416608077594,0.416608077594
100,60,0.416561116278,0.416561116278,0.416561116278,0.416561116278
700,89,0.416436104894,0.416436104894,0.416436104894,0.416436104894
800,229,0.416409870328,0.416409870328,0.416409870328,0.416409870328
90,89,0.416260739862,0.416260739862,0.416260739862,0.416260739862
90,89,0.416260739862,0.416260739862,0.416260739862,0.416260739862
800,199,0.416202583374,0.416202583374,0.416202583374,0.416202583374
550,69,0.416138479368,0.416138479368,0.416138479368,0.416138479368
120,99,0.416077927259,0.416077927259,0.416077927259,0.416077927259
80,29,0.415931080467,0.415931080467,0.415931080467,0.415931080467
550,75,0.415917961105,0.415917961105,0.415917961105,0.415917961105
520,65,0.415914825495,0.415914825495,0.415914825495,0.415914825495
105,85,0.415905242637,0.415905242637,0.415905242637,0.415905242637
100,55,0.415736874735,0.415736874735,0.415736874735,0.415736874735
105,89,0.415734489296,0.415734489296,0.415734489296,0.415734489296
105,75,0.415544564971,0.415544564971,0.415544564971,0.415544564971
700,69,0.415502936733,0.415502936733,0.415502936733,0.415502936733
120,104,0.415268534375,0.415268534375,0.415268534375,0.415268534375
700,79,0.415243310554,0.415140565569,0.415161114566,0.415140565569
100,95,0.415082871341,0.415082871341,0.415082871341,0.415082871341
105,104,0.414905215998,0.414905215998,0.414905215998,0.414905215998
520,60,0.414904599485,0.414904599485,0.414904599485,0.414904599485
100,50,0.414845799952,0.414845799952,0.414845799952,0.414845799952
120,95,0.414844419463,0.414844419463,0.414844419463,0.414844419463
500,60,0.414840653405,0.414840653405,0.414840653405,0.414840653405
105,95,0.414833373053,0.414833373053,0.414833373053,0.414833373053
115,99,0.414726627507,0.414726627507,0.414726627507,0.414726627507
120,89,0.414725522405,0.414725522405,0.414725522405,0.414725522405
120,85,0.414685220022,0.414685220022,0.414685220022,0.414685220022
105,99,0.41463426181,0.41463426181,0.41463426181,0.41463426181
115,95,0.414606613385,0.414606613385,0.414606613385,0.414606613385
520,55,0.414491085214,0.414491085214,0.414491085214,0.414491085214
100,99,0.414282259728,0.414282259728,0.414282259728,0.414282259728
110,109,0.414278051885,0.413436058369,0.413604457072,0.413436058369
120,109,0.414259569256,0.414259569256,0.414259569256,0.414259569256
110,80,0.414046338661,0.414046338661,0.414046338661,0.414046338661
115,109,0.414022415857,0.414022415857,0.414022415857,0.414022415857
110,99,0.413997194787,0.413997194787,0.413997194787,0.413997194787
600,60,0.413978802699,0.413978802699,0.413978802699,0.413978802699
110,85,0.413968711659,0.413968711659,0.413968711659,0.413968711659
105,65,0.413939593868,0.413939593868,0.413939593868,0.413939593868
105,69,0.413939593868,0.413939593868,0.413939593868,0.413939593868
110,75,0.413906404947,0.413906404947,0.413906404947,0.413906404947
115,104,0.413818326987,0.413818326987,0.413818326987,0.413818326987
110,89,0.41372126385,0.41372126385,0.41372126385,0.41372126385
120,69,0.413632890112,0.413632890112,0.413632890112,0.413632890112
600,55,0.413614519098,0.413614519098,0.413614519098,0.413614519098
110,65,0.413605856532,0.413605856532,0.413605856532,0.413605856532
500,50,0.413573172625,0.413573172625,0.413573172625,0.413573172625
120,80,0.413566287055,0.413566287055,0.413566287055,0.413566287055
500,55,0.413562629881,0.413562629881,0.413562629881,0.413562629881
120,75,0.413541987376,0.413541987376,0.413541987376,0.413541987376
110,50,0.413533989939,0.413533989939,0.413533989939,0.413533989939
120,60,0.413398935463,0.413398935463,0.413398935463,0.413398935463
105,50,0.413236734567,0.413236734567,0.413236734567,0.413236734567
110,69,0.413146893,0.413146893,0.413146893,0.413146893
550,65,0.413055083863,0.413055083863,0.413055083863,0.413055083863
105,60,0.413004197766,0.413004197766,0.413004197766,0.413004197766
105,55,0.412974255727,0.412974255727,0.412974255727,0.412974255727
700,59,0.412968217653,0.412968217653,0.412968217653,0.412968217653
120,65,0.412880320891,0.412880320891,0.412880320891,0.412880320891
110,55,0.412831099988,0.412831099988,0.412831099988,0.412831099988
110,95,0.412789047594,0.412789047594,0.412789047594,0.412789047594
600,50,0.412749560363,0.412749560363,0.412749560363,0.412749560363
110,60,0.412669909807,0.412669909807,0.412669909807,0.412669909807
115,89,0.412645584257,0.412645584257,0.412645584257,0.412645584257
115,85,0.412344097557,0.412344097557,0.412344097557,0.412344097557
115,114,0.412335451082,0.412335451082,0.412335451082,0.412335451082
115,80,0.412012387118,0.412012387118,0.412012387118,0.412012387118
120,50,0.411948362436,0.411948362436,0.411948362436,0.411948362436
120,55,0.411921464421,0.411921464421,0.411921464421,0.411921464421
700,49,0.411815564248,0.411646097747,0.411781670948,0.411815564248
115,60,0.411779001761,0.411779001761,0.411779001761,0.411779001761
550,60,0.41145380142,0.41145380142,0.41145380142,0.41145380142
115,65,0.4112898347,0.4112898347,0.4112898347,0.4112898347
115,69,0.411155208945,0.411155208945,0.411155208945,0.411155208945
115,75,0.411064747162,0.411064747162,0.411064747162,0.411064747162
115,55,0.410442400232,0.410442400232,0.410442400232,0.410442400232
550,55,0.410006242653,0.410006242653,0.410006242653,0.410006242653
550,50,0.40945967777,0.40945967777,0.40945967777,0.40945967777
115,50,0.409237820408,0.409237820408,0.409237820408,0.409237820408
800,89,0.409121398513,0.409121398513,0.409121398513,0.409121398513
700,29,0.404898444177,0.403316082033,0.404581971749,0.404898444177
800,39,0.404630984018,0.403834130031,0.403993500828,0.403834130031
700,39,0.404571083751,0.404571083751,0.404571083751,0.404571083751
800,79,0.403411428019,0.403341011326,0.40339734468,0.403411428019
800,49,0.40298211237,0.401925484294,0.402770786755,0.40298211237
800,59,0.402597928355,0.402597928355,0.402597928355,0.402597928355
800,69,0.402517200404,0.402517200404,0.402517200404,0.402517200404
800,29,0.402055949183,0.400572861425,0.400869478977,0.400572861425
40,29,0.399162680794,0.387961436268,0.396922431889,0.399162680794
40,39,0.393692555114,0.386516033571,0.38795133788,0.386516033571
30,29,0.380138768707,0.380138768707,0.380138768707,0.380138768707
500,499,0.362446659981,0.362446659981,0.362446659981,0.362446659981
600,599,0.359258793937,0.359197911071,0.359210087644,0.359197911071
600,599,0.359197911071,0.359197911071,0.359197911071,0.359197911071
550,550,0.354456861958,0.35374957827,0.353891035007,0.35374957827
