K_cap,sigma,NMI_max,NMI_min,NMI_avg,NMI_med
600,16,0.305377826317,0.30474862404,0.304874464495,0.30474862404
600,15.5,0.304738688991,0.302432683629,0.304277487918,0.304738688991
600,14.5,0.304335601256,0.304325407037,0.304333562413,0.304335601256
600,14,0.304325407037,0.304325407037,0.304325407037,0.304325407037
600,15,0.304325407037,0.304325407037,0.304325407037,0.304325407037
600,13,0.302021212828,0.302021212828,0.302021212828,0.302021212828
600,13.5,0.302021212828,0.302021212828,0.302021212828,0.302021212828
400,2.4,0.299776937862,0.299756120657,0.299760284098,0.299756120657
600,3,0.299667175462,0.299667175462,0.299667175462,0.299667175462
400,2.3,0.29941569296,0.29941569296,0.29941569296,0.29941569296
400,2.5,0.298833271688,0.298833271688,0.298833271688,0.298833271688
600,2.6,0.298185662875,0.298050317369,0.298158593774,0.298185662875
600,2.7,0.298623151646,0.298121647279,0.298221948153,0.298121647279
600,2.5,0.297654407045,0.297469306772,0.297617386991,0.297654407045
600,2.5,0.297638177358,0.297638177358,0.297638177358,0.297638177358
600,2.4,0.295473916211,0.295473916211,0.295473916211,0.295473916211
600,2.4,0.295473916211,0.295473916211,0.295473916211,0.295473916211
600,4,0.294258560717,0.294247190407,0.294249464469,0.294247190407
600,3.5,0.293773152692,0.293584491233,0.2937354204,0.293773152692
600,4.5,0.293708331528,0.293708331528,0.293708331528,0.293708331528
600,5,0.29339723421,0.29339723421,0.29339723421,0.29339723421
500,2.4,0.292923966049,0.292423547983,0.292823882436,0.292923966049
600,2.3,0.29368641701,0.292790785647,0.29296991192,0.292790785647
600,6,0.292747599001,0.292747599001,0.292747599001,0.292747599001
600,5.5,0.292668323658,0.292072385369,0.292549136,0.292668323658
500,2.5,0.292432866332,0.292432866332,0.292432866332,0.292432866332
500,2.3,0.292387594408,0.292362439688,0.292367470632,0.292362439688
600,2.3,0.292270423377,0.292270423377,0.292270423377,0.292270423377
600,6.5,0.292135661058,0.292135661058,0.292135661058,0.292135661058
600,7,0.292069018743,0.292069018743,0.292069018743,0.292069018743
600,11.5,0.291777617389,0.291777617389,0.291777617389,0.291777617389
600,11,0.291777617389,0.2917595195,0.291763139078,0.2917595195
600,12,0.291777617389,0.2917595195,0.291763139078,0.2917595195
600,10.5,0.2917595195,0.291285049657,0.291379943626,0.291285049657
600,9.5,0.291267488267,0.291267488267,0.291267488267,0.291267488267
600,10,0.291267488267,0.291267488267,0.291267488267,0.291267488267
600,8,0.290401612917,0.290385000141,0.290398290362,0.290401612917
600,7.5,0.29040033097,0.29040033097,0.29040033097,0.29040033097
600,8.5,0.290411304448,0.290348251083,0.290360861756,0.290348251083
600,12.5,0.289835661552,0.28932885689,0.28973430062,0.289835661552
600,9,0.291218004898,0.289318801173,0.289698641918,0.289318801173
600,2.2,0.288723878717,0.288723878717,0.288723878717,0.288723878717
300,2.3,0.283391047106,0.282962330715,0.283305303828,0.283391047106
300,2.4,0.282965027079,0.282965027079,0.282965027079,0.282965027079
600,2.1,0.282748643069,0.282268799204,0.282364767977,0.282268799204
300,2.5,0.28165754146,0.281647560159,0.28164955642,0.281647560159
600,1.5,0.279579764053,0.279191038815,0.279268783863,0.279191038815
600,2,0.278693208385,0.278231507375,0.278600868183,0.278693208385
250,2.4,0.265292243305,0.265292243305,0.265292243305,0.265292243305
250,2.3,0.264879719296,0.264879719296,0.264879719296,0.264879719296
250,2.5,0.266826334302,0.264815035213,0.265217295031,0.264815035213
600,1.1,0.256206313682,0.256194477575,0.256203946461,0.256206313682
200,2.3,0.247828607322,0.247559952992,0.247774876456,0.247828607322
200,2.4,0.246580625104,0.246548819022,0.246574263887,0.246580625104
200,2.5,0.245835177724,0.245835177724,0.245835177724,0.245835177724
550,2.5,0.24066208392,0.24066208392,0.24066208392,0.24066208392
550,2.4,0.239853093042,0.239853093042,0.239853093042,0.239853093042
550,2.3,0.238957417415,0.238951498669,0.238952682418,0.238951498669
550,2,0.238460132312,0.23710951044,0.238190007938,0.238460132312
550,2.6,0.239391216427,0.23833166907,0.238543578542,0.23833166907
550,2.2,0.238902999367,0.23802739528,0.238202516097,0.23802739528
550,2.1,0.237898150865,0.237859670945,0.237890454881,0.237898150865
550,2.7,0.23870214651,0.237842911772,0.23801475872,0.237842911772
550,3.5,0.236866269761,0.236127665881,0.236718548985,0.236866269761
550,3,0.236831826028,0.236750106427,0.236766450347,0.236750106427
550,4,0.227197521388,0.227197521388,0.227197521388,0.227197521388
550,6,0.225097193248,0.224126046012,0.224902963801,0.225097193248
550,6.5,0.225038055472,0.22479832805,0.224990109987,0.225038055472
550,5.5,0.224976423398,0.224632865014,0.224907711721,0.224976423398
550,4.5,0.224857588961,0.2245067561,0.224787422389,0.224857588961
550,5,0.224992887152,0.224287379186,0.224428480779,0.224287379186
550,7.5,0.225028451553,0.223946132934,0.224162596658,0.223946132934
550,9,0.224082369653,0.223685528782,0.223764896956,0.223685528782
550,7,0.22489783631,0.223598260578,0.223858175724,0.223598260578
550,11.5,0.223515003828,0.223515003828,0.223515003828,0.223515003828
550,8.5,0.223490081221,0.223490081221,0.223490081221,0.223490081221
550,1.5,0.223418731364,0.222755757886,0.223286136668,0.223418731364
550,8,0.223292528463,0.223282861348,0.22329059504,0.223292528463
550,12.5,0.223237063311,0.223237063311,0.223237063311,0.223237063311
550,13,0.223237063311,0.223237063311,0.223237063311,0.223237063311
550,14,0.223237063311,0.222827525996,0.223155155848,0.223237063311
550,11,0.223515003828,0.223226118583,0.223283895632,0.223226118583
550,12,0.223237063311,0.223105298823,0.223131651721,0.223105298823
550,10,0.223105298823,0.223048306407,0.22309390034,0.223105298823
550,13.5,0.223105298823,0.223092343213,0.223102707701,0.223105298823
550,14.5,0.223092343213,0.223092343213,0.223092343213,0.223092343213
550,15.5,0.223092343213,0.222934519745,0.223060778519,0.223092343213
550,9.5,0.223662464446,0.223011518181,0.223141707434,0.223011518181
550,16,0.222934519745,0.222934519745,0.222934519745,0.222934519745
550,10.5,0.223105298823,0.222925861089,0.222961748635,0.222925861089
550,15,0.222481334057,0.222481334057,0.222481334057,0.222481334057
550,1.1,0.217328684456,0.217328684456,0.217328684456,0.217328684456
150,2.4,0.217138528223,0.216807903604,0.216874028528,0.216807903604
500,10,0.216643289949,0.216285482487,0.216571728457,0.216643289949
500,9,0.216525655731,0.216525655731,0.216525655731,0.216525655731
500,8.5,0.216525655731,0.216460159711,0.216473258915,0.216460159711
500,5.5,0.216421154795,0.216421154795,0.216421154795,0.216421154795
500,8,0.216415818576,0.216051188362,0.216342892533,0.216415818576
500,6,0.216533165401,0.21634081669,0.216379286433,0.21634081669
500,11,0.216327450802,0.216327450802,0.216327450802,0.216327450802
500,11.5,0.216327450802,0.216327450802,0.216327450802,0.216327450802
500,12,0.216327450802,0.216305839838,0.216310162031,0.216305839838
500,13.5,0.216305839838,0.216305839838,0.216305839838,0.216305839838
500,14,0.216305839838,0.215998490219,0.216244369915,0.216305839838
500,14.5,0.216305839838,0.21625021589,0.216294715049,0.216305839838
500,15,0.216305839838,0.216305839838,0.216305839838,0.216305839838
500,9.5,0.216285482487,0.216241455012,0.216276676992,0.216285482487
500,12.5,0.216305839838,0.216266481973,0.216274353546,0.216266481973
500,13,0.216305839838,0.216266481973,0.216274353546,0.216266481973
500,16,0.216305839838,0.216266481973,0.216274353546,0.216266481973
500,15.5,0.216266481973,0.216266481973,0.216266481973,0.216266481973
150,2.3,0.216183159134,0.216183159134,0.216183159134,0.216183159134
500,6.5,0.216497225036,0.216091713218,0.216172815582,0.216091713218
500,7,0.216467821376,0.21604386032,0.216128652532,0.21604386032
500,7.5,0.216168871287,0.216015923884,0.216046513364,0.216015923884
500,4.5,0.216060396355,0.215909006958,0.215939284837,0.215909006958
500,10.5,0.216285482487,0.215885186536,0.215965245726,0.215885186536
500,4,0.215582300746,0.215224898997,0.215510820396,0.215582300746
500,5,0.216720265972,0.215562062347,0.215793703072,0.215562062347
150,2.5,0.215529107319,0.215529107319,0.215529107319,0.215529107319
500,3.5,0.2137722459,0.21031811344,0.213081419408,0.2137722459
450,2.7,0.212070610629,0.211855651183,0.21202761874,0.212070610629
450,3.5,0.211584302056,0.211584302056,0.211584302056,0.211584302056
450,3,0.211777034066,0.211318992185,0.211410600561,0.211318992185
500,3,0.210298225342,0.209661539394,0.209788876583,0.209661539394
500,1.5,0.209198589362,0.209181017356,0.209184531757,0.209181017356
500,2.1,0.208970704481,0.20727905831,0.208632375247,0.208970704481
500,2.7,0.20783864584,0.207529871756,0.207591626573,0.207529871756
500,2.2,0.207376989581,0.206716940068,0.207244979678,0.207376989581
500,2.6,0.207065492324,0.206810598474,0.207014513554,0.207065492324
450,6,0.206338642302,0.204954098499,0.206061733542,0.206338642302
450,10.5,0.206139754526,0.205905480735,0.206092899768,0.206139754526
450,12.5,0.206132762618,0.20612755392,0.206131720879,0.206132762618
450,13,0.206132762618,0.206132762618,0.206132762618,0.206132762618
450,13.5,0.206132762618,0.206132762618,0.206132762618,0.206132762618
450,14,0.206132762618,0.206132762618,0.206132762618,0.206132762618
450,15,0.206132762618,0.206132762618,0.206132762618,0.206132762618
450,15.5,0.206132762618,0.206132762618,0.206132762618,0.206132762618
450,16,0.206132762618,0.206132762618,0.206132762618,0.206132762618
450,12,0.206132762618,0.20612755392,0.206128595659,0.20612755392
450,10,0.20612755392,0.205915663553,0.206085175846,0.20612755392
450,11,0.20612755392,0.206041838042,0.206110410744,0.20612755392
500,2.4,0.206121291026,0.205626544325,0.206022341686,0.206121291026
450,8.5,0.20611559103,0.206034416499,0.206099356124,0.20611559103
450,5,0.206092208272,0.206064329057,0.206086632429,0.206092208272
450,8,0.206034416499,0.206034416499,0.206034416499,0.206034416499
450,4,0.205977035435,0.205936420193,0.205968912387,0.205977035435
450,11.5,0.206041838042,0.20597633547,0.205989435985,0.20597633547
450,14.5,0.206132762618,0.205933329864,0.205973216415,0.205933329864
450,9.5,0.206041838042,0.205915663553,0.205940898451,0.205915663553
450,9,0.206058401543,0.205852096674,0.205893357648,0.205852096674
500,1.1,0.205851065607,0.205231339154,0.205727120317,0.205851065607
450,4.5,0.206097157776,0.205777215353,0.205841203838,0.205777215353
500,2.3,0.205771372902,0.2057306135,0.205763221022,0.205771372902
450,5.5,0.207347762801,0.205715631791,0.206042057993,0.205715631791
450,6.5,0.205406523199,0.204917178507,0.205308654261,0.205406523199
500,2.5,0.205544120853,0.205229982605,0.205292810255,0.205229982605
450,7,0.205340573196,0.20508367066,0.205135051167,0.20508367066
450,7.5,0.204950929752,0.204950929752,0.204950929752,0.204950929752
450,2.6,0.20447676077,0.20349090665,0.203688077474,0.20349090665
450,2.5,0.199717522692,0.197732515561,0.198129516987,0.197732515561
450,2.4,0.197296488709,0.197296488709,0.197296488709,0.197296488709
450,2.3,0.196062723877,0.195891652846,0.19602850967,0.196062723877
500,2,0.195563398665,0.195428488394,0.195455470448,0.195428488394
450,2.2,0.194916812904,0.194916812904,0.194916812904,0.194916812904
450,2.1,0.192535345241,0.192535345241,0.192535345241,0.192535345241
450,2,0.19244659042,0.191807533438,0.192318779024,0.19244659042
450,1.5,0.190776723332,0.1906225604,0.190653392986,0.1906225604
450,1.1,0.186188053273,0.185694393627,0.186089321344,0.186188053273
400,15.5,0.185973649262,0.184778766467,0.185734672703,0.185973649262
400,16,0.185623664174,0.185610417843,0.185621014908,0.185623664174
400,11.5,0.185063964827,0.184528571405,0.184956886143,0.185063964827
400,13,0.185100160229,0.184859241617,0.184907425339,0.184859241617
400,15,0.184941809579,0.184859241617,0.184875755209,0.184859241617
400,8,0.184830289319,0.184542206199,0.184772672695,0.184830289319
400,12.5,0.185100160229,0.184528571405,0.18464288917,0.184528571405
400,8.5,0.184523622208,0.184523622208,0.184523622208,0.184523622208
400,9,0.184523622208,0.184523622208,0.184523622208,0.184523622208
400,10,0.184523622208,0.184523622208,0.184523622208,0.184523622208
400,9.5,0.184492349858,0.184492349858,0.184492349858,0.184492349858
400,11,0.184492349858,0.184492349858,0.184492349858,0.184492349858
400,12,0.184492349858,0.184492349858,0.184492349858,0.184492349858
400,14.5,0.185272723726,0.184378164596,0.184557076422,0.184378164596
400,7.5,0.184165758401,0.184161435356,0.184164893792,0.184165758401
400,13.5,0.185466200189,0.184164714703,0.1844250118,0.184164714703
400,14,0.185172762772,0.184164714703,0.184366324317,0.184164714703
400,10.5,0.184492349858,0.184164714703,0.184230241734,0.184164714703
400,7,0.184164207284,0.18408783556,0.184148932939,0.184164207284
400,6.5,0.184108361929,0.184108361929,0.184108361929,0.184108361929
400,6,0.184082512287,0.184082512287,0.184082512287,0.184082512287
76,2.3,0.178207272288,0.177831628891,0.17790675757,0.177831628891
400,5,0.17778265249,0.177557312276,0.177737584447,0.17778265249
400,4.5,0.177766280245,0.177766280245,0.177766280245,0.177766280245
400,5.5,0.177697189095,0.177697189095,0.177697189095,0.177697189095
400,2.2,0.177546838328,0.172698318157,0.176577134294,0.177546838328
400,2,0.177436253273,0.177250902709,0.17739918316,0.177436253273
400,2.3,0.177411216594,0.177411216594,0.177411216594,0.177411216594
400,2.1,0.17558962858,0.175482111856,0.175503615201,0.175482111856
80,2.3,0.176289772952,0.175383423838,0.17556469366,0.175383423838
76,2.4,0.175321295726,0.173337678503,0.174924572281,0.175321295726
80,2.4,0.17523089805,0.174981706689,0.175031544961,0.174981706689
80,2.5,0.174802672168,0.174595645736,0.174761266881,0.174802672168
76,2.5,0.172987980772,0.172450657883,0.17255812246,0.172450657883
400,2.4,0.172010858024,0.172010858024,0.172010858024,0.172010858024
400,2.5,0.171450404837,0.171450404837,0.171450404837,0.171450404837
400,1.5,0.171456303703,0.171374997686,0.171391258889,0.171374997686
400,4,0.171330387158,0.171330387158,0.171330387158,0.171330387158
400,3.5,0.171243947478,0.171243947478,0.171243947478,0.171243947478
400,2.7,0.170798427884,0.170438923145,0.170726526936,0.170798427884
400,2.6,0.170845138309,0.170653354318,0.170691711116,0.170653354318
71,2.4,0.170445713799,0.168645932173,0.170085757474,0.170445713799
400,3,0.170408069327,0.170408069327,0.170408069327,0.170408069327
71,2.5,0.170898565035,0.1702566746,0.170385052687,0.1702566746
71,2.3,0.168040414406,0.167930124463,0.167952182451,0.167930124463
400,1.1,0.164130143633,0.164130143633,0.164130143633,0.164130143633
300,1.1,0.160916084717,0.160916084717,0.160916084717,0.160916084717
300,2.2,0.158765440626,0.158388833012,0.158690119103,0.158765440626
300,2.1,0.158874039453,0.158608204879,0.158661371794,0.158608204879
300,2.3,0.158593288104,0.158587870273,0.158588953839,0.158587870273
300,2.6,0.158401135093,0.158295047187,0.158379917512,0.158401135093
300,1.5,0.158377183866,0.158258364022,0.158353419897,0.158377183866
300,2.5,0.158273105059,0.158085508887,0.158235585824,0.158273105059
300,5,0.158226297679,0.158226297679,0.158226297679,0.158226297679
300,2.4,0.158193538095,0.158193538095,0.158193538095,0.158193538095
300,4.5,0.158184656977,0.158133309091,0.1581743874,0.158184656977
300,5.5,0.158061332073,0.158038001645,0.158056665987,0.158061332073
300,2,0.158834022555,0.158054251107,0.158210205396,0.158054251107
300,4,0.158050085454,0.157758221578,0.157991712678,0.158050085454
300,2.7,0.157882451838,0.157870638689,0.157873001319,0.157870638689
300,3.5,0.158146868733,0.157680386131,0.157773682651,0.157680386131
300,3,0.157810137713,0.157673482287,0.157700813372,0.157673482287
300,6,0.157507942993,0.154571021848,0.156920558764,0.157507942993
300,13.5,0.156424302451,0.155932835496,0.15632600906,0.156424302451
350,2.2,0.156395883871,0.15589109321,0.156294925739,0.156395883871
350,2.1,0.156407800715,0.156293831127,0.156316625044,0.156293831127
300,15,0.156227480908,0.154581029373,0.155898190601,0.156227480908
300,16,0.156227480908,0.154919815987,0.155965947924,0.156227480908
300,11.5,0.156145103039,0.153973685522,0.155710819535,0.156145103039
350,10.5,0.155999780688,0.155303577967,0.155860540144,0.155999780688
350,14,0.155926185835,0.15567858045,0.155876664758,0.155926185835
300,8,0.155912262227,0.154878242714,0.155705458324,0.155912262227
350,2,0.155776975045,0.155603209916,0.155742222019,0.155776975045
350,10,0.15575872278,0.155303577967,0.155667693817,0.15575872278
350,15.5,0.15575872278,0.15567858045,0.155742694314,0.15575872278
350,2.5,0.155726337454,0.155726337454,0.155726337454,0.155726337454
350,12,0.15567858045,0.155511337037,0.155645131768,0.15567858045
350,13,0.15567858045,0.155508212386,0.155644506837,0.15567858045
350,13.5,0.15567858045,0.155511337037,0.155645131768,0.15567858045
350,9,0.155608164363,0.15547073718,0.155580678927,0.155608164363
350,5.5,0.155571844107,0.155571844107,0.155571844107,0.155571844107
350,3,0.158235933659,0.155534697769,0.156074944947,0.155534697769
350,12.5,0.157954927168,0.155511337037,0.156000055063,0.155511337037
350,11.5,0.15575872278,0.155511337037,0.155560814186,0.155511337037
350,14.5,0.155511337037,0.155511337037,0.155511337037,0.155511337037
350,15,0.155511337037,0.15531394046,0.155471857722,0.155511337037
350,16,0.155511337037,0.155508212386,0.155510712107,0.155511337037
350,8.5,0.155608164363,0.15547073718,0.155498222617,0.15547073718
350,9.5,0.15547073718,0.155303577967,0.155437305337,0.15547073718
350,6,0.155442439081,0.15542712037,0.155439375339,0.155442439081
350,6.5,0.15542712037,0.15542712037,0.15542712037,0.15542712037
350,2.4,0.155727723271,0.15540807722,0.15547200643,0.15540807722
350,11,0.155926185835,0.155399818066,0.15550509162,0.155399818066
300,9.5,0.155397208608,0.154043128954,0.155126392677,0.155397208608
300,12,0.155397208608,0.155397208608,0.155397208608,0.155397208608
300,12.5,0.155397208608,0.154786763004,0.155275119487,0.155397208608
300,7.5,0.155381642025,0.154715945245,0.155248502669,0.155381642025
350,2.3,0.155333149777,0.15504883831,0.155276287484,0.155333149777
350,7,0.15542712037,0.155331120096,0.155350320151,0.155331120096
350,7.5,0.155581390839,0.155318212603,0.15537084825,0.155318212603
350,3.5,0.155311274568,0.155311274568,0.155311274568,0.155311274568
350,8,0.155318212603,0.155303577967,0.155306504894,0.155303577967
350,2.7,0.155722890511,0.155251982181,0.155346163847,0.155251982181
300,6.5,0.155969106835,0.155201967281,0.155355395191,0.155201967281
350,2.6,0.155801292025,0.155140946511,0.155273015613,0.155140946511
300,14.5,0.155123511428,0.154904486483,0.154948291472,0.154904486483
350,4,0.155294421317,0.154880811681,0.154963533608,0.154880811681
300,10,0.156089213434,0.154878242714,0.155120436858,0.154878242714
300,10.5,0.154877064782,0.154091326504,0.154719917126,0.154877064782
350,4.5,0.155131030171,0.154865042937,0.154918240384,0.154865042937
300,7,0.154846411315,0.153952830734,0.154667695199,0.154846411315
300,11,0.154821940567,0.154821940567,0.154821940567,0.154821940567
300,8.5,0.154818964176,0.153853300357,0.154625831412,0.154818964176
300,15.5,0.154794649784,0.154786763004,0.154793072428,0.154794649784
300,14,0.154853797921,0.154659292976,0.154698193965,0.154659292976
350,5,0.155201960546,0.154591062877,0.154713242411,0.154591062877
300,9,0.154267909773,0.154016958533,0.154217719525,0.154267909773
300,13,0.154134078575,0.154065151581,0.15407893698,0.154065151581
350,1.5,0.151582803769,0.151582803769,0.151582803769,0.151582803769
250,1.1,0.138113954534,0.137692123111,0.13802958825,0.138113954534
240,1.1,0.137935851652,0.137367647923,0.137822210907,0.137935851652
250,6,0.136953216473,0.133498467919,0.136262266762,0.136953216473
240,2.1,0.136537789633,0.136352591667,0.136500750039,0.136537789633
240,2.3,0.136403841748,0.136219048715,0.136366883141,0.136403841748
240,2,0.136332786619,0.136332786619,0.136332786619,0.136332786619
240,2.2,0.136869434464,0.136314261922,0.13642529643,0.136314261922
240,2.4,0.136245537313,0.135588830204,0.136114195891,0.136245537313
240,2.7,0.136065928526,0.135163868119,0.135885516444,0.136065928526
240,1.5,0.136907592698,0.13601107777,0.136190380755,0.13601107777
240,12,0.135910927232,0.134638025996,0.135656346985,0.135910927232
240,7.5,0.135829010199,0.135059403616,0.135675088882,0.135829010199
240,5,0.135721882227,0.134964483287,0.135570402439,0.135721882227
250,1.5,0.136425471752,0.1356150012,0.13577709531,0.1356150012
240,2.5,0.13611066913,0.135543156248,0.135656658824,0.135543156248
220,11,0.13547835423,0.134947211151,0.135372125614,0.13547835423
220,1.5,0.135408533085,0.135140999372,0.135355026342,0.135408533085
220,5,0.135308584175,0.135226774796,0.135292222299,0.135308584175
240,2.6,0.136065928526,0.135270718017,0.135429760119,0.135270718017
220,10.5,0.135233417144,0.135225890847,0.135231911884,0.135233417144
220,6,0.135201533401,0.135194442605,0.135200115242,0.135201533401
220,7,0.135201533401,0.134859754324,0.135133177586,0.135201533401
220,16,0.135373261801,0.135195337106,0.135230922045,0.135195337106
220,10,0.135195337106,0.134915600439,0.135139389773,0.135195337106
220,13.5,0.135189883044,0.135004167823,0.135152739999,0.135189883044
220,9,0.135162552129,0.134909157949,0.135111873293,0.135162552129
220,13,0.135162552129,0.135004167823,0.135130875268,0.135162552129
220,8,0.135157896718,0.135150353333,0.135156388041,0.135157896718
220,14.5,0.135132184546,0.134947211151,0.135095189867,0.135132184546
240,4.5,0.135106774658,0.134544063792,0.134994232485,0.135106774658
250,2.2,0.135081655938,0.135081655938,0.135081655938,0.135081655938
220,4.5,0.135193909122,0.135038192389,0.135069335736,0.135038192389
240,3,0.134993483472,0.134859606068,0.134966707992,0.134993483472
240,3.5,0.134953080073,0.134929348166,0.134948333692,0.134953080073
220,9.5,0.135191999651,0.134947211151,0.134996168851,0.134947211151
220,15,0.135004167823,0.134947211151,0.134958602485,0.134947211151
220,8.5,0.134947211151,0.13493962284,0.134945693489,0.134947211151
220,12.5,0.134947211151,0.134915600439,0.134940889009,0.134947211151
220,14,0.134947211151,0.134909157949,0.13493960051,0.134947211151
220,6.5,0.135227289108,0.134925086058,0.134985526668,0.134925086058
220,11.5,0.135444161235,0.134915600439,0.135021312598,0.134915600439
220,12,0.134915600439,0.134915600439,0.134915600439,0.134915600439
220,15.5,0.135225890847,0.134909157949,0.134972504529,0.134909157949
240,4,0.134886445292,0.134679191723,0.134844994578,0.134886445292
220,2.4,0.134884537221,0.133594471371,0.134626524051,0.134884537221
220,4,0.134844300486,0.134576220197,0.134790684428,0.134844300486
240,6,0.13482240618,0.134671039874,0.134792132919,0.13482240618
240,8.5,0.13482240618,0.134671039874,0.134792132919,0.13482240618
240,9.5,0.13482240618,0.134707009308,0.134799326806,0.13482240618
240,11,0.13482240618,0.134707009308,0.134799326806,0.13482240618
240,14.5,0.13482240618,0.13482240618,0.13482240618,0.13482240618
240,15.5,0.13482240618,0.13468056459,0.134794037862,0.13482240618
220,5.5,0.135045731129,0.134804984942,0.134853134179,0.134804984942
240,15,0.134891987011,0.134779839439,0.134802268953,0.134779839439
240,7,0.134779839439,0.134779839439,0.134779839439,0.134779839439
240,10,0.134779839439,0.134653066679,0.134754484887,0.134779839439
240,16,0.134779839439,0.134638025996,0.13475147675,0.134779839439
240,5.5,0.135152974608,0.134746423403,0.134827733644,0.134746423403
220,2,0.134743184185,0.134231405106,0.134640828369,0.134743184185
240,14,0.134707009308,0.134638025996,0.134693212646,0.134707009308
250,11.5,0.134706038427,0.133814175534,0.134527665848,0.134706038427
220,3,0.134690055466,0.13447559619,0.134647163611,0.134690055466
240,13.5,0.135942660025,0.13468056459,0.134932983677,0.13468056459
220,7.5,0.13494911696,0.134672763696,0.134728034349,0.134672763696
240,9,0.135824189211,0.134671039874,0.134901669741,0.134671039874
240,8,0.13482240618,0.134671039874,0.134701313135,0.134671039874
240,6.5,0.134779839439,0.134671039874,0.134692799787,0.134671039874
240,13,0.134779839439,0.134671039874,0.134692799787,0.134671039874
240,10.5,0.134671039874,0.134671039874,0.134671039874,0.134671039874
250,9.5,0.134663408625,0.133892995888,0.134509326078,0.134663408625
220,2.6,0.134685179546,0.134657265227,0.134662848091,0.134657265227
240,11.5,0.136005752492,0.134638025996,0.134911571295,0.134638025996
250,2.3,0.134496249343,0.13446553418,0.134471677213,0.13446553418
250,2.4,0.134451041858,0.133918382602,0.134344510007,0.134451041858
220,3.5,0.134525745071,0.134431559089,0.134450396286,0.134431559089
240,12.5,0.13482240618,0.134381223729,0.134469460219,0.134381223729
250,2,0.134585530297,0.134369143292,0.134412420693,0.134369143292
250,2.1,0.135160464339,0.134182148402,0.134377811589,0.134182148402
250,7,0.134139402083,0.133858590897,0.134083239845,0.134139402083
250,6.5,0.134617544814,0.134129694446,0.134227264519,0.134129694446
250,2.5,0.13406086215,0.133979597355,0.134044609191,0.13406086215
220,2.2,0.134255672544,0.134030206194,0.134075299464,0.134030206194
250,4,0.134004328812,0.133147579251,0.1338329789,0.134004328812
220,2.1,0.133976709432,0.133960831111,0.133964006775,0.133960831111
250,8,0.133919248587,0.133814175534,0.133898233977,0.133919248587
250,10,0.133919248587,0.133814175534,0.133898233977,0.133919248587
250,12.5,0.133919248587,0.133919248587,0.133919248587,0.133919248587
250,2.6,0.133861833253,0.133853622929,0.133855264994,0.133853622929
250,14.5,0.13383064432,0.133814175534,0.133827350563,0.13383064432
250,16,0.134479181954,0.133814175534,0.133947176818,0.133814175534
250,8.5,0.133919248587,0.133814175534,0.133835190144,0.133814175534
250,9,0.133814175534,0.133814175534,0.133814175534,0.133814175534
250,10.5,0.133814175534,0.133814175534,0.133814175534,0.133814175534
250,11,0.133814175534,0.133814175534,0.133814175534,0.133814175534
250,12,0.133814175534,0.133814175534,0.133814175534,0.133814175534
250,13,0.133814175534,0.133814175534,0.133814175534,0.133814175534
250,15.5,0.133814175534,0.133814175534,0.133814175534,0.133814175534
250,7.5,0.133854856468,0.133778602958,0.13379385366,0.133778602958
250,13.5,0.133814175534,0.13376204941,0.133772474635,0.13376204941
250,14,0.133814175534,0.13376204941,0.133772474635,0.13376204941
250,15,0.133814175534,0.13376204941,0.133772474635,0.13376204941
220,2.7,0.133754706873,0.133664754184,0.133682744722,0.133664754184
250,2.7,0.133594378516,0.133594378516,0.133594378516,0.133594378516
250,5.5,0.137647373208,0.133486334094,0.134318541917,0.133486334094
250,5,0.137624686723,0.133486334094,0.13431400462,0.133486334094
220,2.3,0.133479070994,0.133479070994,0.133479070994,0.133479070994
250,3,0.133452117322,0.133396680039,0.133441029865,0.133452117322
220,2.5,0.134662368682,0.133449579324,0.133692137196,0.133449579324
250,4.5,0.133402171432,0.133402171432,0.133402171432,0.133402171432
220,1.1,0.133505894507,0.133382456622,0.133407144199,0.133382456622
250,3.5,0.132996430797,0.132996430797,0.132996430797,0.132996430797
270,6,0.132232328784,0.132232328784,0.132232328784,0.132232328784
270,7,0.132232328784,0.132232328784,0.132232328784,0.132232328784
270,7.5,0.132026558738,0.131891845987,0.131999616188,0.132026558738
270,8,0.132026558738,0.132026558738,0.132026558738,0.132026558738
270,8.5,0.132026558738,0.132026558738,0.132026558738,0.132026558738
270,10,0.131998948124,0.131334636604,0.13186608582,0.131998948124
270,11.5,0.131998948124,0.131998948124,0.131998948124,0.131998948124
270,12,0.131998948124,0.131998948124,0.131998948124,0.131998948124
270,12.5,0.131998948124,0.131998948124,0.131998948124,0.131998948124
270,13,0.131998948124,0.131998948124,0.131998948124,0.131998948124
270,13.5,0.131998948124,0.131998948124,0.131998948124,0.131998948124
270,14,0.131998948124,0.131998948124,0.131998948124,0.131998948124
270,14.5,0.131998948124,0.131998948124,0.131998948124,0.131998948124
270,15,0.131998948124,0.131998948124,0.131998948124,0.131998948124
270,15.5,0.131998948124,0.131998948124,0.131998948124,0.131998948124
270,16,0.131998948124,0.131998948124,0.131998948124,0.131998948124
270,11,0.131998948124,0.131853160639,0.131882318136,0.131853160639
270,2.1,0.131743581369,0.131743581369,0.131743581369,0.131743581369
270,3,0.131709958596,0.131709958596,0.131709958596,0.131709958596
270,5,0.13164760611,0.13164760611,0.13164760611,0.13164760611
270,3.5,0.131624357906,0.131612433231,0.131614818166,0.131612433231
270,1.5,0.131597623427,0.131597623427,0.131597623427,0.131597623427
270,2.3,0.13159329996,0.13159329996,0.13159329996,0.13159329996
270,2.4,0.13159329996,0.13159329996,0.13159329996,0.13159329996
270,6.5,0.132232328784,0.131567659348,0.131700593235,0.131567659348
270,5.5,0.131567659348,0.131567659348,0.131567659348,0.131567659348
270,2.6,0.131546989096,0.131546989096,0.131546989096,0.131546989096
270,2.7,0.131546989096,0.131546989096,0.131546989096,0.131546989096
270,2.2,0.131517084168,0.131503864148,0.131514440164,0.131517084168
270,4.5,0.13164760611,0.131516348703,0.131542600185,0.131516348703
270,2.5,0.131477741667,0.131477741667,0.131477741667,0.131477741667
270,4,0.131437073122,0.131437073122,0.131437073122,0.131437073122
270,2,0.131423522681,0.131423522681,0.131423522681,0.131423522681
270,9,0.131998948124,0.131334636604,0.131467498908,0.131334636604
270,10.5,0.131853160639,0.131334636604,0.131438341411,0.131334636604
270,9.5,0.131334636604,0.131334636604,0.131334636604,0.131334636604
200,1.5,0.130787633134,0.130408510795,0.130484335263,0.130408510795
350,1.1,0.13044682677,0.130322652304,0.130347487197,0.130322652304
200,2,0.1302414664,0.128989776417,0.129240114414,0.128989776417
200,2.3,0.128735510471,0.126692288951,0.128326866167,0.128735510471
200,2.1,0.128942669549,0.12841552319,0.128520952462,0.12841552319
200,2.2,0.12841552319,0.128188873931,0.128234203782,0.128188873931
200,3,0.128261998676,0.128044276193,0.12808782069,0.128044276193
200,4,0.127706088655,0.127706088655,0.127706088655,0.127706088655
200,3.5,0.127622079633,0.127355242703,0.127568712247,0.127622079633
200,10,0.127512348727,0.127406863245,0.127491251631,0.127512348727
200,10.5,0.127512329575,0.127345876942,0.127479039048,0.127512329575
200,14,0.127476957404,0.127303967311,0.127442359386,0.127476957404
200,4.5,0.127447268414,0.127447268414,0.127447268414,0.127447268414
200,13.5,0.127442185426,0.127339162527,0.127421580846,0.127442185426
200,11.5,0.127409277164,0.127406863245,0.12740879438,0.127409277164
200,12.5,0.127406863245,0.127303967311,0.127386284059,0.127406863245
200,14.5,0.127406863245,0.127345876942,0.127394665985,0.127406863245
200,15,0.127406863245,0.127302170114,0.127385924619,0.127406863245
200,5,0.127391988036,0.127391988036,0.127391988036,0.127391988036
200,6,0.127391988036,0.126845312379,0.127282652905,0.127391988036
200,2.4,0.127365695591,0.126767666621,0.127246089797,0.127365695591
200,9,0.127356686606,0.127339162527,0.12735318179,0.127356686606
200,16,0.127345876942,0.127232022321,0.127323106018,0.127345876942
200,9.5,0.127512348727,0.127339162527,0.127373799767,0.127339162527
200,6.5,0.127356686606,0.127321939792,0.127328889155,0.127321939792
200,8,0.127356686606,0.127303967311,0.12731451117,0.127303967311
200,2.7,0.128170268499,0.127100643122,0.127314568197,0.127100643122
200,11,0.127303967311,0.127090452445,0.127133155418,0.127090452445
200,8.5,0.127090452445,0.126915363354,0.127055434627,0.127090452445
200,5.5,0.127391988036,0.126957178171,0.127044140144,0.126957178171
200,2.6,0.126984508979,0.126947180192,0.126954645949,0.126947180192
200,2.5,0.126955017195,0.126947180192,0.126948747593,0.126947180192
200,7,0.126915363354,0.126915363354,0.126915363354,0.126915363354
200,15.5,0.12694803402,0.126845312379,0.126865856707,0.126845312379
200,1.1,0.126020726706,0.125997210538,0.126016023473,0.126020726706
200,12,0.127406863245,0.125360199333,0.125769532116,0.125360199333
200,13,0.127090452445,0.125140084259,0.125530157896,0.125140084259
200,7.5,0.127303967311,0.124746216881,0.125257766967,0.124746216881
180,1.1,0.115738355277,0.115738355277,0.115738355277,0.115738355277
270,1.1,0.114032623822,0.114032623822,0.114032623822,0.114032623822
180,2.5,0.113696324942,0.113673154806,0.113691690915,0.113696324942
180,2.2,0.113476034977,0.113105914629,0.113402010907,0.113476034977
180,2.4,0.113285095882,0.113285095882,0.113285095882,0.113285095882
180,2.1,0.113668641312,0.11312938247,0.113237234238,0.11312938247
180,2.3,0.113105914629,0.113105914629,0.113105914629,0.113105914629
180,2,0.11312938247,0.113063178315,0.113076419146,0.113063178315
180,2.7,0.113049384531,0.113049384531,0.113049384531,0.113049384531
180,2.6,0.113106997961,0.113044207032,0.113056765218,0.113044207032
180,3,0.114767779004,0.112977718926,0.113335730941,0.112977718926
180,4,0.112871048551,0.112860857626,0.112862895811,0.112860857626
180,3.5,0.114767779004,0.112813770202,0.113204571963,0.112813770202
180,1.5,0.112813705303,0.112813705303,0.112813705303,0.112813705303
180,10,0.112761820757,0.112328532432,0.112675163092,0.112761820757
180,13.5,0.112761820757,0.112328532432,0.112675163092,0.112761820757
180,16,0.112761820757,0.112328532432,0.112675163092,0.112761820757
180,4.5,0.112716783355,0.112716783355,0.112716783355,0.112716783355
180,7,0.112761820757,0.112709744934,0.112720160098,0.112709744934
180,13,0.112609728304,0.112386758212,0.112565134286,0.112609728304
180,7.5,0.11259250938,0.112328532432,0.11253971399,0.11259250938
180,12.5,0.112556732401,0.112328532432,0.112511092408,0.112556732401
180,14.5,0.112609728304,0.112386758212,0.11243135223,0.112386758212
180,15.5,0.11239701004,0.112386758212,0.112388808577,0.112386758212
180,8.5,0.112386758212,0.112328532432,0.112375113056,0.112386758212
180,6,0.112871048551,0.112328532432,0.112437035656,0.112328532432
180,6.5,0.112709744934,0.112328532432,0.112404774932,0.112328532432
180,9.5,0.112556732401,0.112328532432,0.112374172426,0.112328532432
180,8,0.112386758212,0.112328532432,0.112340177588,0.112328532432
180,11.5,0.112386758212,0.112328532432,0.112340177588,0.112328532432
180,5,0.112328532432,0.112328532432,0.112328532432,0.112328532432
180,5.5,0.112328532432,0.112328532432,0.112328532432,0.112328532432
180,9,0.112328532432,0.112328532432,0.112328532432,0.112328532432
180,11,0.112328532432,0.112328532432,0.112328532432,0.112328532432
180,14,0.112328532432,0.112328532432,0.112328532432,0.112328532432
180,12,0.112386758212,0.112082132946,0.112143057999,0.112082132946
180,10.5,0.112328532432,0.112082132946,0.112131412843,0.112082132946
180,15,0.112556732401,0.111928709029,0.112054313704,0.111928709029
160,3.5,0.102788256679,0.102366997425,0.102704004828,0.102788256679
160,4.5,0.101981719722,0.1014409806,0.101873571898,0.101981719722
160,15.5,0.101844315728,0.10109269908,0.101693992399,0.101844315728
160,4,0.102244273504,0.101789815368,0.101880706995,0.101789815368
160,5,0.101728943811,0.101567289804,0.10169661301,0.101728943811
160,6.5,0.101790962112,0.101677207428,0.101699958365,0.101677207428
160,7,0.101677207428,0.10078718212,0.101499202366,0.101677207428
160,9.5,0.101602958882,0.100899514691,0.101462270044,0.101602958882
160,5.5,0.101569531953,0.101492876454,0.101554200853,0.101569531953
160,15,0.10211162381,0.101565739212,0.101674916131,0.101565739212
160,11,0.101565739212,0.10109269908,0.101471131185,0.101565739212
160,11.5,0.101565739212,0.101362122429,0.101525015855,0.101565739212
160,13,0.101565739212,0.101565739212,0.101565739212,0.101565739212
160,14,0.101565739212,0.101565739212,0.101565739212,0.101565739212
160,7.5,0.101502013828,0.101502013828,0.101502013828,0.101502013828
160,10,0.101462546294,0.101177729204,0.101405582876,0.101462546294
160,12,0.101677207428,0.101177729204,0.101277624849,0.101177729204
160,8,0.101389545472,0.101107048056,0.101163547539,0.101107048056
160,12.5,0.101677207428,0.100899514691,0.101055053238,0.100899514691
160,13.5,0.101565739212,0.100899514691,0.101032759595,0.100899514691
160,9,0.101462546294,0.100899514691,0.101012121012,0.100899514691
160,8.5,0.101421291,0.100899514691,0.101003869953,0.100899514691
160,14.5,0.101177729204,0.100899514691,0.100955157594,0.100899514691
160,16,0.101565739212,0.100814530407,0.100964772168,0.100814530407
160,10.5,0.10133291867,0.100814530407,0.100918208059,0.100814530407
160,6,0.101564689136,0.10078718212,0.100942683523,0.10078718212
160,1.5,0.0994607501974,0.0994607501974,0.0994607501974,0.0994607501974
160,2.6,0.0989157788235,0.0989157788235,0.0989157788235,0.0989157788235
160,2.7,0.0990000118269,0.0988852146852,0.0989081741136,0.0988852146852
160,2.5,0.0988852146852,0.0988852146852,0.0988852146852,0.0988852146852
160,2.3,0.0988321481663,0.0988321481663,0.0988321481663,0.0988321481663
160,2.4,0.098783527101,0.098783527101,0.098783527101,0.098783527101
160,3,0.098773880719,0.0986281130501,0.0987447271852,0.098773880719
160,2.1,0.0985921986313,0.0985921986313,0.0985921986313,0.0985921986313
160,2,0.0985702399998,0.0985702399998,0.0985702399998,0.0985702399998
160,2.2,0.0985608339729,0.0985608339729,0.0985608339729,0.0985608339729
150,3,0.0947414411433,0.0924270205662,0.0942785570279,0.0947414411433
150,2.1,0.0944107874935,0.0939717681331,0.0943229836214,0.0944107874935
150,2.2,0.0947530823911,0.0942854671687,0.0943789902132,0.0942854671687
150,2,0.094297761097,0.0942370674866,0.0942492062087,0.0942370674866
150,2.6,0.094208759896,0.0939029873207,0.0941476053809,0.094208759896
150,2.4,0.094208588796,0.0911778391406,0.093602438865,0.094208588796
160,1.1,0.0941543047216,0.0938699299089,0.094097429759,0.0941543047216
150,2.7,0.0951769130316,0.0937570842184,0.0940410499811,0.0937570842184
150,2.5,0.0946784862307,0.0933639583971,0.0936268639638,0.0933639583971
150,3.5,0.0937737038024,0.0933320536605,0.0934203836889,0.0933320536605
150,11,0.0933172435311,0.0915534487168,0.0929644845682,0.0933172435311
150,8.5,0.0932919001819,0.0918200265713,0.0929975254598,0.0932919001819
150,13,0.0930316516228,0.0914064299478,0.0927066072878,0.0930316516228
150,5,0.09385474283,0.0929732981224,0.0931495870639,0.0929732981224
150,4,0.0929434480607,0.0922554540173,0.092805849252,0.0929434480607
150,1.1,0.0928241599827,0.0890990613019,0.0920791402466,0.0928241599827
150,14,0.0928099533773,0.0917249926138,0.0925929612246,0.0928099533773
150,13.5,0.0927566260938,0.0919741782989,0.0926001365348,0.0927566260938
150,10.5,0.0926859654902,0.0923029781567,0.0926093680235,0.0926859654902
150,1.5,0.0926852284522,0.0925328876742,0.0926547602966,0.0926852284522
150,5.5,0.0934835984633,0.0926757090115,0.0928372869019,0.0926757090115
150,6.5,0.0925700422658,0.0924887350767,0.0925537808279,0.0925700422658
150,4.5,0.0933857065917,0.0924860877422,0.0926660115121,0.0924860877422
150,6,0.092341588387,0.0922022834978,0.0923137274092,0.092341588387
150,16,0.0922568082486,0.09161872947,0.0921291924929,0.0922568082486
150,14.5,0.0921789843714,0.0916819463065,0.0920795767584,0.0921789843714
150,15,0.0920909501588,0.0919098789007,0.0920547359072,0.0920909501588
150,12,0.0920263796852,0.0909351487269,0.0918081334935,0.0920263796852
150,11.5,0.0921452186964,0.0918473745108,0.0919069433479,0.0918473745108
150,8,0.0918254423623,0.0917630812907,0.091812970148,0.0918254423623
150,12.5,0.0918406347467,0.0917955356474,0.0918045554672,0.0917955356474
150,10,0.0917607092266,0.0915032207412,0.0917092115295,0.0917607092266
150,9.5,0.0916485196637,0.0915154507858,0.0915420645614,0.0915154507858
150,15.5,0.0914057103342,0.0913792492016,0.0913845414282,0.0913792492016
150,7.5,0.092254782582,0.0913551700547,0.0915350925602,0.0913551700547
150,7,0.0924330968036,0.0912644520182,0.0914981809753,0.0912644520182
150,9,0.0916360058236,0.0912568840387,0.0913327083957,0.0912568840387
150,2.3,0.0942519463239,0.0911443222827,0.091765847091,0.0911443222827
140,2.1,0.0865794103862,0.0865235283511,0.0865347047581,0.0865235283511
140,3,0.0861282381947,0.0855410518283,0.0860108009214,0.0861282381947
140,13,0.0861170850156,0.0844096318551,0.0857755943835,0.0861170850156
140,1.5,0.0860711014998,0.0859639227937,0.0860496657586,0.0860711014998
140,5,0.0859317326411,0.0858238602388,0.0859101581607,0.0859317326411
140,4,0.0858782085131,0.0850005258051,0.0857026719715,0.0858782085131
140,12.5,0.0858300509901,0.0855651654627,0.0857770738846,0.0858300509901
140,4.5,0.0857927523391,0.0855433886699,0.0857428796052,0.0857927523391
135,2.4,0.0856382585001,0.0850000139157,0.0855106095832,0.0856382585001
140,2.2,0.0856019125968,0.0852430602879,0.085530142135,0.0856019125968
140,2,0.0855583216027,0.0850350529369,0.0854536678696,0.0855583216027
140,10.5,0.0855275225436,0.0847361417239,0.0853692463797,0.0855275225436
140,7,0.0855245546391,0.0844491789615,0.0853094795036,0.0855245546391
140,6,0.0855174166509,0.0851679767081,0.0854475286623,0.0855174166509
140,14,0.0853994162981,0.0852715868794,0.0853738504143,0.0853994162981
140,2.7,0.0853695418754,0.0849618945745,0.0852880124153,0.0853695418754
140,2.5,0.0853570640178,0.0852736676175,0.0853403847377,0.0853570640178
140,12,0.0852737331946,0.0852055201966,0.085260090595,0.0852737331946
140,2.3,0.0867083423965,0.0852736676175,0.0855606025733,0.0852736676175
140,8,0.0852588851908,0.0835787376431,0.0849228556813,0.0852588851908
140,9,0.0852067414877,0.0830432515557,0.0847740435013,0.0852067414877
140,3.5,0.0857205424594,0.0851246656755,0.0852438410323,0.0851246656755
140,9.5,0.0850296424927,0.0832023541092,0.084664184816,0.0850296424927
140,2.6,0.0867805064223,0.0848323669784,0.0852219948672,0.0848323669784
140,7.5,0.0847665769336,0.0833693172136,0.0844871249896,0.0847665769336
140,14.5,0.0847572284278,0.0847313075244,0.0847520442471,0.0847572284278
135,13,0.0846848600037,0.0843528773231,0.0846184634676,0.0846848600037
135,14.5,0.0846848600037,0.0835859090159,0.0844650698061,0.0846848600037
135,12,0.0846364176865,0.0840194380744,0.0845130217641,0.0846364176865
140,2.4,0.0854954640136,0.0846076908545,0.0847852454864,0.0846076908545
135,15,0.0845396995377,0.0844007146895,0.0845119025681,0.0845396995377
135,3.5,0.0845141645588,0.0839483728366,0.0844010062143,0.0845141645588
135,8,0.0844925372055,0.0844037676535,0.0844747832951,0.0844925372055
135,8.5,0.0844925372055,0.0840376566361,0.0844015610916,0.0844925372055
135,16,0.0844630295642,0.0840276989691,0.0843759634452,0.0844630295642
135,3,0.0844207481382,0.0838447482191,0.0843055481544,0.0844207481382
135,12.5,0.0844573186815,0.0843839601208,0.0843986318329,0.0843839601208
135,10.5,0.0843578674522,0.0843528773231,0.0843568694264,0.0843578674522
135,7,0.0842997897546,0.0841373645237,0.0842673047084,0.0842997897546
140,15.5,0.0842962602125,0.0832774364229,0.0840924954546,0.0842962602125
140,5.5,0.0860633879508,0.0842624048159,0.0846226014429,0.0842624048159
135,14,0.0842515878934,0.083587842823,0.0841188388793,0.0842515878934
140,6.5,0.0842429867495,0.0831588368103,0.0840261567617,0.0842429867495
135,6.5,0.0844219516596,0.0842025896877,0.0842464620821,0.0842025896877
135,5.5,0.0841868170815,0.0841868170815,0.0841868170815,0.0841868170815
140,11.5,0.0857687161855,0.0841787836091,0.0844967701244,0.0841787836091
135,2.7,0.0846385944758,0.0841774388437,0.0842696699702,0.0841774388437
140,8.5,0.0849919331467,0.0841243302326,0.0842978508154,0.0841243302326
135,7.5,0.0844007146895,0.0840568689003,0.0841256380581,0.0840568689003
135,10,0.0843946551448,0.0840239577167,0.0840980972023,0.0840239577167
135,13.5,0.0843528773231,0.0839531879239,0.0840331258037,0.0839531879239
135,9.5,0.0843697064176,0.083945579411,0.0840304048123,0.083945579411
135,11.5,0.0844037676535,0.0839444725686,0.0840363315856,0.0839444725686
135,9,0.0843528773231,0.0838698829845,0.0839664818522,0.0838698829845
135,6,0.083856435256,0.0837773305947,0.0838406143237,0.083856435256
135,2.5,0.0851235853899,0.0838459218639,0.0841014545691,0.0838459218639
135,11,0.0843528773231,0.0836433022974,0.0837852173026,0.0836433022974
140,15,0.0852885102421,0.0835787836386,0.0839207289593,0.0835787836386
140,16,0.0835487474822,0.0834997734425,0.0835095682504,0.0834997734425
135,2.3,0.0834811073723,0.0796041631879,0.0827057185354,0.0834811073723
135,15.5,0.0839565213582,0.0834792674329,0.083574718218,0.0834792674329
140,11,0.0849803228084,0.0834681455839,0.0837705810288,0.0834681455839
140,13.5,0.0833769313033,0.0833588170458,0.0833624398973,0.0833588170458
135,2.6,0.0843958923838,0.0833334680639,0.0835459529279,0.0833334680639
130,2.2,0.0832758987279,0.0827260940467,0.0831659377916,0.0832758987279
140,10,0.0835194772266,0.0832702149269,0.0833200673869,0.0832702149269
130,2.1,0.0831161749999,0.0830124363767,0.0830954272752,0.0831161749999
130,1.5,0.0830693499791,0.0830146406099,0.0830255824837,0.0830146406099
135,1.5,0.0830131147385,0.0827893010289,0.0829683519965,0.0830131147385
135,4,0.0829903226118,0.0828451116334,0.0829612804162,0.0829903226118
130,2.4,0.0829006594129,0.0826458440944,0.0828496963492,0.0829006594129
130,2,0.0835453278121,0.0827969860727,0.0829466544205,0.0827969860727
130,2.3,0.083090075812,0.0825435056924,0.0826528197163,0.0825435056924
135,4.5,0.0828809932866,0.0824755366338,0.0825566279643,0.0824755366338
135,5,0.0824617383869,0.0822065411721,0.0824106989439,0.0824617383869
135,2,0.0815917802545,0.08097058844,0.0814675418916,0.0815917802545
135,2.2,0.081383134882,0.0813502439005,0.0813568220968,0.0813502439005
130,14.5,0.0812676441973,0.0807904719568,0.0811722097492,0.0812676441973
135,2.1,0.0812265836197,0.0809097067344,0.0811632082426,0.0812265836197
130,16,0.0812262603292,0.0808145202008,0.0811439123035,0.0812262603292
140,1.1,0.0813552909662,0.0810914886044,0.0811442490767,0.0810914886044
135,1.1,0.0814265524948,0.0810178031349,0.0810995530069,0.0810178031349
130,15.5,0.0809558252858,0.0790349346294,0.0805716471545,0.0809558252858
130,7.5,0.0810293768366,0.0808680622844,0.0809003251948,0.0808680622844
130,13,0.0808488040482,0.0794930742008,0.0805776580787,0.0808488040482
130,2.6,0.0808449665301,0.0807904279535,0.0808340588148,0.0808449665301
130,3,0.0806831886986,0.0806831886986,0.0806831886986,0.0806831886986
130,2.5,0.0807904279535,0.0806562311427,0.0806830705049,0.0806562311427
130,9.5,0.0806509419768,0.0789722168965,0.0803151969607,0.0806509419768
130,2.7,0.0806437509229,0.080511128674,0.0806172264731,0.0806437509229
130,14,0.0804578583462,0.079757344226,0.0803177555222,0.0804578583462
130,11,0.0803695331084,0.0795075790938,0.0801971423054,0.0803695331084
130,4.5,0.0803444317867,0.0789592343338,0.0800673922961,0.0803444317867
130,5,0.0806640854023,0.0802409662107,0.080325590049,0.0802409662107
130,13.5,0.0807009545872,0.0802119135717,0.0803097217748,0.0802119135717
130,9,0.0807406900194,0.080034471498,0.0801757152023,0.080034471498
130,8.5,0.0799987950258,0.0793492571363,0.0798688874479,0.0799987950258
130,3.5,0.0799725802831,0.0793999944155,0.0798580631096,0.0799725802831
130,6.5,0.0799349069425,0.0799148103716,0.0799308876284,0.0799349069425
130,12.5,0.0802032270485,0.0798540868219,0.0799239148672,0.0798540868219
130,7,0.0799830832198,0.0797871688307,0.0798263517085,0.0797871688307
130,11.5,0.0798440217821,0.0797689968352,0.0797840018246,0.0797689968352
130,4,0.0797626433035,0.0797626433035,0.0797626433035,0.0797626433035
130,10.5,0.0809303253403,0.0797501299988,0.0799861690671,0.0797501299988
130,15,0.079999986705,0.0796695715452,0.0797356545771,0.0796695715452
130,8,0.079591000172,0.0792858654162,0.0793468923673,0.0792858654162
130,6,0.0792760025684,0.0791901518913,0.079258832433,0.0792760025684
130,10,0.0816302723754,0.0791771356921,0.0796677630288,0.0791771356921
130,5.5,0.0807477348902,0.0790988421211,0.079428620675,0.0790988421211
130,12,0.0811706724005,0.0790349346294,0.0794620821836,0.0790349346294
130,1.1,0.0794808174259,0.0789577651282,0.0790623755878,0.0789577651282
120,4,0.0780846963082,0.0778602465044,0.0780398063474,0.0780846963082
120,8.5,0.0779494790445,0.0775632316443,0.0778722295644,0.0779494790445
125,9,0.077822911681,0.0757024110458,0.0773988115539,0.077822911681
125,1.5,0.0778011689846,0.0776640092672,0.0777737370411,0.0778011689846
125,9.5,0.0777953552718,0.0760878776961,0.0774538597567,0.0777953552718
120,9,0.0777527153509,0.0771837885732,0.0776389299954,0.0777527153509
120,2.6,0.0777172521555,0.0776756421444,0.0777089301533,0.0777172521555
120,16,0.0775764008766,0.0760682238027,0.0772747654618,0.0775764008766
120,7.5,0.0774901204073,0.077092992134,0.0774106947527,0.0774901204073
120,2.1,0.0774878633542,0.0768535334594,0.0773609973753,0.0774878633542
120,13,0.0774619535529,0.076212104818,0.0772119838059,0.0774619535529
125,2.4,0.0774522820628,0.0767084793458,0.0773035215194,0.0774522820628
120,10,0.0774199034384,0.076697278565,0.0772753784638,0.0774199034384
120,5.5,0.0773772039185,0.0767836906191,0.0772585012586,0.0773772039185
120,2.2,0.0773649508061,0.0770583233751,0.0773036253199,0.0773649508061
120,2.7,0.0778415775264,0.0773225528484,0.077426357784,0.0773225528484
120,1.5,0.0772949016419,0.0772949016419,0.0772949016419,0.0772949016419
120,3.5,0.077270107583,0.0771211652579,0.077240319118,0.077270107583
120,14,0.0770517371748,0.0769532234831,0.0770320344364,0.0770517371748
120,8,0.0770019263173,0.0766514857475,0.0769318382033,0.0770019263173
120,15.5,0.0771290488097,0.0769676763559,0.0769999508467,0.0769676763559
120,14.5,0.0769582916541,0.0767968561639,0.0769260045561,0.0769582916541
120,4.5,0.077598522831,0.076943381545,0.0770744098022,0.076943381545
120,7,0.0771255530442,0.0769285223424,0.0769679284828,0.0769285223424
120,3,0.0774678920013,0.0768997822449,0.0770134041962,0.0768997822449
120,12.5,0.0768988623639,0.0768827325569,0.0768956364025,0.0768988623639
125,4,0.0768830912434,0.07650814294,0.0768081015827,0.0768830912434
125,3,0.0768829255607,0.0765313690955,0.0768126142676,0.0768829255607
120,10.5,0.0777206765765,0.0768609442313,0.0770328907004,0.0768609442313
120,11,0.0768439307017,0.0767670768957,0.0768285599405,0.0768439307017
125,8.5,0.07691309046,0.0768117297211,0.0768320018689,0.0768117297211
125,2.6,0.0768025746635,0.0766213918334,0.0767663380975,0.0768025746635
120,2,0.0768359871826,0.0767950129915,0.0768032078297,0.0767950129915
120,12,0.076784098433,0.0767688390144,0.0767810465493,0.076784098433
125,2.7,0.0767826408653,0.0765271152436,0.076731535741,0.0767826408653
120,15,0.0767670768957,0.0766526849269,0.0767441985019,0.0767670768957
120,13.5,0.077617935134,0.0767660595438,0.0769364346619,0.0767660595438
120,6,0.0771103579422,0.076732349183,0.0768079509348,0.076732349183
125,6,0.0767212407215,0.0763897430896,0.0766549411951,0.0767212407215
125,2.2,0.0772553659072,0.0767044802536,0.0768146573844,0.0767044802536
120,2.3,0.0766977898106,0.0766977898106,0.0766977898106,0.0766977898106
120,2.4,0.0768036222258,0.076679698673,0.0767044833836,0.076679698673
125,15,0.0767727007818,0.0766738226042,0.0766935982397,0.0766738226042
120,9.5,0.0766559189571,0.076556898749,0.0766361149155,0.0766559189571
120,2.5,0.0767562016002,0.0766497924583,0.0766710742867,0.0766497924583
120,6.5,0.0775531248021,0.0766244275279,0.0768101669827,0.0766244275279
125,2,0.0766092078701,0.0765871253172,0.0766047913595,0.0766092078701
125,2.5,0.0766213918334,0.0766054565249,0.0766086435866,0.0766054565249
125,14.5,0.077076893192,0.0765713841224,0.0766724859363,0.0765713841224
125,3.5,0.0765284897483,0.0763496978128,0.0764927313612,0.0765284897483
120,11.5,0.0777287623032,0.0764537958249,0.0767087891205,0.0764537958249
125,7.5,0.076446373538,0.0759857694046,0.0763542527113,0.076446373538
125,2.3,0.0765146972912,0.0763042751805,0.0763463596027,0.0763042751805
125,12,0.0763000217376,0.0756853313702,0.0761770836641,0.0763000217376
125,5.5,0.0762676090965,0.0759857694046,0.0762112411582,0.0762676090965
125,2.1,0.0765153949004,0.0762210522399,0.076279920772,0.0762210522399
125,4.5,0.0765795034833,0.0762109448829,0.076284656603,0.0762109448829
125,13.5,0.0761593021697,0.0758619468027,0.0760998310963,0.0761593021697
125,15.5,0.0761593021697,0.0756853313702,0.0760645080098,0.0761593021697
120,5,0.0771103579422,0.0761289187515,0.0763252065897,0.0761289187515
125,1.1,0.0766471549244,0.0760435019247,0.0761642325246,0.0760435019247
125,7,0.0758844794771,0.0757935549236,0.0758662945664,0.0758844794771
125,13,0.0763551011873,0.0758619468027,0.0759605776796,0.0758619468027
125,10,0.0758619468027,0.0758619468027,0.0758619468027,0.0758619468027
125,11,0.0758619468027,0.0757024110458,0.0758300396513,0.0758619468027
125,14,0.0758087843762,0.0751658087879,0.0756801892585,0.0758087843762
125,5,0.0758844794771,0.0757935549236,0.0758117398343,0.0757935549236
125,6.5,0.0768479026682,0.0757024110458,0.0759315093703,0.0757024110458
125,16,0.0767727007818,0.0756853313702,0.0759028052526,0.0756853313702
125,10.5,0.0764955198838,0.0756853313702,0.0758473690729,0.0756853313702
125,12.5,0.0763380339725,0.0753661929555,0.0755605611589,0.0753661929555
125,8,0.076988170107,0.0753083367833,0.075644303448,0.0753083367833
125,11.5,0.0756853313702,0.0751658087879,0.0752697133043,0.0751658087879
115,2.7,0.0745526685525,0.0742489940625,0.0744919336545,0.0745526685525
115,2,0.0743893073301,0.0739721797189,0.0743058818078,0.0743893073301
115,8.5,0.0742928018647,0.0728872029896,0.0740116820897,0.0742928018647
115,2.5,0.0742995048926,0.0741973752145,0.0742178011501,0.0741973752145
115,3,0.0741627152008,0.0726522337905,0.0738606189187,0.0741627152008
115,2.6,0.0741389154465,0.0739954918955,0.0741102307363,0.0741389154465
115,6,0.0741205998072,0.0729465093355,0.0738857817129,0.0741205998072
115,2.1,0.0741025540551,0.0740940065531,0.0741008445547,0.0741025540551
115,11.5,0.0740841564138,0.0727589346664,0.0738191120643,0.0740841564138
115,2.3,0.0739434440107,0.0738302569022,0.073920806589,0.0739434440107
115,1.5,0.0751137578983,0.0739208980554,0.0741594700239,0.0739208980554
115,6.5,0.0738749810277,0.0734396491048,0.0737879146431,0.0738749810277
115,2.2,0.0745304051616,0.0738645001382,0.0739976811428,0.0738645001382
115,10.5,0.0738224465264,0.0731430247015,0.0736865621614,0.0738224465264
115,2.4,0.0744254181618,0.0738152740968,0.0739373029098,0.0738152740968
115,14,0.0737855434712,0.0730075164663,0.0736299380702,0.0737855434712
115,5.5,0.0737177920801,0.0733497450708,0.0736441826782,0.0737177920801
120,1.1,0.0737126208007,0.0722198283368,0.0734140623079,0.0737126208007
115,4,0.0740116158533,0.0736708141527,0.0737389744928,0.0736708141527
110,7,0.0735175683675,0.0727927079093,0.0733725962758,0.0735175683675
115,5,0.0740938379109,0.0735056034532,0.0736232503448,0.0735056034532
115,9.5,0.0734774501523,0.0733443333788,0.0734508267976,0.0734774501523
115,8,0.0740567313783,0.0734772418427,0.0735931397498,0.0734772418427
115,3.5,0.0739271738654,0.0734198761072,0.0735213356588,0.0734198761072
110,10.5,0.0733490701139,0.0720542942323,0.0730901149376,0.0733490701139
115,4.5,0.0740328062303,0.0733323731688,0.0734724597811,0.0733323731688
115,14.5,0.0733323120083,0.0731938887028,0.0733046273472,0.0733323120083
115,13.5,0.0744763435788,0.0733001392486,0.0735353801147,0.0733001392486
115,12,0.0742928018647,0.0733001392486,0.0734986717718,0.0733001392486
115,9,0.0740019238854,0.0733001392486,0.073440496176,0.0733001392486
115,10,0.0733001392486,0.0728494407666,0.0732099995522,0.0733001392486
110,13,0.0732223114602,0.072758343722,0.0731295179126,0.0732223114602
110,1.5,0.0742219951004,0.0731351587023,0.0733525259819,0.0731351587023
110,12.5,0.0730845059263,0.073063688773,0.0730803424956,0.0730845059263
115,7,0.0731002453989,0.0730721172285,0.0730777428625,0.0730721172285
110,9,0.0730258395261,0.072426338617,0.0729059393443,0.0730258395261
115,16,0.0743595869371,0.0730199426507,0.073287871508,0.0730199426507
110,14.5,0.0730190084668,0.0725778128542,0.0729307693442,0.0730190084668
115,15.5,0.0736687036125,0.0730075164663,0.0731397538955,0.0730075164663
115,11,0.0729953055121,0.0729238497736,0.0729810143644,0.0729953055121
115,13,0.0741619207505,0.0729189547638,0.0731675479611,0.0729189547638
110,6,0.0729015656599,0.0719555758331,0.0727123676945,0.0729015656599
115,12.5,0.0732874499246,0.0728983135239,0.0729761408041,0.0728983135239
115,7.5,0.0733157519699,0.0728797441044,0.0729669456775,0.0728797441044
110,2.4,0.0728467072492,0.0728115619161,0.0728396781826,0.0728467072492
115,15,0.0730018828465,0.0728032928962,0.0728430108863,0.0728032928962
110,2.5,0.0729011729591,0.0728020346084,0.0728218622785,0.0728020346084
110,14,0.0733702045121,0.072800072351,0.0729140987833,0.072800072351
110,8,0.0726098186379,0.071857972158,0.0724594493419,0.0726098186379
110,16,0.0725953523183,0.0723327760373,0.0725428370621,0.0725953523183
110,2.3,0.072563921279,0.0725526829121,0.0725616736056,0.072563921279
110,15,0.0725178830879,0.0720677972857,0.0724278659275,0.0725178830879
110,2.2,0.0726578206463,0.072510414144,0.0725398954444,0.072510414144
110,7.5,0.0724760561245,0.0719828616343,0.0723774172265,0.0724760561245
110,2.6,0.0727066970054,0.0724717800272,0.0725187634229,0.0724717800272
110,2.7,0.0727119143104,0.0724402127134,0.0724945530328,0.0724402127134
110,2.1,0.072699009215,0.0723771456754,0.0724415183833,0.0723771456754
110,15.5,0.0723384527108,0.0719691544027,0.0722645930492,0.0723384527108
110,2,0.0724906893011,0.0723383599479,0.0723688258185,0.0723383599479
110,3.5,0.0722379951879,0.0720139627844,0.0721931887072,0.0722379951879
110,3,0.0723989359554,0.0721968316315,0.0722372524963,0.0721968316315
110,4.5,0.0721021572602,0.0720954339883,0.0720967786427,0.0720954339883
110,8.5,0.0721800000251,0.0720645902184,0.0720876721798,0.0720645902184
110,5,0.0720375781813,0.0719725335422,0.0720245692535,0.0720375781813
110,13.5,0.0721766382466,0.0720252091052,0.0720554949335,0.0720252091052
110,11,0.0723039279165,0.0720140114194,0.0720719947189,0.0720140114194
110,6.5,0.0720952044936,0.0719875612546,0.0720090899024,0.0719875612546
110,12,0.0729538149555,0.0719399646745,0.0721427347307,0.0719399646745
110,10,0.0719331288595,0.0719267052875,0.0719318441451,0.0719331288595
110,5.5,0.0719070929231,0.0717756769462,0.0718808097277,0.0719070929231
110,9.5,0.0722188810697,0.0718320873802,0.0719094461181,0.0718320873802
110,11.5,0.0727463334615,0.0717892421115,0.0719806603815,0.0717892421115
110,4,0.0720878805653,0.0715628276126,0.0716678382032,0.0715628276126
110,1.1,0.0717431890502,0.0714948387033,0.0715445087727,0.0714948387033
105,2,0.0714559957022,0.0709469133206,0.0713541792259,0.0714559957022
105,1.5,0.0714292112613,0.0708933628668,0.0713220415824,0.0714292112613
105,2.4,0.0714220525673,0.0701855360911,0.071174749272,0.0714220525673
105,2.1,0.0712660848157,0.071215627899,0.0712559934324,0.0712660848157
105,2.7,0.0712091561541,0.07111345907,0.0711325984868,0.07111345907
105,4,0.0710738876479,0.0707935748799,0.0710178250943,0.0710738876479
105,6,0.071012435607,0.0706334370087,0.0709366358873,0.071012435607
105,3.5,0.0710021245229,0.0706875913721,0.0709392178927,0.0710021245229
105,2.2,0.0713888646902,0.0709969550359,0.0710753369668,0.0709969550359
105,3,0.070969966527,0.0708758035949,0.0709511339406,0.070969966527
105,4.5,0.0710451000246,0.0709413824157,0.0709621259375,0.0709413824157
105,11.5,0.0708661354288,0.0708421222194,0.0708613327869,0.0708661354288
105,9,0.0708610598878,0.0706878296323,0.0708264138367,0.0708610598878
105,7,0.0708179732035,0.0705984097587,0.0707740605145,0.0708179732035
105,8,0.0708546190589,0.0707962833627,0.0708079505019,0.0707962833627
105,7.5,0.0707962833627,0.0704286648188,0.0707227596539,0.0707962833627
105,5,0.0711247053864,0.0707810762901,0.0708498021093,0.0707810762901
105,12,0.0707801369265,0.0707213465658,0.0707683788544,0.0707801369265
105,6.5,0.0708884550036,0.0707598262797,0.0707855520244,0.0707598262797
105,2.3,0.0714350424177,0.0707322227427,0.0708727866777,0.0707322227427
105,8.5,0.07072855314,0.0705516985871,0.0706931822294,0.07072855314
105,14.5,0.0707311673896,0.0707203190091,0.0707224886852,0.0707203190091
105,9.5,0.0708296544216,0.0706845234485,0.0707135496431,0.0706845234485
105,13.5,0.0707554131685,0.0706794360815,0.0706946314989,0.0706794360815
105,15.5,0.0707213465658,0.0706788626365,0.0706873594223,0.0706788626365
105,2.6,0.0711189400564,0.0706760566713,0.0707646333483,0.0706760566713
105,5.5,0.0709463917043,0.0706714900254,0.0707264703612,0.0706714900254
105,13,0.0707669342606,0.0706665211454,0.0706866037685,0.0706665211454
105,2.5,0.0712415231435,0.0706516931643,0.0707696591602,0.0706516931643
105,15,0.0706479786399,0.0703998430761,0.0705983515272,0.0706479786399
105,16,0.0709050895616,0.0706317538047,0.0706864209561,0.0706317538047
105,10,0.070822609387,0.0705779283323,0.0706268645432,0.0705779283323
105,14,0.0707156064427,0.0705739344829,0.0706022688749,0.0705739344829
105,12.5,0.0705603524697,0.0704648515239,0.0705412522806,0.0705603524697
105,11,0.0706119483828,0.0705381128836,0.0705528799834,0.0705381128836
105,10.5,0.0705632384584,0.0704384617053,0.0704634170559,0.0704384617053
115,1.1,0.0706062364495,0.069760499193,0.0699296466443,0.069760499193
100,14.5,0.0693796803103,0.0689760785169,0.0692989599516,0.0693796803103
100,6,0.0692324914111,0.0691699793681,0.0691824817767,0.0691699793681
100,8.5,0.0690461950279,0.067381295352,0.0687132150927,0.0690461950279
100,7,0.0690287426002,0.0684094185367,0.0689048777875,0.0690287426002
100,14,0.0689707606207,0.0688697532838,0.0689505591533,0.0689707606207
100,13,0.0689303135623,0.0689132262933,0.0689268961085,0.0689303135623
100,10,0.0689340723453,0.0689300809061,0.0689308791939,0.0689300809061
100,11,0.0689066235595,0.0671412341522,0.0685535456781,0.0689066235595
100,9,0.0690226811,0.0688666353383,0.0688978444907,0.0688666353383
100,2.6,0.0688212673026,0.0683643442588,0.0687298826939,0.0688212673026
100,13.5,0.0687977832349,0.0674557697236,0.0685293805326,0.0687977832349
100,10.5,0.0687282263313,0.0684224304939,0.0686670671638,0.0687282263313
100,2.5,0.0687189630788,0.0686157831187,0.0686983270868,0.0687189630788
100,4.5,0.0687039905112,0.0680809965337,0.0685793917157,0.0687039905112
100,16,0.069377087261,0.0686755057116,0.0688158220215,0.0686755057116
105,1.1,0.0688398422062,0.0686334556075,0.0686747329273,0.0686334556075
100,4,0.0686331034054,0.0682072765441,0.0685479380331,0.0686331034054
100,2.3,0.0686327109351,0.0682228105483,0.0685507308578,0.0686327109351
100,5,0.0690555274935,0.0685602984363,0.0686593442478,0.0685602984363
100,3.5,0.0687239127821,0.0685301621501,0.0685689122765,0.0685301621501
100,3,0.0688625077863,0.0684178511059,0.068506782442,0.0684178511059
100,2.2,0.0684238789543,0.0684177467336,0.0684189731777,0.0684177467336
100,2.1,0.0683253863293,0.0680892891349,0.0682781668905,0.0683253863293
100,2.4,0.0686622939928,0.0682810544858,0.0683573023872,0.0682810544858
100,2,0.0682428836259,0.0681702230661,0.0682283515139,0.0682428836259
100,2.7,0.0687248048727,0.0681814576781,0.068290127117,0.0681814576781
100,11.5,0.0683010760866,0.0681446992628,0.0681759746276,0.0681446992628
100,8,0.0687010558835,0.0680882492647,0.0682108105884,0.0680882492647
100,12.5,0.0687282263313,0.0679392510233,0.0680970460849,0.0679392510233
100,6.5,0.0690752498177,0.0679293400112,0.0681585219725,0.0679293400112
100,5.5,0.0678659916082,0.0677393439602,0.0678406620786,0.0678659916082
100,7.5,0.0688538727948,0.0675692495975,0.0678261742369,0.0675692495975
100,1.5,0.0676111485428,0.0675107824067,0.0675308556339,0.0675107824067
100,15.5,0.0680310171838,0.0674332274422,0.0675527853905,0.0674332274422
100,15,0.0689690828101,0.0673956470615,0.0677103342112,0.0673956470615
100,12,0.0686879215397,0.0673464574376,0.0676147502581,0.0673464574376
100,9.5,0.0688051972991,0.0672822538115,0.0675868425091,0.0672822538115
90,5,0.0672528340701,0.0654354230942,0.0668893518749,0.0672528340701
90,10,0.0668703627385,0.0658193759052,0.0666601653718,0.0668703627385
90,5.5,0.066857285819,0.0653052328385,0.0665468752229,0.066857285819
90,3.5,0.0666767755743,0.0666701234914,0.0666754451577,0.0666767755743
90,2.1,0.0666694151937,0.0665622376832,0.0666479796916,0.0666694151937
90,2.7,0.0666566010334,0.0666089830008,0.0666470774268,0.0666566010334
90,2,0.0666456669543,0.0662170821945,0.0665599500023,0.0666456669543
90,2.4,0.0666607329878,0.0666415990638,0.0666454258486,0.0666415990638
90,15,0.0675037965606,0.0666360615699,0.066809608568,0.0666360615699
90,4.5,0.0670378500033,0.0666283995115,0.0667102896098,0.0666283995115
90,2.3,0.0667602773596,0.0666073103207,0.0666379037285,0.0666073103207
90,2.5,0.0665799960884,0.0655140404086,0.0663668049525,0.0665799960884
90,10.5,0.0670016114006,0.0665663485104,0.0666534010885,0.0665663485104
90,4,0.0665409778694,0.0656420775563,0.0663611978068,0.0665409778694
90,2.2,0.0664972461073,0.0656004201843,0.0663178809227,0.0664972461073
90,3,0.0664160120183,0.0653069269385,0.0661941950023,0.0664160120183
90,15.5,0.0662332516041,0.0657843252591,0.0661434663351,0.0662332516041
90,1.5,0.0665284133902,0.0662195394485,0.0662813142368,0.0662195394485
90,8.5,0.0665267974226,0.0661882140061,0.0662559306894,0.0661882140061
100,1.1,0.0661073022455,0.0659696088129,0.0659971474994,0.0659696088129
90,7,0.0658307603824,0.0657047931584,0.0658055669376,0.0658307603824
90,14.5,0.0673345626884,0.0658174932644,0.0661209071492,0.0658174932644
90,13,0.0670901194797,0.0658174932644,0.0660720185074,0.0658174932644
90,14,0.0657850923634,0.0650725240388,0.0656425786985,0.0657850923634
90,12,0.0658065664616,0.0657523786476,0.0657632162104,0.0657523786476
90,6.5,0.0672714213714,0.0657471107587,0.0660519728812,0.0657471107587
90,9,0.0662115713204,0.0657458887225,0.0658390252421,0.0657458887225
90,8,0.0669437355427,0.0657409516225,0.0659815084066,0.0657409516225
90,13.5,0.0658174932644,0.0656975670452,0.065721552289,0.0656975670452
90,12.5,0.0655946926557,0.0653780354705,0.0655513612187,0.0655946926557
90,2.6,0.0667003583653,0.0654847844594,0.0657278992406,0.0654847844594
90,11.5,0.0662197267379,0.0653979095026,0.0655622729497,0.0653979095026
90,7.5,0.0661001734645,0.0653663691389,0.065513130004,0.0653663691389
90,11,0.0655470367367,0.0653391671354,0.0653807410556,0.0653391671354
90,16,0.0657845564225,0.0652781086734,0.0653793982232,0.0652781086734
90,6,0.0657837079118,0.064998540665,0.0651555741143,0.064998540665
90,9.5,0.0657808864857,0.0648237019311,0.065015138842,0.0648237019311
90,1.1,0.063710340101,0.0635989178335,0.0636880556475,0.063710340101
70,10.5,0.0589160768917,0.0583001868003,0.0587928988734,0.0589160768917
70,2.2,0.0587771333474,0.0586248029025,0.0587466672584,0.0587771333474
70,2.1,0.0585044686573,0.0583353675996,0.0584706484457,0.0585044686573
70,6.5,0.0584502287424,0.0581656765885,0.0583933183117,0.0584502287424
70,13,0.0584338833662,0.0584000630541,0.0584271193037,0.0584338833662
70,6,0.0584000630541,0.0583758889668,0.0583952282366,0.0584000630541
70,3,0.0583951367286,0.0583723244497,0.0583905742728,0.0583951367286
70,16,0.0588665726238,0.0583866550346,0.0584826385524,0.0583866550346
70,2.3,0.0587819106849,0.0583842220996,0.0584637598167,0.0583842220996
70,5,0.0583833151195,0.0582700604762,0.0583606641908,0.0583833151195
70,4,0.0583873723023,0.0583621184789,0.0583671692436,0.0583621184789
70,3.5,0.0588673272865,0.058356065922,0.0584583181949,0.058356065922
70,14.5,0.0583375778496,0.0583329882072,0.0583366599211,0.0583375778496
70,12.5,0.0583281071372,0.058253491418,0.0583131839933,0.0583281071372
70,15.5,0.0586883136977,0.05831500754,0.0583896687715,0.05831500754
70,9,0.0583142911884,0.0581909642266,0.058289625796,0.0583142911884
70,15,0.0583142911884,0.0582568562186,0.0583028041944,0.0583142911884
70,7.5,0.058320967798,0.0583095633969,0.0583118442771,0.0583095633969
70,7,0.0583001868003,0.058253491418,0.0582908477238,0.0583001868003
70,12,0.0582999172988,0.0582601806608,0.0582919699712,0.0582999172988
70,10,0.0582884535466,0.0582837899416,0.0582875208256,0.0582884535466
70,13.5,0.0582662861305,0.0582583191012,0.0582646927246,0.0582662861305
70,8.5,0.0582583191012,0.05821618925,0.058249893131,0.0582583191012
70,5.5,0.0583610770222,0.058253491418,0.0582750085388,0.058253491418
70,14,0.0582500562816,0.0582262375414,0.0582452925335,0.0582500562816
70,11,0.058399078271,0.0582450818025,0.0582758810962,0.0582450818025
70,9.5,0.05825486803,0.0582429752135,0.0582453537768,0.0582429752135
70,11.5,0.058344111451,0.0582310631574,0.0582536728161,0.0582310631574
70,8,0.0583281071372,0.0581429629387,0.0581799917784,0.0581429629387
70,2,0.0581314563344,0.0579091510222,0.0580869952719,0.0581314563344
70,2.5,0.0581134508333,0.0580225601782,0.0580952727023,0.0581134508333
70,2.4,0.0583291796419,0.0581030211391,0.0581482528396,0.0581030211391
70,4.5,0.0583383697452,0.0580880984885,0.0581381527399,0.0580880984885
70,2.7,0.0583503849937,0.057967717165,0.0580442507307,0.057967717165
70,2.6,0.0580803914079,0.0579411913861,0.0579690313904,0.0579411913861
70,1.1,0.0575352524934,0.0572775845901,0.0574837189128,0.0575352524934
70,1.5,0.0574083808055,0.057143586057,0.0573554218558,0.0574083808055
